record,year,How often wear bicycle helmet,Ever text while driving in past 30 days,Ever smoked,How old when first smoked,How many days smoked in past 30 days,How many cigarettes/day in past 30 days,Ever been bullied
33989,1991,Did not ride a bicycle,NA,Yes,13 or 14 years old,All 30 days,6 to 10 cigarettes,NA
266419,1997,Never wore a helmet,NA,No,Never smoked a cigarette,0 days,Did not smoke cigarettes,NA
1310917,2013,Never wore a helmet,NA,No,Never smoked a cigarette,0 days,Did not smoke cigarettes,FALSE
400140,2001,Did not ride a bicycle,NA,Yes,17 years old or older,3 to 5 days,1 cigarette,NA
116821,1993,Rarely wore a helmet,NA,Yes,13 or 14 years old,1 or 2 days,Less than 1 cigarette,NA
114638,1993,NA,NA,Yes,8 years old or younger,0 days,Did not smoke cigarettes,NA
635695,2005,Did not ride a bicycle,NA,Yes,9 or 10 years old,6 to 9 days,Less than 1 cigarette,NA
1309038,2013,Never wore a helmet,NA,Yes,11 or 12 years old,All 30 days,11 to 20 cigarettes,TRUE
922368,2009,Sometimes wore a helmet,NA,No,Never smoked a cigarette,0 days,Did not smoke cigarettes,TRUE
323236,1999,Never wore a helmet,NA,No,Never smoked a cigarette,NA,Did not smoke cigarettes,NA
634627,2005,Did not ride a bicycle,NA,Yes,Never smoked a cigarette,0 days,Did not smoke cigarettes,NA
501926,2003,Never wore a helmet,NA,No,Never smoked a cigarette,0 days,Did not smoke cigarettes,NA
630268,2005,Never wore a helmet,NA,Yes,11 or 12 years old,0 days,Did not smoke cigarettes,NA
1304851,2013,Always wore a helmet,I did not drive the past 30 days,No,Never smoked a cigarette,0 days,Did not smoke cigarettes,FALSE
261513,1997,Never wore a helmet,NA,NA,Never smoked a cigarette,NA,NA,NA
40362,1991,Did not ride a bicycle,NA,NA,NA,NA,NA,NA
925677,2009,Never wore a helmet,NA,Yes,Never smoked a cigarette,0 days,Did not smoke cigarettes,FALSE
399625,2001,Sometimes wore a helmet,NA,No,Never smoked a cigarette,0 days,Did not smoke cigarettes,NA
630473,2005,Rarely wore a helmet,NA,Yes,11 or 12 years old,3 to 5 days,2 to 5 cigarettes,NA
635862,2005,Did not ride a bicycle,NA,Yes,13 or 14 years old,0 days,Did not smoke cigarettes,NA
107141,1993,Never wore a helmet,NA,No,Never smoked a cigarette,0 days,Did not smoke cigarettes,NA
499319,2003,Never wore a helmet,NA,Yes,8 years old or younger,All 30 days,6 to 10 cigarettes,NA
1108512,2011,NA,NA,Yes,15 or 16 years old,6 to 9 days,2 to 5 cigarettes,NA
405835,2001,Never wore a helmet,NA,Yes,13 or 14 years old,3 to 5 days,Less than 1 cigarette,NA
120236,1993,Did not ride a bicycle,NA,No,Never smoked a cigarette,0 days,Did not smoke cigarettes,NA
507813,2003,Never wore a helmet,NA,No,Never smoked a cigarette,0 days,Did not smoke cigarettes,NA
180527,1995,Never wore a helmet,NA,Yes,9 or 10 years old,0 days,Did not smoke cigarettes,NA
507722,2003,Never wore a helmet,NA,Yes,Never smoked a cigarette,0 days,Did not smoke cigarettes,NA
1305391,2013,Most of the time wore a helmet,I did not drive the past 30 days,No,Never smoked a cigarette,0 days,Did not smoke cigarettes,FALSE
930852,2009,Most of the time wore a helmet,NA,No,Never smoked a cigarette,0 days,Did not smoke cigarettes,FALSE
1315689,2013,Always wore a helmet,0 days,Yes,15 or 16 years old,0 days,Did not smoke cigarettes,FALSE
335738,1999,Did not ride a bicycle,NA,No,Never smoked a cigarette,0 days,Did not smoke cigarettes,NA
38759,1991,Did not ride a bicycle,NA,Yes,9 or 10 years old,All 30 days,6 to 10 cigarettes,NA
107124,1993,Never wore a helmet,NA,No,Never smoked a cigarette,0 days,Did not smoke cigarettes,NA
39339,1991,Never wore a helmet,NA,Yes,Never smoked a cigarette,0 days,Did not smoke cigarettes,NA
1095298,2011,Rarely wore a helmet,NA,NA,13 or 14 years old,0 days,NA,FALSE
107073,1993,Never wore a helmet,NA,No,Never smoked a cigarette,0 days,Did not smoke cigarettes,NA
506959,2003,Never wore a helmet,NA,Yes,13 or 14 years old,0 days,Did not smoke cigarettes,NA
269191,1997,Did not ride a bicycle,NA,No,Never smoked a cigarette,0 days,Did not smoke cigarettes,NA
502102,2003,NA,NA,Yes,13 or 14 years old,0 days,Did not smoke cigarettes,NA
407078,2001,Never wore a helmet,NA,Yes,15 or 16 years old,1 or 2 days,2 to 5 cigarettes,NA
1312252,2013,Did not ride a bicycle,NA,No,Never smoked a cigarette,0 days,Did not smoke cigarettes,FALSE
35404,1991,Never wore a helmet,NA,Yes,Never smoked a cigarette,0 days,Did not smoke cigarettes,NA
183340,1995,Never wore a helmet,NA,Yes,15 or 16 years old,1 or 2 days,Less than 1 cigarette,NA
634259,2005,Did not ride a bicycle,NA,NA,NA,0 days,Did not smoke cigarettes,NA
926999,2009,Never wore a helmet,NA,No,Never smoked a cigarette,0 days,Did not smoke cigarettes,TRUE
403612,2001,Never wore a helmet,NA,No,Never smoked a cigarette,0 days,Did not smoke cigarettes,NA
37994,1991,Never wore a helmet,NA,Yes,11 or 12 years old,20 to 29 days,2 to 5 cigarettes,NA
327302,1999,Sometimes wore a helmet,NA,No,Never smoked a cigarette,0 days,Did not smoke cigarettes,NA
405187,2001,Did not ride a bicycle,NA,Yes,8 years old or younger,All 30 days,2 to 5 cigarettes,NA
329918,1999,Sometimes wore a helmet,NA,Yes,Never smoked a cigarette,0 days,Did not smoke cigarettes,NA
189575,1995,Never wore a helmet,NA,No,Never smoked a cigarette,0 days,Did not smoke cigarettes,NA
925204,2009,Did not ride a bicycle,NA,No,Never smoked a cigarette,0 days,Did not smoke cigarettes,FALSE
117622,1993,Did not ride a bicycle,NA,No,Never smoked a cigarette,0 days,Did not smoke cigarettes,NA
186087,1995,Did not ride a bicycle,NA,Yes,Never smoked a cigarette,0 days,Did not smoke cigarettes,NA
257445,1997,Rarely wore a helmet,NA,No,Never smoked a cigarette,0 days,Did not smoke cigarettes,NA
768341,2007,Sometimes wore a helmet,NA,Yes,13 or 14 years old,0 days,Did not smoke cigarettes,NA
42045,1991,Did not ride a bicycle,NA,Yes,17 years old or older,0 days,Did not smoke cigarettes,NA
633196,2005,Did not ride a bicycle,NA,Yes,8 years old or younger,0 days,Did not smoke cigarettes,NA
767668,2007,Never wore a helmet,NA,Yes,Never smoked a cigarette,0 days,Did not smoke cigarettes,NA
107829,1993,Never wore a helmet,NA,Yes,11 or 12 years old,0 days,Did not smoke cigarettes,NA
257327,1997,Most of the time wore a helmet,NA,No,Never smoked a cigarette,0 days,Did not smoke cigarettes,NA
120343,1993,Never wore a helmet,NA,No,Never smoked a cigarette,0 days,Did not smoke cigarettes,NA
1104498,2011,Rarely wore a helmet,NA,Yes,11 or 12 years old,NA,NA,TRUE
1316713,2013,Did not ride a bicycle,20 to 29 days,Yes,15 or 16 years old,All 30 days,2 to 5 cigarettes,FALSE
500150,2003,Never wore a helmet,NA,No,Never smoked a cigarette,0 days,Did not smoke cigarettes,NA
117116,1993,Rarely wore a helmet,NA,No,Never smoked a cigarette,0 days,Did not smoke cigarettes,NA
770640,2007,Never wore a helmet,NA,No,Never smoked a cigarette,0 days,Did not smoke cigarettes,NA
399427,2001,Rarely wore a helmet,NA,Yes,15 or 16 years old,1 or 2 days,Less than 1 cigarette,NA
190267,1995,Never wore a helmet,NA,No,Never smoked a cigarette,0 days,Did not smoke cigarettes,NA
120275,1993,Did not ride a bicycle,NA,Yes,Never smoked a cigarette,0 days,Did not smoke cigarettes,NA
511767,2003,Never wore a helmet,NA,No,Never smoked a cigarette,0 days,Did not smoke cigarettes,NA
328963,1999,Never wore a helmet,NA,Yes,13 or 14 years old,0 days,Did not smoke cigarettes,NA
633854,2005,Did not ride a bicycle,NA,Yes,17 years old or older,0 days,Did not smoke cigarettes,NA
1097900,2011,Did not ride a bicycle,NA,Yes,9 or 10 years old,3 to 5 days,2 to 5 cigarettes,FALSE
1095832,2011,Never wore a helmet,NA,Yes,11 or 12 years old,All 30 days,More than 20 cigarettes,FALSE
922666,2009,Never wore a helmet,NA,No,Never smoked a cigarette,0 days,Did not smoke cigarettes,TRUE
1309084,2013,Did not ride a bicycle,I did not drive the past 30 days,No,Never smoked a cigarette,0 days,Did not smoke cigarettes,FALSE
184966,1995,Did not ride a bicycle,NA,Yes,8 years old or younger,0 days,Did not smoke cigarettes,NA
500635,2003,Never wore a helmet,NA,No,Never smoked a cigarette,0 days,Did not smoke cigarettes,NA
118133,1993,Never wore a helmet,NA,No,Never smoked a cigarette,0 days,Did not smoke cigarettes,NA
1105493,2011,Never wore a helmet,NA,No,Never smoked a cigarette,0 days,Did not smoke cigarettes,TRUE
38795,1991,Never wore a helmet,NA,No,Never smoked a cigarette,0 days,Did not smoke cigarettes,NA
184850,1995,Never wore a helmet,NA,Yes,9 or 10 years old,1 or 2 days,1 cigarette,NA
1307075,2013,Rarely wore a helmet,0 days,Yes,Never smoked a cigarette,0 days,Did not smoke cigarettes,TRUE
635331,2005,Most of the time wore a helmet,NA,Yes,Never smoked a cigarette,0 days,Did not smoke cigarettes,NA
408943,2001,Never wore a helmet,NA,Yes,15 or 16 years old,10 to 19 days,2 to 5 cigarettes,NA
331890,1999,Did not ride a bicycle,NA,Yes,11 or 12 years old,3 to 5 days,1 cigarette,NA
329704,1999,Never wore a helmet,NA,Yes,11 or 12 years old,10 to 19 days,2 to 5 cigarettes,NA
762175,2007,Did not ride a bicycle,NA,Yes,Never smoked a cigarette,0 days,Did not smoke cigarettes,NA
499268,2003,Never wore a helmet,NA,NA,NA,NA,NA,NA
637853,2005,Never wore a helmet,NA,Yes,13 or 14 years old,0 days,Did not smoke cigarettes,NA
922697,2009,Rarely wore a helmet,NA,No,Never smoked a cigarette,0 days,Did not smoke cigarettes,FALSE
263302,1997,Never wore a helmet,NA,NA,NA,0 days,Did not smoke cigarettes,NA
122565,1993,Did not ride a bicycle,NA,No,Never smoked a cigarette,0 days,Did not smoke cigarettes,NA
331451,1999,Did not ride a bicycle,NA,Yes,13 or 14 years old,NA,NA,NA
184779,1995,Did not ride a bicycle,NA,Yes,11 or 12 years old,20 to 29 days,2 to 5 cigarettes,NA
629599,2005,Rarely wore a helmet,NA,Yes,13 or 14 years old,NA,NA,NA
507485,2003,Rarely wore a helmet,NA,No,Never smoked a cigarette,0 days,Did not smoke cigarettes,NA
256829,1997,Never wore a helmet,NA,No,Never smoked a cigarette,0 days,Did not smoke cigarettes,NA
935130,2009,Rarely wore a helmet,NA,No,Never smoked a cigarette,0 days,Did not smoke cigarettes,TRUE
400452,2001,Never wore a helmet,NA,Yes,13 or 14 years old,0 days,Did not smoke cigarettes,NA
1313233,2013,Never wore a helmet,0 days,No,Never smoked a cigarette,0 days,Did not smoke cigarettes,TRUE
929797,2009,Never wore a helmet,NA,NA,15 or 16 years old,0 days,Did not smoke cigarettes,FALSE
323916,1999,Never wore a helmet,NA,Yes,13 or 14 years old,0 days,Did not smoke cigarettes,NA
1097251,2011,Never wore a helmet,NA,No,Never smoked a cigarette,0 days,Did not smoke cigarettes,TRUE
638024,2005,Did not ride a bicycle,NA,Yes,15 or 16 years old,6 to 9 days,2 to 5 cigarettes,NA
334235,1999,Did not ride a bicycle,NA,No,Never smoked a cigarette,0 days,Did not smoke cigarettes,NA
1102343,2011,NA,NA,No,Never smoked a cigarette,0 days,Did not smoke cigarettes,FALSE
766646,2007,Never wore a helmet,NA,No,Never smoked a cigarette,0 days,Did not smoke cigarettes,NA
332492,1999,Did not ride a bicycle,NA,No,Never smoked a cigarette,0 days,Did not smoke cigarettes,NA
1095062,2011,NA,NA,NA,Never smoked a cigarette,0 days,Did not smoke cigarettes,FALSE
397903,2001,NA,NA,No,Never smoked a cigarette,0 days,Did not smoke cigarettes,NA
1306542,2013,Never wore a helmet,0 days,No,Never smoked a cigarette,0 days,Did not smoke cigarettes,FALSE
929490,2009,Never wore a helmet,NA,Yes,13 or 14 years old,All 30 days,11 to 20 cigarettes,FALSE
186957,1995,Did not ride a bicycle,NA,No,Never smoked a cigarette,0 days,Did not smoke cigarettes,NA
508099,2003,Did not ride a bicycle,NA,Yes,11 or 12 years old,1 or 2 days,1 cigarette,NA
111320,1993,Never wore a helmet,NA,No,Never smoked a cigarette,0 days,Did not smoke cigarettes,NA
1103903,2011,Never wore a helmet,NA,No,Never smoked a cigarette,0 days,Did not smoke cigarettes,TRUE
1101396,2011,Did not ride a bicycle,NA,No,Never smoked a cigarette,0 days,Did not smoke cigarettes,FALSE
38705,1991,Never wore a helmet,NA,Yes,13 or 14 years old,20 to 29 days,2 to 5 cigarettes,NA
1308022,2013,Never wore a helmet,1 or 2 days,Yes,17 years old or older,1 or 2 days,Less than 1 cigarette,TRUE
40403,1991,Never wore a helmet,NA,Yes,13 or 14 years old,6 to 9 days,2 to 5 cigarettes,NA
1305013,2013,Never wore a helmet,I did not drive the past 30 days,No,Never smoked a cigarette,0 days,Did not smoke cigarettes,FALSE
401793,2001,Did not ride a bicycle,NA,Yes,11 or 12 years old,All 30 days,11 to 20 cigarettes,NA
322243,1999,Never wore a helmet,NA,No,Never smoked a cigarette,0 days,Did not smoke cigarettes,NA
31950,1991,Always wore a helmet,NA,Yes,Never smoked a cigarette,0 days,Did not smoke cigarettes,NA
634470,2005,Did not ride a bicycle,NA,No,Never smoked a cigarette,0 days,Did not smoke cigarettes,NA
503848,2003,Did not ride a bicycle,NA,Yes,Never smoked a cigarette,0 days,Did not smoke cigarettes,NA
408919,2001,Did not ride a bicycle,NA,Yes,Never smoked a cigarette,0 days,Did not smoke cigarettes,NA
761933,2007,Rarely wore a helmet,NA,Yes,8 years old or younger,1 or 2 days,2 to 5 cigarettes,NA
1315044,2013,Never wore a helmet,All 30 days,Yes,15 or 16 years old,0 days,Did not smoke cigarettes,FALSE
113713,1993,Did not ride a bicycle,NA,No,Never smoked a cigarette,0 days,Did not smoke cigarettes,NA
774341,2007,Never wore a helmet,NA,No,Never smoked a cigarette,0 days,Did not smoke cigarettes,NA
763986,2007,Sometimes wore a helmet,NA,No,Never smoked a cigarette,0 days,Did not smoke cigarettes,NA
1315475,2013,Never wore a helmet,0 days,No,Never smoked a cigarette,0 days,Did not smoke cigarettes,FALSE
400148,2001,Never wore a helmet,NA,No,Never smoked a cigarette,0 days,Did not smoke cigarettes,NA
328378,1999,Rarely wore a helmet,NA,Yes,15 or 16 years old,6 to 9 days,2 to 5 cigarettes,NA
263841,1997,Never wore a helmet,NA,Yes,13 or 14 years old,10 to 19 days,1 cigarette,NA
122156,1993,Did not ride a bicycle,NA,Yes,15 or 16 years old,NA,NA,NA
326183,1999,Did not ride a bicycle,NA,Yes,Never smoked a cigarette,0 days,Did not smoke cigarettes,NA
267357,1997,Did not ride a bicycle,NA,No,Never smoked a cigarette,0 days,Did not smoke cigarettes,NA
120447,1993,Never wore a helmet,NA,Yes,Never smoked a cigarette,0 days,Did not smoke cigarettes,NA
931828,2009,Did not ride a bicycle,NA,No,Never smoked a cigarette,0 days,Did not smoke cigarettes,FALSE
180467,1995,Did not ride a bicycle,NA,Yes,11 or 12 years old,0 days,Did not smoke cigarettes,NA
1101506,2011,Never wore a helmet,NA,No,Never smoked a cigarette,0 days,Did not smoke cigarettes,FALSE
502170,2003,Did not ride a bicycle,NA,No,Never smoked a cigarette,0 days,Did not smoke cigarettes,NA
930967,2009,Always wore a helmet,NA,No,Never smoked a cigarette,0 days,Did not smoke cigarettes,TRUE
1314569,2013,Did not ride a bicycle,0 days,NA,Never smoked a cigarette,0 days,NA,FALSE
42140,1991,Never wore a helmet,NA,No,Never smoked a cigarette,0 days,Did not smoke cigarettes,NA
31964,1991,NA,NA,Yes,9 or 10 years old,All 30 days,More than 20 cigarettes,NA
770701,2007,Did not ride a bicycle,NA,Yes,Never smoked a cigarette,0 days,Did not smoke cigarettes,NA
1316981,2013,Never wore a helmet,20 to 29 days,Yes,NA,1 or 2 days,NA,FALSE
1105406,2011,Did not ride a bicycle,NA,Yes,15 or 16 years old,3 to 5 days,2 to 5 cigarettes,TRUE
258356,1997,Never wore a helmet,NA,Yes,8 years old or younger,0 days,Did not smoke cigarettes,NA
32554,1991,Did not ride a bicycle,NA,Yes,13 or 14 years old,3 to 5 days,Less than 1 cigarette,NA
510101,2003,Never wore a helmet,NA,No,Never smoked a cigarette,0 days,Did not smoke cigarettes,NA
186571,1995,Did not ride a bicycle,NA,No,Never smoked a cigarette,0 days,Did not smoke cigarettes,NA
629845,2005,Did not ride a bicycle,NA,No,Never smoked a cigarette,0 days,Did not smoke cigarettes,NA
765209,2007,Rarely wore a helmet,NA,No,NA,0 days,Did not smoke cigarettes,NA
502005,2003,Most of the time wore a helmet,NA,Yes,13 or 14 years old,0 days,Did not smoke cigarettes,NA
640043,2005,Never wore a helmet,NA,Yes,17 years old or older,0 days,Did not smoke cigarettes,NA
120040,1993,Never wore a helmet,NA,Yes,9 or 10 years old,0 days,Did not smoke cigarettes,NA
334587,1999,Did not ride a bicycle,NA,No,Never smoked a cigarette,0 days,Did not smoke cigarettes,NA
767486,2007,Never wore a helmet,NA,Yes,11 or 12 years old,0 days,Did not smoke cigarettes,NA
258330,1997,Never wore a helmet,NA,Yes,15 or 16 years old,20 to 29 days,2 to 5 cigarettes,NA
324368,1999,Never wore a helmet,NA,No,Never smoked a cigarette,0 days,Did not smoke cigarettes,NA
926265,2009,Did not ride a bicycle,NA,Yes,13 or 14 years old,1 or 2 days,2 to 5 cigarettes,TRUE
180977,1995,Never wore a helmet,NA,Yes,9 or 10 years old,0 days,Did not smoke cigarettes,NA
506609,2003,Never wore a helmet,NA,Yes,9 or 10 years old,10 to 19 days,11 to 20 cigarettes,NA
111590,1993,NA,NA,Yes,15 or 16 years old,10 to 19 days,2 to 5 cigarettes,NA
114875,1993,Never wore a helmet,NA,No,Never smoked a cigarette,0 days,Did not smoke cigarettes,NA
928770,2009,Did not ride a bicycle,NA,No,Never smoked a cigarette,0 days,Did not smoke cigarettes,FALSE
123120,1993,Did not ride a bicycle,NA,Yes,8 years old or younger,0 days,Did not smoke cigarettes,NA
398785,2001,Never wore a helmet,NA,Yes,11 or 12 years old,All 30 days,More than 20 cigarettes,NA
330171,1999,Did not ride a bicycle,NA,Yes,13 or 14 years old,0 days,Did not smoke cigarettes,NA
255900,1997,Did not ride a bicycle,NA,Yes,8 years old or younger,NA,NA,NA
405350,2001,Sometimes wore a helmet,NA,Yes,15 or 16 years old,6 to 9 days,1 cigarette,NA
269985,1997,NA,NA,Yes,13 or 14 years old,0 days,Did not smoke cigarettes,NA
638567,2005,Never wore a helmet,NA,Yes,13 or 14 years old,3 to 5 days,1 cigarette,NA
933711,2009,Did not ride a bicycle,NA,No,Never smoked a cigarette,0 days,Did not smoke cigarettes,TRUE
1313204,2013,Did not ride a bicycle,1 or 2 days,NA,NA,0 days,Did not smoke cigarettes,FALSE
760846,2007,Did not ride a bicycle,NA,No,Never smoked a cigarette,0 days,Did not smoke cigarettes,NA
502928,2003,Did not ride a bicycle,NA,Yes,11 or 12 years old,0 days,Did not smoke cigarettes,NA
934048,2009,Did not ride a bicycle,NA,Yes,15 or 16 years old,0 days,Did not smoke cigarettes,FALSE
329161,1999,Did not ride a bicycle,NA,No,Never smoked a cigarette,0 days,Did not smoke cigarettes,NA
1310559,2013,Never wore a helmet,I did not drive the past 30 days,No,Never smoked a cigarette,0 days,Did not smoke cigarettes,FALSE
638482,2005,Did not ride a bicycle,NA,Yes,13 or 14 years old,1 or 2 days,Less than 1 cigarette,NA
406177,2001,Never wore a helmet,NA,Yes,13 or 14 years old,0 days,Did not smoke cigarettes,NA
1307003,2013,Never wore a helmet,All 30 days,Yes,8 years old or younger,All 30 days,More than 20 cigarettes,FALSE
266915,1997,Never wore a helmet,NA,Yes,11 or 12 years old,0 days,Did not smoke cigarettes,NA
1094784,2011,Never wore a helmet,NA,No,Never smoked a cigarette,0 days,Did not smoke cigarettes,TRUE
119837,1993,Always wore a helmet,NA,Yes,15 or 16 years old,0 days,Did not smoke cigarettes,NA
928051,2009,Did not ride a bicycle,NA,No,Never smoked a cigarette,0 days,Did not smoke cigarettes,FALSE
328981,1999,Did not ride a bicycle,NA,No,Never smoked a cigarette,0 days,Did not smoke cigarettes,NA
770253,2007,Did not ride a bicycle,NA,No,Never smoked a cigarette,0 days,Did not smoke cigarettes,NA
1102518,2011,Did not ride a bicycle,NA,No,Never smoked a cigarette,0 days,Did not smoke cigarettes,FALSE
120011,1993,Most of the time wore a helmet,NA,Yes,13 or 14 years old,3 to 5 days,Less than 1 cigarette,NA
402398,2001,Did not ride a bicycle,NA,Yes,Never smoked a cigarette,0 days,Did not smoke cigarettes,NA
109614,1993,Never wore a helmet,NA,Yes,15 or 16 years old,1 or 2 days,2 to 5 cigarettes,NA
271006,1997,Never wore a helmet,NA,No,Never smoked a cigarette,0 days,Did not smoke cigarettes,NA
636368,2005,Never wore a helmet,NA,Yes,13 or 14 years old,0 days,Did not smoke cigarettes,NA
1309264,2013,Never wore a helmet,0 days,No,Never smoked a cigarette,0 days,Did not smoke cigarettes,FALSE
120561,1993,Did not ride a bicycle,NA,NA,NA,NA,NA,NA
1304412,2013,Never wore a helmet,I did not drive the past 30 days,Yes,Never smoked a cigarette,0 days,Did not smoke cigarettes,FALSE
256689,1997,Never wore a helmet,NA,No,Never smoked a cigarette,NA,NA,NA
937495,2009,Did not ride a bicycle,NA,Yes,15 or 16 years old,10 to 19 days,2 to 5 cigarettes,FALSE
763127,2007,Always wore a helmet,NA,No,Never smoked a cigarette,0 days,Did not smoke cigarettes,NA
511208,2003,Did not ride a bicycle,NA,Yes,11 or 12 years old,All 30 days,6 to 10 cigarettes,NA
184881,1995,Did not ride a bicycle,NA,Yes,13 or 14 years old,All 30 days,11 to 20 cigarettes,NA
1099806,2011,Never wore a helmet,NA,No,Never smoked a cigarette,0 days,Did not smoke cigarettes,FALSE
504084,2003,Did not ride a bicycle,NA,No,Never smoked a cigarette,0 days,Did not smoke cigarettes,NA
186523,1995,Always wore a helmet,NA,Yes,13 or 14 years old,0 days,Did not smoke cigarettes,NA
1098018,2011,Never wore a helmet,NA,Yes,15 or 16 years old,0 days,Did not smoke cigarettes,FALSE
500010,2003,Never wore a helmet,NA,No,Never smoked a cigarette,0 days,Did not smoke cigarettes,NA
40322,1991,Never wore a helmet,NA,Yes,13 or 14 years old,NA,NA,NA
928834,2009,Did not ride a bicycle,NA,No,Never smoked a cigarette,0 days,Did not smoke cigarettes,TRUE
406964,2001,Did not ride a bicycle,NA,Yes,13 or 14 years old,0 days,Did not smoke cigarettes,NA
764404,2007,Rarely wore a helmet,NA,No,Never smoked a cigarette,0 days,Did not smoke cigarettes,NA
769739,2007,Did not ride a bicycle,NA,No,Never smoked a cigarette,0 days,Did not smoke cigarettes,NA
334401,1999,Always wore a helmet,NA,No,Never smoked a cigarette,0 days,Did not smoke cigarettes,NA
30745,1991,Rarely wore a helmet,NA,Yes,8 years old or younger,0 days,Did not smoke cigarettes,NA
635317,2005,Did not ride a bicycle,NA,NA,15 or 16 years old,0 days,NA,NA
929168,2009,Did not ride a bicycle,NA,No,Never smoked a cigarette,0 days,Did not smoke cigarettes,FALSE
769692,2007,Always wore a helmet,NA,NA,NA,NA,NA,NA
760675,2007,Never wore a helmet,NA,Yes,Never smoked a cigarette,0 days,Did not smoke cigarettes,NA
628943,2005,Most of the time wore a helmet,NA,Yes,11 or 12 years old,0 days,Did not smoke cigarettes,NA
268034,1997,Most of the time wore a helmet,NA,Yes,13 or 14 years old,0 days,Did not smoke cigarettes,NA
408762,2001,Never wore a helmet,NA,Yes,15 or 16 years old,20 to 29 days,6 to 10 cigarettes,NA
403689,2001,Did not ride a bicycle,NA,Yes,13 or 14 years old,0 days,Did not smoke cigarettes,NA
186609,1995,Rarely wore a helmet,NA,No,Never smoked a cigarette,0 days,Did not smoke cigarettes,NA
38678,1991,Rarely wore a helmet,NA,No,Never smoked a cigarette,0 days,Did not smoke cigarettes,NA
762526,2007,NA,NA,No,Never smoked a cigarette,0 days,Did not smoke cigarettes,NA
407615,2001,Never wore a helmet,NA,Yes,13 or 14 years old,0 days,Did not smoke cigarettes,NA
402499,2001,Rarely wore a helmet,NA,No,Never smoked a cigarette,0 days,Did not smoke cigarettes,NA
407070,2001,Never wore a helmet,NA,Yes,13 or 14 years old,20 to 29 days,2 to 5 cigarettes,NA
331475,1999,Did not ride a bicycle,NA,Yes,15 or 16 years old,0 days,Did not smoke cigarettes,NA
35575,1991,Never wore a helmet,NA,Yes,17 years old or older,All 30 days,11 to 20 cigarettes,NA
334407,1999,Did not ride a bicycle,NA,No,Never smoked a cigarette,0 days,Did not smoke cigarettes,NA
333611,1999,Never wore a helmet,NA,No,Never smoked a cigarette,0 days,Did not smoke cigarettes,NA
1312020,2013,Never wore a helmet,I did not drive the past 30 days,No,Never smoked a cigarette,0 days,Did not smoke cigarettes,TRUE
765592,2007,Did not ride a bicycle,NA,NA,NA,NA,Did not smoke cigarettes,NA
109351,1993,Rarely wore a helmet,NA,No,Never smoked a cigarette,0 days,Did not smoke cigarettes,NA
408623,2001,Did not ride a bicycle,NA,NA,NA,NA,NA,NA
628863,2005,Did not ride a bicycle,NA,No,Never smoked a cigarette,0 days,Did not smoke cigarettes,NA
257425,1997,NA,NA,Yes,13 or 14 years old,1 or 2 days,2 to 5 cigarettes,NA
924426,2009,Always wore a helmet,NA,No,Never smoked a cigarette,0 days,Did not smoke cigarettes,FALSE
506495,2003,Never wore a helmet,NA,NA,NA,0 days,Did not smoke cigarettes,NA
502040,2003,Never wore a helmet,NA,No,Never smoked a cigarette,0 days,Did not smoke cigarettes,NA
189517,1995,Never wore a helmet,NA,Yes,11 or 12 years old,3 to 5 days,1 cigarette,NA
265125,1997,Did not ride a bicycle,NA,No,Never smoked a cigarette,0 days,Did not smoke cigarettes,NA
924987,2009,Never wore a helmet,NA,NA,NA,0 days,Did not smoke cigarettes,FALSE
397717,2001,Rarely wore a helmet,NA,Yes,Never smoked a cigarette,0 days,Did not smoke cigarettes,NA
934588,2009,Never wore a helmet,NA,No,Never smoked a cigarette,0 days,Did not smoke cigarettes,TRUE
760930,2007,Most of the time wore a helmet,NA,No,Never smoked a cigarette,0 days,Did not smoke cigarettes,NA
401785,2001,Never wore a helmet,NA,No,Never smoked a cigarette,0 days,Did not smoke cigarettes,NA
259207,1997,Rarely wore a helmet,NA,No,Never smoked a cigarette,0 days,Did not smoke cigarettes,NA
1105842,2011,Did not ride a bicycle,NA,No,Never smoked a cigarette,0 days,Did not smoke cigarettes,TRUE
183500,1995,Never wore a helmet,NA,Yes,13 or 14 years old,3 to 5 days,Less than 1 cigarette,NA
116222,1993,Did not ride a bicycle,NA,Yes,9 or 10 years old,6 to 9 days,1 cigarette,NA
399762,2001,Most of the time wore a helmet,NA,Yes,8 years old or younger,1 or 2 days,2 to 5 cigarettes,NA
771910,2007,NA,NA,No,Never smoked a cigarette,0 days,Did not smoke cigarettes,NA
1305911,2013,Never wore a helmet,3 to 5 days,No,Never smoked a cigarette,0 days,Did not smoke cigarettes,FALSE
631748,2005,Did not ride a bicycle,NA,Yes,Never smoked a cigarette,0 days,Did not smoke cigarettes,NA
629741,2005,Did not ride a bicycle,NA,No,Never smoked a cigarette,0 days,Did not smoke cigarettes,NA
769014,2007,Rarely wore a helmet,NA,Yes,13 or 14 years old,3 to 5 days,1 cigarette,NA
400173,2001,Did not ride a bicycle,NA,Yes,11 or 12 years old,0 days,Did not smoke cigarettes,NA
633925,2005,Never wore a helmet,NA,Yes,11 or 12 years old,0 days,Did not smoke cigarettes,NA
37419,1991,Never wore a helmet,NA,No,Never smoked a cigarette,0 days,Did not smoke cigarettes,NA
334949,1999,Never wore a helmet,NA,Yes,Never smoked a cigarette,0 days,Did not smoke cigarettes,NA
118304,1993,Most of the time wore a helmet,NA,No,Never smoked a cigarette,0 days,Did not smoke cigarettes,NA
330531,1999,Did not ride a bicycle,NA,No,Never smoked a cigarette,0 days,Did not smoke cigarettes,NA
184901,1995,Never wore a helmet,NA,Yes,15 or 16 years old,0 days,Did not smoke cigarettes,NA
924805,2009,Always wore a helmet,NA,No,Never smoked a cigarette,0 days,Did not smoke cigarettes,FALSE
406376,2001,Always wore a helmet,NA,No,Never smoked a cigarette,0 days,Did not smoke cigarettes,NA
334058,1999,Rarely wore a helmet,NA,Yes,13 or 14 years old,20 to 29 days,11 to 20 cigarettes,NA
1105141,2011,Never wore a helmet,NA,Yes,15 or 16 years old,1 or 2 days,Less than 1 cigarette,FALSE
511931,2003,Rarely wore a helmet,NA,No,Never smoked a cigarette,0 days,Did not smoke cigarettes,NA
112646,1993,Did not ride a bicycle,NA,Yes,11 or 12 years old,1 or 2 days,1 cigarette,NA
334254,1999,NA,NA,Yes,13 or 14 years old,0 days,Did not smoke cigarettes,NA
1306945,2013,Rarely wore a helmet,I did not drive the past 30 days,No,Never smoked a cigarette,0 days,Did not smoke cigarettes,FALSE
1316553,2013,NA,I did not drive the past 30 days,Yes,13 or 14 years old,All 30 days,2 to 5 cigarettes,FALSE
182234,1995,Did not ride a bicycle,NA,Yes,Never smoked a cigarette,0 days,Did not smoke cigarettes,NA
403472,2001,Rarely wore a helmet,NA,Yes,13 or 14 years old,0 days,Did not smoke cigarettes,NA
767049,2007,Did not ride a bicycle,NA,Yes,17 years old or older,1 or 2 days,2 to 5 cigarettes,NA
629712,2005,Did not ride a bicycle,NA,No,Never smoked a cigarette,0 days,Did not smoke cigarettes,NA
761457,2007,Always wore a helmet,NA,No,Never smoked a cigarette,0 days,Did not smoke cigarettes,NA
1103639,2011,Did not ride a bicycle,NA,Yes,8 years old or younger,0 days,Did not smoke cigarettes,FALSE
929429,2009,Did not ride a bicycle,NA,No,Never smoked a cigarette,0 days,Did not smoke cigarettes,FALSE
764118,2007,Did not ride a bicycle,NA,No,Never smoked a cigarette,0 days,Did not smoke cigarettes,NA
41974,1991,Never wore a helmet,NA,Yes,15 or 16 years old,10 to 19 days,1 cigarette,NA
1108570,2011,Always wore a helmet,NA,No,Never smoked a cigarette,0 days,Did not smoke cigarettes,FALSE
636139,2005,Never wore a helmet,NA,Yes,13 or 14 years old,NA,NA,NA
259533,1997,Sometimes wore a helmet,NA,Yes,9 or 10 years old,All 30 days,2 to 5 cigarettes,NA
935539,2009,Did not ride a bicycle,NA,Yes,13 or 14 years old,0 days,Did not smoke cigarettes,FALSE
268876,1997,Never wore a helmet,NA,No,Never smoked a cigarette,0 days,Did not smoke cigarettes,NA
504287,2003,Did not ride a bicycle,NA,Yes,13 or 14 years old,All 30 days,6 to 10 cigarettes,NA
396214,2001,Did not ride a bicycle,NA,Yes,NA,0 days,Did not smoke cigarettes,NA
500140,2003,Rarely wore a helmet,NA,No,Never smoked a cigarette,0 days,Did not smoke cigarettes,NA
116271,1993,Never wore a helmet,NA,No,Never smoked a cigarette,0 days,Did not smoke cigarettes,NA
1314467,2013,Did not ride a bicycle,I did not drive the past 30 days,No,Never smoked a cigarette,0 days,Did not smoke cigarettes,FALSE
922448,2009,Never wore a helmet,NA,No,Never smoked a cigarette,0 days,Did not smoke cigarettes,TRUE
509120,2003,Most of the time wore a helmet,NA,No,Never smoked a cigarette,0 days,Did not smoke cigarettes,NA
266068,1997,NA,NA,Yes,11 or 12 years old,20 to 29 days,11 to 20 cigarettes,NA
632328,2005,Never wore a helmet,NA,NA,11 or 12 years old,20 to 29 days,NA,NA
1316431,2013,Rarely wore a helmet,All 30 days,Yes,15 or 16 years old,NA,NA,FALSE
633491,2005,Never wore a helmet,NA,Yes,9 or 10 years old,NA,NA,NA
399811,2001,Never wore a helmet,NA,No,Never smoked a cigarette,0 days,Did not smoke cigarettes,NA
1305758,2013,Did not ride a bicycle,0 days,No,Never smoked a cigarette,0 days,Did not smoke cigarettes,FALSE
929824,2009,Did not ride a bicycle,NA,No,Never smoked a cigarette,0 days,Did not smoke cigarettes,TRUE
1105197,2011,Never wore a helmet,NA,Yes,11 or 12 years old,0 days,Did not smoke cigarettes,FALSE
404150,2001,Never wore a helmet,NA,No,Never smoked a cigarette,0 days,Did not smoke cigarettes,NA
398683,2001,Never wore a helmet,NA,Yes,15 or 16 years old,20 to 29 days,2 to 5 cigarettes,NA
39640,1991,Never wore a helmet,NA,Yes,11 or 12 years old,0 days,Did not smoke cigarettes,NA
407401,2001,Did not ride a bicycle,NA,Yes,15 or 16 years old,0 days,Did not smoke cigarettes,NA
262292,1997,Never wore a helmet,NA,Yes,11 or 12 years old,All 30 days,11 to 20 cigarettes,NA
408814,2001,Did not ride a bicycle,NA,Yes,17 years old or older,All 30 days,2 to 5 cigarettes,NA
258365,1997,Sometimes wore a helmet,NA,No,Never smoked a cigarette,0 days,Did not smoke cigarettes,NA
933054,2009,Never wore a helmet,NA,No,Never smoked a cigarette,0 days,Did not smoke cigarettes,FALSE
769098,2007,Did not ride a bicycle,NA,Yes,11 or 12 years old,0 days,Did not smoke cigarettes,NA
635122,2005,Did not ride a bicycle,NA,NA,NA,NA,NA,NA
932006,2009,Did not ride a bicycle,NA,No,Never smoked a cigarette,0 days,Did not smoke cigarettes,FALSE
767048,2007,Never wore a helmet,NA,Yes,13 or 14 years old,1 or 2 days,Less than 1 cigarette,NA
1094791,2011,Never wore a helmet,NA,Yes,Never smoked a cigarette,0 days,Did not smoke cigarettes,TRUE
501981,2003,Never wore a helmet,NA,No,Never smoked a cigarette,0 days,Did not smoke cigarettes,NA
764347,2007,Sometimes wore a helmet,NA,No,Never smoked a cigarette,0 days,Did not smoke cigarettes,NA
1095848,2011,Never wore a helmet,NA,Yes,13 or 14 years old,20 to 29 days,2 to 5 cigarettes,TRUE
107863,1993,Never wore a helmet,NA,Yes,8 years old or younger,All 30 days,6 to 10 cigarettes,NA
1303798,2013,Never wore a helmet,I did not drive the past 30 days,Yes,Never smoked a cigarette,0 days,Did not smoke cigarettes,FALSE
182654,1995,Did not ride a bicycle,NA,Yes,9 or 10 years old,All 30 days,More than 20 cigarettes,NA
190524,1995,NA,NA,Yes,17 years old or older,1 or 2 days,Less than 1 cigarette,NA
641057,2005,Never wore a helmet,NA,No,Never smoked a cigarette,0 days,Did not smoke cigarettes,NA
122897,1993,Never wore a helmet,NA,NA,NA,0 days,Did not smoke cigarettes,NA
1104516,2011,NA,NA,No,Never smoked a cigarette,0 days,Did not smoke cigarettes,NA
40155,1991,Never wore a helmet,NA,No,Never smoked a cigarette,0 days,Did not smoke cigarettes,NA
931987,2009,Never wore a helmet,NA,Yes,Never smoked a cigarette,0 days,Did not smoke cigarettes,FALSE
500988,2003,Did not ride a bicycle,NA,Yes,13 or 14 years old,0 days,Did not smoke cigarettes,NA
641872,2005,Never wore a helmet,NA,No,Never smoked a cigarette,0 days,Did not smoke cigarettes,NA
928954,2009,Never wore a helmet,NA,Yes,11 or 12 years old,0 days,Did not smoke cigarettes,FALSE
401219,2001,Never wore a helmet,NA,No,Never smoked a cigarette,0 days,Did not smoke cigarettes,NA
37540,1991,Never wore a helmet,NA,Yes,9 or 10 years old,0 days,Did not smoke cigarettes,NA
926528,2009,NA,NA,No,Never smoked a cigarette,0 days,Did not smoke cigarettes,NA
400545,2001,Did not ride a bicycle,NA,No,Never smoked a cigarette,0 days,Did not smoke cigarettes,NA
182230,1995,Never wore a helmet,NA,Yes,11 or 12 years old,1 or 2 days,2 to 5 cigarettes,NA
637677,2005,Rarely wore a helmet,NA,NA,Never smoked a cigarette,0 days,NA,NA
927135,2009,Never wore a helmet,NA,No,Never smoked a cigarette,0 days,Did not smoke cigarettes,FALSE
36103,1991,Never wore a helmet,NA,NA,NA,NA,NA,NA
768155,2007,NA,NA,No,Never smoked a cigarette,0 days,Did not smoke cigarettes,NA
509747,2003,Did not ride a bicycle,NA,No,Never smoked a cigarette,0 days,Did not smoke cigarettes,NA
405224,2001,Did not ride a bicycle,NA,Yes,15 or 16 years old,0 days,Did not smoke cigarettes,NA
185838,1995,Never wore a helmet,NA,No,NA,0 days,Did not smoke cigarettes,NA
769986,2007,Never wore a helmet,NA,Yes,8 years old or younger,0 days,Did not smoke cigarettes,NA
118753,1993,Did not ride a bicycle,NA,No,Never smoked a cigarette,0 days,Did not smoke cigarettes,NA
264616,1997,Never wore a helmet,NA,No,Never smoked a cigarette,0 days,Did not smoke cigarettes,NA
1313680,2013,Never wore a helmet,I did not drive the past 30 days,Yes,Never smoked a cigarette,0 days,Did not smoke cigarettes,FALSE
1108919,2011,Sometimes wore a helmet,NA,No,Never smoked a cigarette,0 days,Did not smoke cigarettes,FALSE
931608,2009,Did not ride a bicycle,NA,No,Never smoked a cigarette,0 days,Did not smoke cigarettes,FALSE
187092,1995,Did not ride a bicycle,NA,No,Never smoked a cigarette,0 days,Did not smoke cigarettes,NA
38202,1991,Never wore a helmet,NA,No,Never smoked a cigarette,0 days,Did not smoke cigarettes,NA
185913,1995,Did not ride a bicycle,NA,Yes,11 or 12 years old,All 30 days,6 to 10 cigarettes,NA
32308,1991,Never wore a helmet,NA,Yes,13 or 14 years old,6 to 9 days,2 to 5 cigarettes,NA
633544,2005,Did not ride a bicycle,NA,Yes,9 or 10 years old,3 to 5 days,Less than 1 cigarette,NA
634322,2005,Did not ride a bicycle,NA,Yes,15 or 16 years old,10 to 19 days,2 to 5 cigarettes,NA
329139,1999,Never wore a helmet,NA,Yes,13 or 14 years old,NA,NA,NA
501811,2003,Always wore a helmet,NA,No,Never smoked a cigarette,0 days,Did not smoke cigarettes,NA
764682,2007,Did not ride a bicycle,NA,Yes,15 or 16 years old,0 days,Did not smoke cigarettes,NA
630947,2005,Never wore a helmet,NA,No,Never smoked a cigarette,0 days,Did not smoke cigarettes,NA
329999,1999,Did not ride a bicycle,NA,Yes,11 or 12 years old,0 days,Did not smoke cigarettes,NA
189460,1995,Did not ride a bicycle,NA,Yes,13 or 14 years old,10 to 19 days,6 to 10 cigarettes,NA
324466,1999,Did not ride a bicycle,NA,Yes,Never smoked a cigarette,0 days,Did not smoke cigarettes,NA
1306906,2013,Sometimes wore a helmet,0 days,Yes,13 or 14 years old,1 or 2 days,1 cigarette,FALSE
404642,2001,Rarely wore a helmet,NA,Yes,Never smoked a cigarette,0 days,Did not smoke cigarettes,NA
1107867,2011,Sometimes wore a helmet,NA,No,Never smoked a cigarette,0 days,Did not smoke cigarettes,FALSE
499897,2003,Sometimes wore a helmet,NA,Yes,11 or 12 years old,0 days,Did not smoke cigarettes,NA
184934,1995,Never wore a helmet,NA,Yes,9 or 10 years old,0 days,Did not smoke cigarettes,NA
328779,1999,Sometimes wore a helmet,NA,Yes,11 or 12 years old,0 days,Did not smoke cigarettes,NA
766401,2007,Did not ride a bicycle,NA,No,Never smoked a cigarette,0 days,Did not smoke cigarettes,NA
768467,2007,Never wore a helmet,NA,No,Never smoked a cigarette,0 days,Did not smoke cigarettes,NA
403118,2001,Did not ride a bicycle,NA,Yes,9 or 10 years old,All 30 days,11 to 20 cigarettes,NA
1098641,2011,Never wore a helmet,NA,No,Never smoked a cigarette,0 days,NA,FALSE
925823,2009,Did not ride a bicycle,NA,No,Never smoked a cigarette,0 days,Did not smoke cigarettes,FALSE
1106982,2011,Did not ride a bicycle,NA,No,Never smoked a cigarette,0 days,Did not smoke cigarettes,FALSE
31982,1991,Did not ride a bicycle,NA,Yes,11 or 12 years old,1 or 2 days,1 cigarette,NA
514203,2003,Never wore a helmet,NA,No,Never smoked a cigarette,0 days,Did not smoke cigarettes,NA
39040,1991,Did not ride a bicycle,NA,No,Never smoked a cigarette,0 days,Did not smoke cigarettes,NA
634159,2005,Never wore a helmet,NA,Yes,8 years old or younger,0 days,Did not smoke cigarettes,NA
407504,2001,Did not ride a bicycle,NA,Yes,11 or 12 years old,0 days,Did not smoke cigarettes,NA
189092,1995,Sometimes wore a helmet,NA,No,Never smoked a cigarette,0 days,Did not smoke cigarettes,NA
263879,1997,Did not ride a bicycle,NA,Yes,11 or 12 years old,0 days,Did not smoke cigarettes,NA
186452,1995,Never wore a helmet,NA,No,Never smoked a cigarette,0 days,Did not smoke cigarettes,NA
37557,1991,Did not ride a bicycle,NA,Yes,Never smoked a cigarette,0 days,Did not smoke cigarettes,NA
39397,1991,NA,NA,Yes,11 or 12 years old,0 days,Did not smoke cigarettes,NA
37401,1991,Never wore a helmet,NA,No,Never smoked a cigarette,0 days,Did not smoke cigarettes,NA
641842,2005,Did not ride a bicycle,NA,No,Never smoked a cigarette,0 days,Did not smoke cigarettes,NA
933041,2009,Did not ride a bicycle,NA,No,Never smoked a cigarette,0 days,Did not smoke cigarettes,TRUE
640134,2005,Did not ride a bicycle,NA,Yes,11 or 12 years old,6 to 9 days,2 to 5 cigarettes,NA
325759,1999,Never wore a helmet,NA,Yes,17 years old or older,10 to 19 days,Less than 1 cigarette,NA
30792,1991,Never wore a helmet,NA,No,Never smoked a cigarette,0 days,Did not smoke cigarettes,NA
396875,2001,Never wore a helmet,NA,No,Never smoked a cigarette,0 days,Did not smoke cigarettes,NA
1101905,2011,Always wore a helmet,NA,NA,13 or 14 years old,6 to 9 days,NA,FALSE
116829,1993,Rarely wore a helmet,NA,No,Never smoked a cigarette,0 days,Did not smoke cigarettes,NA
336716,1999,Did not ride a bicycle,NA,Yes,9 or 10 years old,0 days,Did not smoke cigarettes,NA
266475,1997,Did not ride a bicycle,NA,Yes,9 or 10 years old,All 30 days,6 to 10 cigarettes,NA
767591,2007,Did not ride a bicycle,NA,Yes,13 or 14 years old,NA,NA,NA
761627,2007,Did not ride a bicycle,NA,No,Never smoked a cigarette,0 days,Did not smoke cigarettes,NA
108866,1993,NA,NA,Yes,8 years old or younger,0 days,Did not smoke cigarettes,NA
933611,2009,Never wore a helmet,NA,No,Never smoked a cigarette,0 days,Did not smoke cigarettes,TRUE
770562,2007,Never wore a helmet,NA,Yes,15 or 16 years old,0 days,Did not smoke cigarettes,NA
762992,2007,Did not ride a bicycle,NA,No,Never smoked a cigarette,0 days,Did not smoke cigarettes,NA
764186,2007,Always wore a helmet,NA,No,Never smoked a cigarette,0 days,Did not smoke cigarettes,NA
116695,1993,Did not ride a bicycle,NA,No,Never smoked a cigarette,0 days,Did not smoke cigarettes,NA
122118,1993,Did not ride a bicycle,NA,No,Never smoked a cigarette,0 days,Did not smoke cigarettes,NA
635732,2005,Never wore a helmet,NA,No,Never smoked a cigarette,0 days,Did not smoke cigarettes,NA
335653,1999,Never wore a helmet,NA,Yes,15 or 16 years old,0 days,Did not smoke cigarettes,NA
120223,1993,Did not ride a bicycle,NA,Yes,9 or 10 years old,All 30 days,11 to 20 cigarettes,NA
30642,1991,NA,NA,No,Never smoked a cigarette,0 days,Did not smoke cigarettes,NA
929272,2009,Never wore a helmet,NA,No,Never smoked a cigarette,0 days,Did not smoke cigarettes,FALSE
502438,2003,Did not ride a bicycle,NA,Yes,11 or 12 years old,10 to 19 days,Less than 1 cigarette,NA
932908,2009,NA,NA,Yes,9 or 10 years old,0 days,Did not smoke cigarettes,NA
1099401,2011,Never wore a helmet,NA,Yes,15 or 16 years old,0 days,Did not smoke cigarettes,FALSE
409081,2001,Never wore a helmet,NA,Yes,15 or 16 years old,0 days,Did not smoke cigarettes,NA
932027,2009,Never wore a helmet,NA,No,Never smoked a cigarette,0 days,Did not smoke cigarettes,TRUE
634242,2005,Never wore a helmet,NA,Yes,8 years old or younger,20 to 29 days,6 to 10 cigarettes,NA
1100406,2011,Never wore a helmet,NA,Yes,13 or 14 years old,10 to 19 days,2 to 5 cigarettes,TRUE
1314551,2013,Never wore a helmet,20 to 29 days,Yes,15 or 16 years old,0 days,Did not smoke cigarettes,FALSE
1102590,2011,Never wore a helmet,NA,Yes,13 or 14 years old,0 days,Did not smoke cigarettes,TRUE
512173,2003,Did not ride a bicycle,NA,Yes,13 or 14 years old,0 days,Did not smoke cigarettes,NA
323319,1999,Did not ride a bicycle,NA,Yes,13 or 14 years old,0 days,Did not smoke cigarettes,NA
762468,2007,Did not ride a bicycle,NA,No,Never smoked a cigarette,0 days,Did not smoke cigarettes,NA
113183,1993,NA,NA,Yes,9 or 10 years old,All 30 days,2 to 5 cigarettes,NA
930897,2009,Did not ride a bicycle,NA,No,Never smoked a cigarette,0 days,Did not smoke cigarettes,FALSE
634991,2005,Never wore a helmet,NA,Yes,11 or 12 years old,NA,NA,NA
935654,2009,Did not ride a bicycle,NA,Yes,13 or 14 years old,1 or 2 days,Less than 1 cigarette,TRUE
266992,1997,Never wore a helmet,NA,No,Never smoked a cigarette,0 days,Did not smoke cigarettes,NA
924711,2009,Never wore a helmet,NA,No,Never smoked a cigarette,0 days,Did not smoke cigarettes,NA
923446,2009,Never wore a helmet,NA,Yes,15 or 16 years old,3 to 5 days,1 cigarette,FALSE
186604,1995,Never wore a helmet,NA,Yes,13 or 14 years old,20 to 29 days,2 to 5 cigarettes,NA
36056,1991,Never wore a helmet,NA,Yes,17 years old or older,NA,NA,NA
256392,1997,Never wore a helmet,NA,No,Never smoked a cigarette,0 days,Did not smoke cigarettes,NA
190217,1995,Did not ride a bicycle,NA,No,Never smoked a cigarette,0 days,Did not smoke cigarettes,NA
258932,1997,Did not ride a bicycle,NA,Yes,9 or 10 years old,3 to 5 days,1 cigarette,NA
937616,2009,Never wore a helmet,NA,Yes,Never smoked a cigarette,0 days,Did not smoke cigarettes,FALSE
769788,2007,Rarely wore a helmet,NA,No,Never smoked a cigarette,0 days,Did not smoke cigarettes,NA
323765,1999,Never wore a helmet,NA,Yes,13 or 14 years old,0 days,Did not smoke cigarettes,NA
400103,2001,Never wore a helmet,NA,No,Never smoked a cigarette,0 days,Did not smoke cigarettes,NA
407540,2001,Rarely wore a helmet,NA,Yes,Never smoked a cigarette,0 days,Did not smoke cigarettes,NA
111174,1993,Rarely wore a helmet,NA,No,Never smoked a cigarette,0 days,Did not smoke cigarettes,NA
1306887,2013,Never wore a helmet,0 days,No,Never smoked a cigarette,0 days,Did not smoke cigarettes,FALSE
403496,2001,Sometimes wore a helmet,NA,Yes,11 or 12 years old,0 days,Did not smoke cigarettes,NA
258142,1997,Never wore a helmet,NA,Yes,13 or 14 years old,0 days,Did not smoke cigarettes,NA
631396,2005,Rarely wore a helmet,NA,Yes,11 or 12 years old,10 to 19 days,2 to 5 cigarettes,NA
1098472,2011,Did not ride a bicycle,NA,NA,Never smoked a cigarette,0 days,NA,TRUE
929743,2009,Did not ride a bicycle,NA,Yes,Never smoked a cigarette,0 days,Did not smoke cigarettes,FALSE
925374,2009,Never wore a helmet,NA,Yes,13 or 14 years old,3 to 5 days,2 to 5 cigarettes,NA
1308936,2013,Never wore a helmet,3 to 5 days,Yes,8 years old or younger,0 days,Did not smoke cigarettes,FALSE
398186,2001,Never wore a helmet,NA,No,Never smoked a cigarette,0 days,Did not smoke cigarettes,NA
184672,1995,Never wore a helmet,NA,No,Never smoked a cigarette,0 days,Did not smoke cigarettes,NA
405668,2001,Never wore a helmet,NA,No,Never smoked a cigarette,0 days,Did not smoke cigarettes,NA
629113,2005,Rarely wore a helmet,NA,No,Never smoked a cigarette,0 days,Did not smoke cigarettes,NA
118351,1993,Never wore a helmet,NA,No,Never smoked a cigarette,0 days,Did not smoke cigarettes,NA
503773,2003,Did not ride a bicycle,NA,No,Never smoked a cigarette,0 days,Did not smoke cigarettes,NA
399765,2001,Most of the time wore a helmet,NA,No,Never smoked a cigarette,0 days,Did not smoke cigarettes,NA
403892,2001,Rarely wore a helmet,NA,No,Never smoked a cigarette,0 days,Did not smoke cigarettes,NA
113238,1993,Never wore a helmet,NA,Yes,15 or 16 years old,0 days,Did not smoke cigarettes,NA
267222,1997,Did not ride a bicycle,NA,No,Never smoked a cigarette,0 days,Did not smoke cigarettes,NA
400306,2001,Did not ride a bicycle,NA,No,Never smoked a cigarette,0 days,Did not smoke cigarettes,NA
506976,2003,Did not ride a bicycle,NA,Yes,11 or 12 years old,1 or 2 days,Less than 1 cigarette,NA
403823,2001,Did not ride a bicycle,NA,Yes,11 or 12 years old,10 to 19 days,2 to 5 cigarettes,NA
630357,2005,Never wore a helmet,NA,NA,NA,NA,NA,NA
1106167,2011,Never wore a helmet,NA,NA,13 or 14 years old,10 to 19 days,NA,FALSE
407478,2001,Never wore a helmet,NA,Yes,Never smoked a cigarette,0 days,Did not smoke cigarettes,NA
32423,1991,Never wore a helmet,NA,Yes,Never smoked a cigarette,0 days,Did not smoke cigarettes,NA
41839,1991,Did not ride a bicycle,NA,Yes,13 or 14 years old,1 or 2 days,Less than 1 cigarette,NA
334230,1999,Did not ride a bicycle,NA,Yes,15 or 16 years old,All 30 days,6 to 10 cigarettes,NA
119251,1993,Never wore a helmet,NA,NA,NA,0 days,Did not smoke cigarettes,NA
633148,2005,Did not ride a bicycle,NA,No,Never smoked a cigarette,0 days,Did not smoke cigarettes,NA
928405,2009,Never wore a helmet,NA,Yes,9 or 10 years old,NA,NA,FALSE
118635,1993,Did not ride a bicycle,NA,No,Never smoked a cigarette,0 days,Did not smoke cigarettes,NA
1313740,2013,Always wore a helmet,0 days,No,Never smoked a cigarette,0 days,Did not smoke cigarettes,FALSE
188191,1995,Never wore a helmet,NA,Yes,11 or 12 years old,1 or 2 days,1 cigarette,NA
630972,2005,Did not ride a bicycle,NA,Yes,13 or 14 years old,3 to 5 days,2 to 5 cigarettes,NA
636948,2005,Did not ride a bicycle,NA,Yes,Never smoked a cigarette,0 days,Did not smoke cigarettes,NA
629672,2005,Rarely wore a helmet,NA,No,Never smoked a cigarette,0 days,Did not smoke cigarettes,NA
188479,1995,Never wore a helmet,NA,Yes,15 or 16 years old,0 days,Did not smoke cigarettes,NA
186074,1995,Never wore a helmet,NA,No,Never smoked a cigarette,0 days,Did not smoke cigarettes,NA
505896,2003,Never wore a helmet,NA,No,Never smoked a cigarette,0 days,Did not smoke cigarettes,NA
632491,2005,Never wore a helmet,NA,No,Never smoked a cigarette,0 days,Did not smoke cigarettes,NA
931787,2009,Most of the time wore a helmet,NA,No,Never smoked a cigarette,0 days,Did not smoke cigarettes,FALSE
501340,2003,Rarely wore a helmet,NA,No,Never smoked a cigarette,0 days,Did not smoke cigarettes,NA
634245,2005,Did not ride a bicycle,NA,No,Never smoked a cigarette,0 days,Did not smoke cigarettes,NA
330389,1999,Never wore a helmet,NA,No,Never smoked a cigarette,0 days,Did not smoke cigarettes,NA
321416,1999,Did not ride a bicycle,NA,Yes,11 or 12 years old,6 to 9 days,2 to 5 cigarettes,NA
771766,2007,Never wore a helmet,NA,Yes,Never smoked a cigarette,0 days,Did not smoke cigarettes,NA
509915,2003,Did not ride a bicycle,NA,Yes,Never smoked a cigarette,0 days,Did not smoke cigarettes,NA
1305076,2013,Never wore a helmet,NA,No,Never smoked a cigarette,0 days,Did not smoke cigarettes,TRUE
112908,1993,NA,NA,Yes,11 or 12 years old,0 days,Did not smoke cigarettes,NA
926883,2009,Did not ride a bicycle,NA,Yes,15 or 16 years old,0 days,Did not smoke cigarettes,FALSE
928324,2009,Sometimes wore a helmet,NA,No,Never smoked a cigarette,0 days,Did not smoke cigarettes,FALSE
38703,1991,Never wore a helmet,NA,Yes,Never smoked a cigarette,0 days,Did not smoke cigarettes,NA
122055,1993,Never wore a helmet,NA,Yes,15 or 16 years old,3 to 5 days,Less than 1 cigarette,NA
933108,2009,Never wore a helmet,NA,No,Never smoked a cigarette,0 days,Did not smoke cigarettes,TRUE
321578,1999,Never wore a helmet,NA,Yes,11 or 12 years old,0 days,Did not smoke cigarettes,NA
936979,2009,Did not ride a bicycle,NA,NA,NA,3 to 5 days,NA,NA
255645,1997,Never wore a helmet,NA,Yes,8 years old or younger,3 to 5 days,2 to 5 cigarettes,NA
629960,2005,Rarely wore a helmet,NA,No,Never smoked a cigarette,0 days,Did not smoke cigarettes,NA
182391,1995,Did not ride a bicycle,NA,Yes,8 years old or younger,0 days,Did not smoke cigarettes,NA
1105403,2011,Never wore a helmet,NA,No,Never smoked a cigarette,0 days,Did not smoke cigarettes,TRUE
771067,2007,Rarely wore a helmet,NA,Yes,Never smoked a cigarette,0 days,Did not smoke cigarettes,NA
188080,1995,Never wore a helmet,NA,No,Never smoked a cigarette,0 days,Did not smoke cigarettes,NA
503765,2003,Never wore a helmet,NA,Yes,15 or 16 years old,1 or 2 days,Less than 1 cigarette,NA
770470,2007,Never wore a helmet,NA,Yes,13 or 14 years old,0 days,Did not smoke cigarettes,NA
631578,2005,Never wore a helmet,NA,NA,Never smoked a cigarette,0 days,NA,NA
118081,1993,Never wore a helmet,NA,No,Never smoked a cigarette,0 days,Did not smoke cigarettes,NA
401657,2001,Never wore a helmet,NA,Yes,17 years old or older,20 to 29 days,2 to 5 cigarettes,NA
499246,2003,NA,NA,Yes,13 or 14 years old,10 to 19 days,2 to 5 cigarettes,NA
1109654,2011,Did not ride a bicycle,NA,NA,17 years old or older,All 30 days,NA,FALSE
635870,2005,Did not ride a bicycle,NA,No,Never smoked a cigarette,0 days,Did not smoke cigarettes,NA
190531,1995,Never wore a helmet,NA,Yes,9 or 10 years old,1 or 2 days,Less than 1 cigarette,NA
188086,1995,Rarely wore a helmet,NA,Yes,11 or 12 years old,0 days,Did not smoke cigarettes,NA
1307584,2013,Never wore a helmet,I did not drive the past 30 days,Yes,15 or 16 years old,All 30 days,11 to 20 cigarettes,TRUE
768827,2007,Did not ride a bicycle,NA,No,Never smoked a cigarette,0 days,Did not smoke cigarettes,NA
185245,1995,Never wore a helmet,NA,No,Never smoked a cigarette,0 days,Did not smoke cigarettes,NA
185236,1995,Never wore a helmet,NA,Yes,11 or 12 years old,20 to 29 days,2 to 5 cigarettes,NA
398072,2001,Did not ride a bicycle,NA,No,Never smoked a cigarette,0 days,Did not smoke cigarettes,NA
190229,1995,Did not ride a bicycle,NA,Yes,Never smoked a cigarette,0 days,Did not smoke cigarettes,NA
1309495,2013,Rarely wore a helmet,I did not drive the past 30 days,No,Never smoked a cigarette,0 days,Did not smoke cigarettes,FALSE
1108776,2011,Never wore a helmet,NA,NA,Never smoked a cigarette,0 days,NA,TRUE
628765,2005,Most of the time wore a helmet,NA,NA,NA,NA,NA,NA
637623,2005,Did not ride a bicycle,NA,Yes,11 or 12 years old,0 days,Did not smoke cigarettes,NA
401630,2001,Rarely wore a helmet,NA,Yes,15 or 16 years old,1 or 2 days,1 cigarette,NA
501691,2003,Never wore a helmet,NA,Yes,15 or 16 years old,1 or 2 days,1 cigarette,NA
265102,1997,Never wore a helmet,NA,No,Never smoked a cigarette,0 days,Did not smoke cigarettes,NA
764522,2007,Did not ride a bicycle,NA,Yes,11 or 12 years old,NA,NA,NA
188055,1995,Did not ride a bicycle,NA,Yes,11 or 12 years old,0 days,Did not smoke cigarettes,NA
330837,1999,Did not ride a bicycle,NA,NA,NA,0 days,Did not smoke cigarettes,NA
1097570,2011,Did not ride a bicycle,NA,No,Never smoked a cigarette,0 days,Did not smoke cigarettes,TRUE
768234,2007,Did not ride a bicycle,NA,No,Never smoked a cigarette,0 days,Did not smoke cigarettes,NA
257096,1997,Sometimes wore a helmet,NA,Yes,Never smoked a cigarette,0 days,Did not smoke cigarettes,NA
31053,1991,Never wore a helmet,NA,No,Never smoked a cigarette,0 days,Did not smoke cigarettes,NA
638620,2005,Did not ride a bicycle,NA,Yes,Never smoked a cigarette,0 days,Did not smoke cigarettes,NA
119178,1993,NA,NA,Yes,Never smoked a cigarette,0 days,Did not smoke cigarettes,NA
507055,2003,Did not ride a bicycle,NA,Yes,11 or 12 years old,0 days,Did not smoke cigarettes,NA
188079,1995,Rarely wore a helmet,NA,No,Never smoked a cigarette,0 days,Did not smoke cigarettes,NA
324739,1999,Never wore a helmet,NA,Yes,11 or 12 years old,6 to 9 days,2 to 5 cigarettes,NA
188012,1995,Never wore a helmet,NA,No,Never smoked a cigarette,0 days,Did not smoke cigarettes,NA
938407,2009,Never wore a helmet,NA,Yes,15 or 16 years old,0 days,Did not smoke cigarettes,FALSE
767437,2007,Rarely wore a helmet,NA,Yes,11 or 12 years old,All 30 days,6 to 10 cigarettes,NA
1308899,2013,Never wore a helmet,All 30 days,No,Never smoked a cigarette,0 days,Did not smoke cigarettes,FALSE
120755,1993,Always wore a helmet,NA,No,Never smoked a cigarette,0 days,Did not smoke cigarettes,NA
38049,1991,Did not ride a bicycle,NA,No,Never smoked a cigarette,0 days,Did not smoke cigarettes,NA
108912,1993,Did not ride a bicycle,NA,Yes,13 or 14 years old,0 days,Did not smoke cigarettes,NA
42625,1991,Did not ride a bicycle,NA,Yes,17 years old or older,20 to 29 days,2 to 5 cigarettes,NA
1099662,2011,Did not ride a bicycle,NA,No,Never smoked a cigarette,0 days,Did not smoke cigarettes,FALSE
396541,2001,Sometimes wore a helmet,NA,No,Never smoked a cigarette,0 days,Did not smoke cigarettes,NA
122083,1993,Did not ride a bicycle,NA,No,Never smoked a cigarette,0 days,Did not smoke cigarettes,NA
768010,2007,Most of the time wore a helmet,NA,No,Never smoked a cigarette,0 days,Did not smoke cigarettes,NA
190304,1995,Never wore a helmet,NA,No,Never smoked a cigarette,0 days,Did not smoke cigarettes,NA
769917,2007,Never wore a helmet,NA,No,Never smoked a cigarette,0 days,Did not smoke cigarettes,NA
260821,1997,Did not ride a bicycle,NA,Yes,15 or 16 years old,0 days,Did not smoke cigarettes,NA
111665,1993,Never wore a helmet,NA,Yes,Never smoked a cigarette,0 days,Did not smoke cigarettes,NA
40419,1991,Never wore a helmet,NA,Yes,15 or 16 years old,0 days,Did not smoke cigarettes,NA
37534,1991,Did not ride a bicycle,NA,No,Never smoked a cigarette,0 days,Did not smoke cigarettes,NA
329861,1999,Never wore a helmet,NA,Yes,Never smoked a cigarette,0 days,Did not smoke cigarettes,NA
1311269,2013,Never wore a helmet,I did not drive the past 30 days,Yes,Never smoked a cigarette,0 days,Did not smoke cigarettes,FALSE
923100,2009,Did not ride a bicycle,NA,Yes,13 or 14 years old,1 or 2 days,1 cigarette,FALSE
331016,1999,Did not ride a bicycle,NA,No,Never smoked a cigarette,0 days,Did not smoke cigarettes,NA
32367,1991,Never wore a helmet,NA,Yes,13 or 14 years old,0 days,Did not smoke cigarettes,NA
762581,2007,Never wore a helmet,NA,No,Never smoked a cigarette,0 days,Did not smoke cigarettes,NA
1104536,2011,Never wore a helmet,NA,No,Never smoked a cigarette,0 days,Did not smoke cigarettes,FALSE
1098072,2011,Did not ride a bicycle,NA,No,Never smoked a cigarette,0 days,Did not smoke cigarettes,FALSE
261213,1997,NA,NA,Yes,Never smoked a cigarette,0 days,Did not smoke cigarettes,NA
187997,1995,Did not ride a bicycle,NA,Yes,13 or 14 years old,0 days,Did not smoke cigarettes,NA
107003,1993,Did not ride a bicycle,NA,No,Never smoked a cigarette,0 days,Did not smoke cigarettes,NA
639307,2005,Did not ride a bicycle,NA,No,Never smoked a cigarette,0 days,Did not smoke cigarettes,NA
107377,1993,Never wore a helmet,NA,Yes,8 years old or younger,10 to 19 days,11 to 20 cigarettes,NA
1315717,2013,Never wore a helmet,0 days,No,Never smoked a cigarette,0 days,Did not smoke cigarettes,TRUE
640941,2005,Did not ride a bicycle,NA,Yes,13 or 14 years old,1 or 2 days,2 to 5 cigarettes,NA
766562,2007,Most of the time wore a helmet,NA,Yes,13 or 14 years old,6 to 9 days,2 to 5 cigarettes,NA
32540,1991,Did not ride a bicycle,NA,Yes,NA,NA,2 to 5 cigarettes,NA
107649,1993,Rarely wore a helmet,NA,Yes,Never smoked a cigarette,0 days,Did not smoke cigarettes,NA
1102524,2011,Never wore a helmet,NA,Yes,8 years old or younger,1 or 2 days,1 cigarette,TRUE
933360,2009,Never wore a helmet,NA,Yes,13 or 14 years old,0 days,Did not smoke cigarettes,FALSE
635299,2005,NA,NA,Yes,15 or 16 years old,0 days,Did not smoke cigarettes,NA
332233,1999,Did not ride a bicycle,NA,No,Never smoked a cigarette,0 days,Did not smoke cigarettes,NA
189295,1995,Did not ride a bicycle,NA,No,Never smoked a cigarette,0 days,Did not smoke cigarettes,NA
112857,1993,Never wore a helmet,NA,No,Never smoked a cigarette,0 days,Did not smoke cigarettes,NA
509492,2003,Never wore a helmet,NA,Yes,15 or 16 years old,20 to 29 days,2 to 5 cigarettes,NA
32623,1991,Did not ride a bicycle,NA,Yes,13 or 14 years old,1 or 2 days,2 to 5 cigarettes,NA
186530,1995,Never wore a helmet,NA,Yes,13 or 14 years old,3 to 5 days,1 cigarette,NA
262596,1997,Never wore a helmet,NA,No,Never smoked a cigarette,0 days,Did not smoke cigarettes,NA
633603,2005,Rarely wore a helmet,NA,Yes,Never smoked a cigarette,0 days,Did not smoke cigarettes,NA
1097963,2011,Did not ride a bicycle,NA,NA,NA,NA,NA,FALSE
927341,2009,Never wore a helmet,NA,Yes,8 years old or younger,All 30 days,More than 20 cigarettes,TRUE
1312011,2013,Never wore a helmet,All 30 days,Yes,13 or 14 years old,0 days,Did not smoke cigarettes,FALSE
636352,2005,Always wore a helmet,NA,No,Never smoked a cigarette,0 days,Did not smoke cigarettes,NA
260988,1997,Did not ride a bicycle,NA,No,Never smoked a cigarette,NA,NA,NA
190584,1995,Never wore a helmet,NA,Yes,11 or 12 years old,0 days,Did not smoke cigarettes,NA
926875,2009,Never wore a helmet,NA,Yes,17 years old or older,10 to 19 days,Less than 1 cigarette,TRUE
1308518,2013,Never wore a helmet,0 days,No,Never smoked a cigarette,0 days,Did not smoke cigarettes,FALSE
119750,1993,Never wore a helmet,NA,No,Never smoked a cigarette,0 days,Did not smoke cigarettes,NA
107855,1993,Always wore a helmet,NA,No,Never smoked a cigarette,0 days,Did not smoke cigarettes,NA
119668,1993,Always wore a helmet,NA,No,Never smoked a cigarette,0 days,Did not smoke cigarettes,NA
924251,2009,Rarely wore a helmet,NA,No,Never smoked a cigarette,0 days,Did not smoke cigarettes,FALSE
1099038,2011,Most of the time wore a helmet,NA,No,Never smoked a cigarette,0 days,Did not smoke cigarettes,FALSE
264907,1997,Did not ride a bicycle,NA,No,Never smoked a cigarette,0 days,Did not smoke cigarettes,NA
636864,2005,Did not ride a bicycle,NA,Yes,8 years old or younger,0 days,Did not smoke cigarettes,NA
928322,2009,Did not ride a bicycle,NA,Yes,Never smoked a cigarette,0 days,Did not smoke cigarettes,FALSE
1105051,2011,Did not ride a bicycle,NA,Yes,Never smoked a cigarette,0 days,Did not smoke cigarettes,FALSE
500761,2003,Did not ride a bicycle,NA,Yes,13 or 14 years old,3 to 5 days,Less than 1 cigarette,NA
1097554,2011,Never wore a helmet,NA,Yes,13 or 14 years old,10 to 19 days,2 to 5 cigarettes,FALSE
334170,1999,Did not ride a bicycle,NA,No,Never smoked a cigarette,0 days,Did not smoke cigarettes,NA
36510,1991,Rarely wore a helmet,NA,Yes,9 or 10 years old,20 to 29 days,2 to 5 cigarettes,NA
37603,1991,Never wore a helmet,NA,No,Never smoked a cigarette,0 days,Did not smoke cigarettes,NA
265763,1997,Never wore a helmet,NA,Yes,11 or 12 years old,0 days,Did not smoke cigarettes,NA
922967,2009,Did not ride a bicycle,NA,Yes,11 or 12 years old,All 30 days,2 to 5 cigarettes,FALSE
763018,2007,Never wore a helmet,NA,Yes,13 or 14 years old,10 to 19 days,2 to 5 cigarettes,NA
188732,1995,Did not ride a bicycle,NA,NA,Never smoked a cigarette,0 days,Did not smoke cigarettes,NA
509843,2003,Did not ride a bicycle,NA,No,Never smoked a cigarette,0 days,Did not smoke cigarettes,NA
924756,2009,Never wore a helmet,NA,Yes,13 or 14 years old,1 or 2 days,1 cigarette,TRUE
409025,2001,Did not ride a bicycle,NA,No,Never smoked a cigarette,0 days,Did not smoke cigarettes,NA
1100119,2011,Rarely wore a helmet,NA,Yes,9 or 10 years old,20 to 29 days,2 to 5 cigarettes,TRUE
331497,1999,Never wore a helmet,NA,Yes,11 or 12 years old,6 to 9 days,1 cigarette,NA
119938,1993,Did not ride a bicycle,NA,Yes,15 or 16 years old,0 days,Did not smoke cigarettes,NA
329692,1999,Most of the time wore a helmet,NA,No,Never smoked a cigarette,0 days,Did not smoke cigarettes,NA
512103,2003,Did not ride a bicycle,NA,Yes,15 or 16 years old,0 days,Did not smoke cigarettes,NA
258717,1997,Did not ride a bicycle,NA,No,Never smoked a cigarette,0 days,Did not smoke cigarettes,NA
630807,2005,Never wore a helmet,NA,Yes,15 or 16 years old,6 to 9 days,1 cigarette,NA
923950,2009,Always wore a helmet,NA,Yes,13 or 14 years old,0 days,Did not smoke cigarettes,TRUE
1309562,2013,Never wore a helmet,1 or 2 days,No,Never smoked a cigarette,0 days,Did not smoke cigarettes,FALSE
327179,1999,Never wore a helmet,NA,Yes,17 years old or older,1 or 2 days,Less than 1 cigarette,NA
1097135,2011,Sometimes wore a helmet,NA,No,Never smoked a cigarette,0 days,Did not smoke cigarettes,FALSE
1100162,2011,Did not ride a bicycle,NA,NA,NA,0 days,Did not smoke cigarettes,FALSE
35828,1991,Did not ride a bicycle,NA,Yes,15 or 16 years old,All 30 days,11 to 20 cigarettes,NA
1311515,2013,Never wore a helmet,0 days,No,Never smoked a cigarette,0 days,Did not smoke cigarettes,TRUE
37864,1991,Did not ride a bicycle,NA,Yes,13 or 14 years old,0 days,Did not smoke cigarettes,NA
767235,2007,Never wore a helmet,NA,Yes,13 or 14 years old,0 days,Did not smoke cigarettes,NA
323650,1999,Most of the time wore a helmet,NA,No,Never smoked a cigarette,0 days,Did not smoke cigarettes,NA
31533,1991,Rarely wore a helmet,NA,No,Never smoked a cigarette,0 days,Did not smoke cigarettes,NA
327970,1999,Never wore a helmet,NA,Yes,13 or 14 years old,NA,NA,NA
771520,2007,Rarely wore a helmet,NA,Yes,15 or 16 years old,0 days,Did not smoke cigarettes,NA
33535,1991,Did not ride a bicycle,NA,Yes,9 or 10 years old,0 days,Did not smoke cigarettes,NA
1304992,2013,Did not ride a bicycle,0 days,Yes,13 or 14 years old,0 days,Did not smoke cigarettes,FALSE
628934,2005,Never wore a helmet,NA,No,Never smoked a cigarette,0 days,Did not smoke cigarettes,NA
184054,1995,NA,NA,NA,NA,0 days,Did not smoke cigarettes,NA
41760,1991,Never wore a helmet,NA,No,Never smoked a cigarette,0 days,Did not smoke cigarettes,NA
330408,1999,Never wore a helmet,NA,No,Never smoked a cigarette,0 days,Did not smoke cigarettes,NA
640049,2005,Never wore a helmet,NA,No,Never smoked a cigarette,0 days,Did not smoke cigarettes,NA
328756,1999,Sometimes wore a helmet,NA,Yes,17 years old or older,0 days,Did not smoke cigarettes,NA
262367,1997,Did not ride a bicycle,NA,No,Never smoked a cigarette,0 days,Did not smoke cigarettes,NA
634381,2005,Did not ride a bicycle,NA,Yes,Never smoked a cigarette,0 days,Did not smoke cigarettes,NA
766976,2007,Always wore a helmet,NA,No,Never smoked a cigarette,0 days,Did not smoke cigarettes,NA
328357,1999,Did not ride a bicycle,NA,Yes,13 or 14 years old,10 to 19 days,2 to 5 cigarettes,NA
35532,1991,Never wore a helmet,NA,No,Never smoked a cigarette,0 days,Did not smoke cigarettes,NA
330058,1999,Never wore a helmet,NA,Yes,9 or 10 years old,0 days,Did not smoke cigarettes,NA
502987,2003,Never wore a helmet,NA,Yes,11 or 12 years old,1 or 2 days,1 cigarette,NA
186869,1995,Never wore a helmet,NA,NA,Never smoked a cigarette,0 days,Did not smoke cigarettes,NA
935752,2009,Did not ride a bicycle,NA,No,Never smoked a cigarette,0 days,Did not smoke cigarettes,FALSE
119687,1993,NA,NA,Yes,11 or 12 years old,All 30 days,2 to 5 cigarettes,NA
332363,1999,Did not ride a bicycle,NA,Yes,15 or 16 years old,1 or 2 days,1 cigarette,NA
509058,2003,Never wore a helmet,NA,No,Never smoked a cigarette,0 days,Did not smoke cigarettes,NA
641205,2005,Did not ride a bicycle,NA,No,Never smoked a cigarette,0 days,Did not smoke cigarettes,NA
922457,2009,Never wore a helmet,NA,No,Never smoked a cigarette,0 days,Did not smoke cigarettes,FALSE
1313349,2013,Did not ride a bicycle,0 days,No,Never smoked a cigarette,0 days,Did not smoke cigarettes,FALSE
499642,2003,Most of the time wore a helmet,NA,No,Never smoked a cigarette,0 days,Did not smoke cigarettes,NA
1316643,2013,Never wore a helmet,0 days,Yes,Never smoked a cigarette,0 days,Did not smoke cigarettes,FALSE
933631,2009,Did not ride a bicycle,NA,No,Never smoked a cigarette,0 days,Did not smoke cigarettes,TRUE
1097655,2011,Always wore a helmet,NA,No,Never smoked a cigarette,0 days,Did not smoke cigarettes,FALSE
333699,1999,Did not ride a bicycle,NA,No,Never smoked a cigarette,0 days,Did not smoke cigarettes,NA
767528,2007,NA,NA,NA,NA,0 days,Did not smoke cigarettes,NA
115390,1993,Never wore a helmet,NA,Yes,11 or 12 years old,0 days,Did not smoke cigarettes,NA
933529,2009,Did not ride a bicycle,NA,No,Never smoked a cigarette,0 days,Did not smoke cigarettes,FALSE
631110,2005,Never wore a helmet,NA,No,Never smoked a cigarette,0 days,Did not smoke cigarettes,NA
399735,2001,Rarely wore a helmet,NA,No,Never smoked a cigarette,0 days,Did not smoke cigarettes,NA
926053,2009,Did not ride a bicycle,NA,Yes,15 or 16 years old,1 or 2 days,1 cigarette,FALSE
934808,2009,Never wore a helmet,NA,No,Never smoked a cigarette,0 days,Did not smoke cigarettes,FALSE
1103179,2011,Never wore a helmet,NA,No,Never smoked a cigarette,0 days,Did not smoke cigarettes,TRUE
407238,2001,Did not ride a bicycle,NA,Yes,13 or 14 years old,0 days,Did not smoke cigarettes,NA
263827,1997,Did not ride a bicycle,NA,No,Never smoked a cigarette,0 days,Did not smoke cigarettes,NA
117658,1993,Never wore a helmet,NA,Yes,13 or 14 years old,All 30 days,11 to 20 cigarettes,NA
321870,1999,Sometimes wore a helmet,NA,Yes,11 or 12 years old,1 or 2 days,Less than 1 cigarette,NA
180867,1995,Never wore a helmet,NA,No,Never smoked a cigarette,0 days,Did not smoke cigarettes,NA
115583,1993,Sometimes wore a helmet,NA,No,Never smoked a cigarette,0 days,Did not smoke cigarettes,NA
763955,2007,Most of the time wore a helmet,NA,No,Never smoked a cigarette,0 days,Did not smoke cigarettes,NA
189066,1995,Did not ride a bicycle,NA,Yes,15 or 16 years old,0 days,Did not smoke cigarettes,NA
501813,2003,Never wore a helmet,NA,No,Never smoked a cigarette,0 days,Did not smoke cigarettes,NA
182326,1995,Never wore a helmet,NA,No,Never smoked a cigarette,0 days,Did not smoke cigarettes,NA
499601,2003,Most of the time wore a helmet,NA,No,Never smoked a cigarette,0 days,Did not smoke cigarettes,NA
260499,1997,Never wore a helmet,NA,Yes,13 or 14 years old,6 to 9 days,2 to 5 cigarettes,NA
402413,2001,Did not ride a bicycle,NA,No,Never smoked a cigarette,0 days,Did not smoke cigarettes,NA
400897,2001,Did not ride a bicycle,NA,No,Never smoked a cigarette,0 days,Did not smoke cigarettes,NA
117210,1993,Did not ride a bicycle,NA,No,Never smoked a cigarette,0 days,Did not smoke cigarettes,NA
325823,1999,Never wore a helmet,NA,Yes,13 or 14 years old,All 30 days,2 to 5 cigarettes,NA
112419,1993,Did not ride a bicycle,NA,No,Never smoked a cigarette,0 days,Did not smoke cigarettes,NA
637048,2005,Did not ride a bicycle,NA,No,Never smoked a cigarette,0 days,Did not smoke cigarettes,NA
923162,2009,Rarely wore a helmet,NA,No,Never smoked a cigarette,0 days,Did not smoke cigarettes,FALSE
927919,2009,Never wore a helmet,NA,No,Never smoked a cigarette,0 days,Did not smoke cigarettes,TRUE
123132,1993,Did not ride a bicycle,NA,Yes,13 or 14 years old,0 days,Did not smoke cigarettes,NA
30643,1991,Never wore a helmet,NA,Yes,8 years old or younger,3 to 5 days,2 to 5 cigarettes,NA
629656,2005,Most of the time wore a helmet,NA,NA,Never smoked a cigarette,0 days,NA,NA
256912,1997,Did not ride a bicycle,NA,NA,Never smoked a cigarette,0 days,Did not smoke cigarettes,NA
403803,2001,Rarely wore a helmet,NA,Yes,9 or 10 years old,NA,NA,NA
632772,2005,Did not ride a bicycle,NA,No,Never smoked a cigarette,0 days,Did not smoke cigarettes,NA
325085,1999,Most of the time wore a helmet,NA,Yes,15 or 16 years old,1 or 2 days,Less than 1 cigarette,NA
1103675,2011,Rarely wore a helmet,NA,Yes,Never smoked a cigarette,0 days,Did not smoke cigarettes,FALSE
259013,1997,Did not ride a bicycle,NA,No,Never smoked a cigarette,0 days,Did not smoke cigarettes,NA
42040,1991,Never wore a helmet,NA,Yes,15 or 16 years old,0 days,Did not smoke cigarettes,NA
327040,1999,Never wore a helmet,NA,NA,NA,0 days,Did not smoke cigarettes,NA
398854,2001,Did not ride a bicycle,NA,Yes,Never smoked a cigarette,0 days,Did not smoke cigarettes,NA
191023,1995,Did not ride a bicycle,NA,No,Never smoked a cigarette,0 days,Did not smoke cigarettes,NA
189244,1995,Did not ride a bicycle,NA,Yes,Never smoked a cigarette,0 days,Did not smoke cigarettes,NA
630177,2005,Most of the time wore a helmet,NA,NA,NA,0 days,Did not smoke cigarettes,NA
923645,2009,Did not ride a bicycle,NA,No,Never smoked a cigarette,0 days,Did not smoke cigarettes,FALSE
31908,1991,NA,NA,No,Never smoked a cigarette,0 days,Did not smoke cigarettes,NA
107793,1993,Never wore a helmet,NA,No,Never smoked a cigarette,0 days,Did not smoke cigarettes,NA
331699,1999,Never wore a helmet,NA,No,Never smoked a cigarette,0 days,Did not smoke cigarettes,NA
637935,2005,Never wore a helmet,NA,No,Never smoked a cigarette,0 days,Did not smoke cigarettes,NA
1316699,2013,Never wore a helmet,NA,Yes,9 or 10 years old,0 days,Did not smoke cigarettes,FALSE
111940,1993,Never wore a helmet,NA,No,Never smoked a cigarette,0 days,Did not smoke cigarettes,NA
330376,1999,Never wore a helmet,NA,No,NA,0 days,NA,NA
1103565,2011,Never wore a helmet,NA,Yes,13 or 14 years old,10 to 19 days,2 to 5 cigarettes,FALSE
265494,1997,Sometimes wore a helmet,NA,No,Never smoked a cigarette,0 days,Did not smoke cigarettes,NA
397188,2001,Never wore a helmet,NA,No,Never smoked a cigarette,0 days,Did not smoke cigarettes,NA
641072,2005,Did not ride a bicycle,NA,NA,NA,0 days,Did not smoke cigarettes,NA
407618,2001,Did not ride a bicycle,NA,Yes,15 or 16 years old,0 days,Did not smoke cigarettes,NA
637397,2005,Did not ride a bicycle,NA,No,Never smoked a cigarette,0 days,Did not smoke cigarettes,NA
1108274,2011,Never wore a helmet,NA,NA,Never smoked a cigarette,0 days,NA,FALSE
1100352,2011,NA,NA,NA,Never smoked a cigarette,0 days,Did not smoke cigarettes,TRUE
937584,2009,Did not ride a bicycle,NA,Yes,NA,0 days,Did not smoke cigarettes,TRUE
1306123,2013,Never wore a helmet,0 days,Yes,11 or 12 years old,0 days,Did not smoke cigarettes,FALSE
933677,2009,Never wore a helmet,NA,No,Never smoked a cigarette,0 days,Did not smoke cigarettes,FALSE
397060,2001,Most of the time wore a helmet,NA,No,Never smoked a cigarette,0 days,Did not smoke cigarettes,NA
501141,2003,Did not ride a bicycle,NA,Yes,13 or 14 years old,0 days,Did not smoke cigarettes,NA
502310,2003,Did not ride a bicycle,NA,No,Never smoked a cigarette,0 days,Did not smoke cigarettes,NA
107060,1993,Never wore a helmet,NA,No,Never smoked a cigarette,0 days,Did not smoke cigarettes,NA
31265,1991,NA,NA,Yes,13 or 14 years old,0 days,Did not smoke cigarettes,NA
33687,1991,Never wore a helmet,NA,No,Never smoked a cigarette,0 days,Did not smoke cigarettes,NA
762280,2007,Did not ride a bicycle,NA,No,Never smoked a cigarette,0 days,Did not smoke cigarettes,NA
188490,1995,Never wore a helmet,NA,NA,Never smoked a cigarette,0 days,Did not smoke cigarettes,NA
929408,2009,Rarely wore a helmet,NA,Yes,13 or 14 years old,NA,2 to 5 cigarettes,FALSE
761011,2007,Rarely wore a helmet,NA,No,Never smoked a cigarette,0 days,Did not smoke cigarettes,NA
41238,1991,Never wore a helmet,NA,Yes,15 or 16 years old,0 days,Did not smoke cigarettes,NA
31233,1991,Never wore a helmet,NA,Yes,13 or 14 years old,0 days,Did not smoke cigarettes,NA
396767,2001,Always wore a helmet,NA,No,Never smoked a cigarette,0 days,Did not smoke cigarettes,NA
760679,2007,Never wore a helmet,NA,Yes,11 or 12 years old,0 days,Did not smoke cigarettes,NA
924609,2009,Did not ride a bicycle,NA,Yes,13 or 14 years old,0 days,Did not smoke cigarettes,FALSE
326873,1999,Never wore a helmet,NA,No,Never smoked a cigarette,0 days,Did not smoke cigarettes,NA
929911,2009,Did not ride a bicycle,NA,Yes,13 or 14 years old,All 30 days,6 to 10 cigarettes,TRUE
765788,2007,Sometimes wore a helmet,NA,No,Never smoked a cigarette,0 days,Did not smoke cigarettes,NA
773640,2007,Did not ride a bicycle,NA,Yes,15 or 16 years old,All 30 days,2 to 5 cigarettes,NA
328723,1999,Did not ride a bicycle,NA,Yes,17 years old or older,All 30 days,6 to 10 cigarettes,NA
259403,1997,Did not ride a bicycle,NA,NA,NA,NA,NA,NA
40972,1991,Did not ride a bicycle,NA,Yes,Never smoked a cigarette,0 days,Did not smoke cigarettes,NA
35503,1991,Did not ride a bicycle,NA,Yes,Never smoked a cigarette,0 days,Did not smoke cigarettes,NA
762954,2007,Never wore a helmet,NA,Yes,15 or 16 years old,All 30 days,2 to 5 cigarettes,NA
406619,2001,Sometimes wore a helmet,NA,No,Never smoked a cigarette,0 days,Did not smoke cigarettes,NA
326577,1999,Never wore a helmet,NA,Yes,9 or 10 years old,All 30 days,11 to 20 cigarettes,NA
399891,2001,Did not ride a bicycle,NA,No,Never smoked a cigarette,0 days,Did not smoke cigarettes,NA
508741,2003,Never wore a helmet,NA,No,Never smoked a cigarette,0 days,Did not smoke cigarettes,NA
922250,2009,Did not ride a bicycle,NA,Yes,Never smoked a cigarette,0 days,Did not smoke cigarettes,FALSE
639850,2005,Did not ride a bicycle,NA,No,Never smoked a cigarette,0 days,Did not smoke cigarettes,NA
502989,2003,Did not ride a bicycle,NA,No,Never smoked a cigarette,0 days,Did not smoke cigarettes,NA
107217,1993,Rarely wore a helmet,NA,Yes,Never smoked a cigarette,0 days,Did not smoke cigarettes,NA
1303929,2013,Never wore a helmet,I did not drive the past 30 days,No,Never smoked a cigarette,0 days,Did not smoke cigarettes,FALSE
503705,2003,Did not ride a bicycle,NA,No,Never smoked a cigarette,0 days,Did not smoke cigarettes,NA
262715,1997,NA,NA,No,Never smoked a cigarette,0 days,Did not smoke cigarettes,NA
1310622,2013,Did not ride a bicycle,I did not drive the past 30 days,No,Never smoked a cigarette,0 days,Did not smoke cigarettes,TRUE
1304226,2013,Never wore a helmet,I did not drive the past 30 days,No,Never smoked a cigarette,0 days,Did not smoke cigarettes,TRUE
636338,2005,Never wore a helmet,NA,NA,15 or 16 years old,1 or 2 days,NA,NA
189841,1995,Never wore a helmet,NA,No,Never smoked a cigarette,0 days,Did not smoke cigarettes,NA
761561,2007,Never wore a helmet,NA,No,Never smoked a cigarette,0 days,Did not smoke cigarettes,NA
188048,1995,Never wore a helmet,NA,No,Never smoked a cigarette,0 days,Did not smoke cigarettes,NA
110182,1993,Did not ride a bicycle,NA,Yes,11 or 12 years old,0 days,Did not smoke cigarettes,NA
632520,2005,Never wore a helmet,NA,Yes,Never smoked a cigarette,0 days,Did not smoke cigarettes,NA
501265,2003,Rarely wore a helmet,NA,NA,NA,NA,NA,NA
398045,2001,Most of the time wore a helmet,NA,No,Never smoked a cigarette,0 days,Did not smoke cigarettes,NA
766841,2007,Did not ride a bicycle,NA,Yes,15 or 16 years old,1 or 2 days,Less than 1 cigarette,NA
190513,1995,Did not ride a bicycle,NA,No,Never smoked a cigarette,0 days,Did not smoke cigarettes,NA
321960,1999,Most of the time wore a helmet,NA,No,Never smoked a cigarette,0 days,Did not smoke cigarettes,NA
34252,1991,Never wore a helmet,NA,No,Never smoked a cigarette,0 days,Did not smoke cigarettes,NA
402743,2001,Always wore a helmet,NA,No,Never smoked a cigarette,0 days,Did not smoke cigarettes,NA
181966,1995,Did not ride a bicycle,NA,No,Never smoked a cigarette,0 days,Did not smoke cigarettes,NA
929393,2009,Never wore a helmet,NA,Yes,15 or 16 years old,10 to 19 days,2 to 5 cigarettes,FALSE
634391,2005,Most of the time wore a helmet,NA,Yes,Never smoked a cigarette,0 days,Did not smoke cigarettes,NA
500345,2003,Never wore a helmet,NA,Yes,13 or 14 years old,NA,NA,NA
42269,1991,Never wore a helmet,NA,Yes,Never smoked a cigarette,0 days,Did not smoke cigarettes,NA
330276,1999,Most of the time wore a helmet,NA,No,Never smoked a cigarette,0 days,Did not smoke cigarettes,NA
1107752,2011,Never wore a helmet,NA,Yes,13 or 14 years old,0 days,Did not smoke cigarettes,TRUE
401710,2001,Did not ride a bicycle,NA,No,Never smoked a cigarette,0 days,Did not smoke cigarettes,NA
405534,2001,Most of the time wore a helmet,NA,No,Never smoked a cigarette,0 days,Did not smoke cigarettes,NA
1314997,2013,Did not ride a bicycle,0 days,No,Never smoked a cigarette,0 days,Did not smoke cigarettes,FALSE
116365,1993,Never wore a helmet,NA,Yes,13 or 14 years old,1 or 2 days,1 cigarette,NA
333680,1999,Never wore a helmet,NA,Yes,11 or 12 years old,6 to 9 days,Less than 1 cigarette,NA
927893,2009,Rarely wore a helmet,NA,Yes,11 or 12 years old,NA,NA,FALSE
189694,1995,Did not ride a bicycle,NA,Yes,13 or 14 years old,1 or 2 days,1 cigarette,NA
325745,1999,Did not ride a bicycle,NA,Yes,Never smoked a cigarette,0 days,Did not smoke cigarettes,NA
110029,1993,Did not ride a bicycle,NA,Yes,Never smoked a cigarette,0 days,Did not smoke cigarettes,NA
117455,1993,Never wore a helmet,NA,No,Never smoked a cigarette,0 days,Did not smoke cigarettes,NA
1103827,2011,Did not ride a bicycle,NA,Yes,13 or 14 years old,0 days,Did not smoke cigarettes,FALSE
499586,2003,Rarely wore a helmet,NA,No,Never smoked a cigarette,0 days,Did not smoke cigarettes,NA
331839,1999,Never wore a helmet,NA,No,Never smoked a cigarette,0 days,Did not smoke cigarettes,NA
1310248,2013,Did not ride a bicycle,0 days,Yes,Never smoked a cigarette,0 days,Did not smoke cigarettes,FALSE
396423,2001,Never wore a helmet,NA,Yes,NA,0 days,Did not smoke cigarettes,NA
402271,2001,Did not ride a bicycle,NA,Yes,15 or 16 years old,All 30 days,11 to 20 cigarettes,NA
933764,2009,Did not ride a bicycle,NA,Yes,11 or 12 years old,3 to 5 days,2 to 5 cigarettes,FALSE
764332,2007,NA,NA,No,Never smoked a cigarette,0 days,Did not smoke cigarettes,NA
40467,1991,Never wore a helmet,NA,Yes,15 or 16 years old,10 to 19 days,6 to 10 cigarettes,NA
330038,1999,Did not ride a bicycle,NA,Yes,Never smoked a cigarette,0 days,Did not smoke cigarettes,NA
402851,2001,Never wore a helmet,NA,Yes,Never smoked a cigarette,0 days,Did not smoke cigarettes,NA
764492,2007,Did not ride a bicycle,NA,NA,NA,NA,NA,NA
402219,2001,Always wore a helmet,NA,No,Never smoked a cigarette,0 days,Did not smoke cigarettes,NA
269226,1997,Never wore a helmet,NA,Yes,15 or 16 years old,NA,NA,NA
511522,2003,Rarely wore a helmet,NA,Yes,NA,1 or 2 days,NA,NA
1304877,2013,Never wore a helmet,I did not drive the past 30 days,No,Never smoked a cigarette,0 days,Did not smoke cigarettes,FALSE
1094876,2011,Did not ride a bicycle,NA,Yes,Never smoked a cigarette,0 days,Did not smoke cigarettes,FALSE
762671,2007,Never wore a helmet,NA,NA,NA,0 days,Did not smoke cigarettes,NA
637941,2005,Never wore a helmet,NA,No,Never smoked a cigarette,0 days,Did not smoke cigarettes,NA
1315660,2013,Did not ride a bicycle,1 or 2 days,No,Never smoked a cigarette,0 days,Did not smoke cigarettes,FALSE
400635,2001,Always wore a helmet,NA,Yes,13 or 14 years old,0 days,Did not smoke cigarettes,NA
260395,1997,Did not ride a bicycle,NA,Yes,15 or 16 years old,20 to 29 days,6 to 10 cigarettes,NA
182064,1995,Never wore a helmet,NA,Yes,9 or 10 years old,0 days,Did not smoke cigarettes,NA
927880,2009,Never wore a helmet,NA,Yes,8 years old or younger,0 days,Did not smoke cigarettes,TRUE
122282,1993,Sometimes wore a helmet,NA,Yes,9 or 10 years old,NA,NA,NA
185015,1995,Never wore a helmet,NA,No,Never smoked a cigarette,0 days,Did not smoke cigarettes,NA
40020,1991,Did not ride a bicycle,NA,No,Never smoked a cigarette,0 days,Did not smoke cigarettes,NA
31172,1991,Never wore a helmet,NA,Yes,9 or 10 years old,0 days,Did not smoke cigarettes,NA
326562,1999,Did not ride a bicycle,NA,NA,NA,0 days,Did not smoke cigarettes,NA
183884,1995,Never wore a helmet,NA,No,Never smoked a cigarette,0 days,Did not smoke cigarettes,NA
403516,2001,Never wore a helmet,NA,Yes,Never smoked a cigarette,0 days,Did not smoke cigarettes,NA
510920,2003,Did not ride a bicycle,NA,No,Never smoked a cigarette,0 days,Did not smoke cigarettes,NA
182001,1995,Never wore a helmet,NA,Yes,11 or 12 years old,1 or 2 days,1 cigarette,NA
35839,1991,Did not ride a bicycle,NA,Yes,17 years old or older,3 to 5 days,2 to 5 cigarettes,NA
632485,2005,Always wore a helmet,NA,No,Never smoked a cigarette,0 days,Did not smoke cigarettes,NA
500412,2003,Never wore a helmet,NA,No,Never smoked a cigarette,0 days,Did not smoke cigarettes,NA
42603,1991,Did not ride a bicycle,NA,Yes,13 or 14 years old,0 days,Did not smoke cigarettes,NA
401576,2001,Did not ride a bicycle,NA,Yes,11 or 12 years old,0 days,Did not smoke cigarettes,NA
1304684,2013,Did not ride a bicycle,I did not drive the past 30 days,No,Never smoked a cigarette,0 days,Did not smoke cigarettes,FALSE
1310505,2013,Never wore a helmet,I did not drive the past 30 days,No,Never smoked a cigarette,0 days,Did not smoke cigarettes,FALSE
333615,1999,Never wore a helmet,NA,Yes,15 or 16 years old,0 days,Did not smoke cigarettes,NA
762446,2007,Did not ride a bicycle,NA,Yes,Never smoked a cigarette,0 days,Did not smoke cigarettes,NA
406182,2001,Never wore a helmet,NA,NA,Never smoked a cigarette,0 days,Did not smoke cigarettes,NA
331463,1999,Did not ride a bicycle,NA,Yes,Never smoked a cigarette,0 days,Did not smoke cigarettes,NA
401614,2001,Did not ride a bicycle,NA,Yes,Never smoked a cigarette,0 days,Did not smoke cigarettes,NA
110035,1993,Never wore a helmet,NA,No,Never smoked a cigarette,0 days,Did not smoke cigarettes,NA
1312445,2013,Never wore a helmet,I did not drive the past 30 days,Yes,Never smoked a cigarette,0 days,Did not smoke cigarettes,FALSE
769676,2007,NA,NA,No,Never smoked a cigarette,0 days,Did not smoke cigarettes,NA
632965,2005,Always wore a helmet,NA,NA,NA,0 days,Did not smoke cigarettes,NA
1307186,2013,Sometimes wore a helmet,0 days,Yes,11 or 12 years old,NA,NA,TRUE
630745,2005,Did not ride a bicycle,NA,Yes,15 or 16 years old,1 or 2 days,Less than 1 cigarette,NA
1308430,2013,Did not ride a bicycle,3 to 5 days,Yes,15 or 16 years old,1 or 2 days,Less than 1 cigarette,FALSE
40427,1991,Never wore a helmet,NA,Yes,11 or 12 years old,1 or 2 days,1 cigarette,NA
270653,1997,Never wore a helmet,NA,Yes,15 or 16 years old,NA,NA,NA
930333,2009,Never wore a helmet,NA,NA,NA,NA,NA,FALSE
189294,1995,Did not ride a bicycle,NA,Yes,Never smoked a cigarette,0 days,Did not smoke cigarettes,NA
403136,2001,Did not ride a bicycle,NA,Yes,Never smoked a cigarette,0 days,Did not smoke cigarettes,NA
189541,1995,NA,NA,Yes,15 or 16 years old,1 or 2 days,Less than 1 cigarette,NA
502039,2003,Never wore a helmet,NA,Yes,Never smoked a cigarette,0 days,Did not smoke cigarettes,NA
42521,1991,Did not ride a bicycle,NA,Yes,Never smoked a cigarette,0 days,Did not smoke cigarettes,NA
1304127,2013,Never wore a helmet,3 to 5 days,NA,NA,0 days,Did not smoke cigarettes,FALSE
189151,1995,Never wore a helmet,NA,Yes,13 or 14 years old,All 30 days,11 to 20 cigarettes,NA
764392,2007,Did not ride a bicycle,NA,Yes,Never smoked a cigarette,0 days,Did not smoke cigarettes,NA
115704,1993,NA,NA,Yes,11 or 12 years old,6 to 9 days,NA,NA
113666,1993,Never wore a helmet,NA,No,Never smoked a cigarette,0 days,Did not smoke cigarettes,NA
260671,1997,Did not ride a bicycle,NA,Yes,Never smoked a cigarette,0 days,Did not smoke cigarettes,NA
181884,1995,Did not ride a bicycle,NA,Yes,13 or 14 years old,0 days,Did not smoke cigarettes,NA
331056,1999,Never wore a helmet,NA,NA,NA,0 days,Did not smoke cigarettes,NA
267438,1997,Did not ride a bicycle,NA,No,Never smoked a cigarette,0 days,Did not smoke cigarettes,NA
924342,2009,Sometimes wore a helmet,NA,No,Never smoked a cigarette,0 days,Did not smoke cigarettes,FALSE
184764,1995,Did not ride a bicycle,NA,Yes,8 years old or younger,0 days,Did not smoke cigarettes,NA
929012,2009,Never wore a helmet,NA,Yes,13 or 14 years old,0 days,Did not smoke cigarettes,FALSE
116560,1993,Sometimes wore a helmet,NA,No,Never smoked a cigarette,0 days,Did not smoke cigarettes,NA
1314805,2013,Never wore a helmet,0 days,Yes,Never smoked a cigarette,0 days,Did not smoke cigarettes,FALSE
934054,2009,Never wore a helmet,NA,No,Never smoked a cigarette,0 days,Did not smoke cigarettes,FALSE
773658,2007,Did not ride a bicycle,NA,Yes,Never smoked a cigarette,0 days,Did not smoke cigarettes,NA
270806,1997,Did not ride a bicycle,NA,Yes,17 years old or older,0 days,Did not smoke cigarettes,NA
265150,1997,Never wore a helmet,NA,No,Never smoked a cigarette,0 days,Did not smoke cigarettes,NA
1312510,2013,Did not ride a bicycle,0 days,No,Never smoked a cigarette,0 days,Did not smoke cigarettes,TRUE
925263,2009,Never wore a helmet,NA,No,Never smoked a cigarette,0 days,Did not smoke cigarettes,TRUE
121903,1993,Did not ride a bicycle,NA,Yes,15 or 16 years old,All 30 days,2 to 5 cigarettes,NA
188961,1995,Sometimes wore a helmet,NA,No,Never smoked a cigarette,0 days,Did not smoke cigarettes,NA
769633,2007,Never wore a helmet,NA,Yes,Never smoked a cigarette,0 days,Did not smoke cigarettes,NA
628876,2005,Never wore a helmet,NA,Yes,Never smoked a cigarette,1 or 2 days,Less than 1 cigarette,NA
923435,2009,Most of the time wore a helmet,NA,No,Never smoked a cigarette,0 days,Did not smoke cigarettes,FALSE
111621,1993,Never wore a helmet,NA,Yes,8 years old or younger,All 30 days,More than 20 cigarettes,NA
1100234,2011,Did not ride a bicycle,NA,Yes,15 or 16 years old,6 to 9 days,1 cigarette,FALSE
266606,1997,Did not ride a bicycle,NA,Yes,15 or 16 years old,1 or 2 days,1 cigarette,NA
1308428,2013,Did not ride a bicycle,0 days,No,Never smoked a cigarette,0 days,Did not smoke cigarettes,FALSE
329190,1999,Rarely wore a helmet,NA,No,Never smoked a cigarette,0 days,Did not smoke cigarettes,NA
770147,2007,Never wore a helmet,NA,Yes,15 or 16 years old,0 days,Did not smoke cigarettes,NA
266758,1997,Did not ride a bicycle,NA,No,Never smoked a cigarette,0 days,Did not smoke cigarettes,NA
189171,1995,Never wore a helmet,NA,Yes,Never smoked a cigarette,0 days,Did not smoke cigarettes,NA
334590,1999,Did not ride a bicycle,NA,No,Never smoked a cigarette,0 days,Did not smoke cigarettes,NA
633300,2005,Never wore a helmet,NA,NA,11 or 12 years old,0 days,NA,NA
259086,1997,Did not ride a bicycle,NA,Yes,9 or 10 years old,0 days,Did not smoke cigarettes,NA
505850,2003,Did not ride a bicycle,NA,No,Never smoked a cigarette,0 days,Did not smoke cigarettes,NA
1308796,2013,Never wore a helmet,0 days,No,Never smoked a cigarette,0 days,Did not smoke cigarettes,FALSE
264088,1997,Rarely wore a helmet,NA,No,Never smoked a cigarette,0 days,Did not smoke cigarettes,NA
1312294,2013,Never wore a helmet,I did not drive the past 30 days,No,Never smoked a cigarette,0 days,Did not smoke cigarettes,TRUE
629902,2005,Did not ride a bicycle,NA,No,Never smoked a cigarette,0 days,Did not smoke cigarettes,NA
107748,1993,Never wore a helmet,NA,Yes,9 or 10 years old,All 30 days,6 to 10 cigarettes,NA
189607,1995,NA,NA,Yes,13 or 14 years old,6 to 9 days,2 to 5 cigarettes,NA
503283,2003,Sometimes wore a helmet,NA,Yes,Never smoked a cigarette,0 days,Did not smoke cigarettes,NA
774157,2007,Never wore a helmet,NA,No,Never smoked a cigarette,0 days,Did not smoke cigarettes,NA
399445,2001,Did not ride a bicycle,NA,No,Never smoked a cigarette,0 days,Did not smoke cigarettes,NA
182264,1995,Did not ride a bicycle,NA,Yes,13 or 14 years old,NA,NA,NA
402441,2001,Never wore a helmet,NA,No,Never smoked a cigarette,0 days,Did not smoke cigarettes,NA
186918,1995,Never wore a helmet,NA,No,Never smoked a cigarette,0 days,Did not smoke cigarettes,NA
186595,1995,Never wore a helmet,NA,Yes,Never smoked a cigarette,0 days,Did not smoke cigarettes,NA
37460,1991,Never wore a helmet,NA,Yes,Never smoked a cigarette,0 days,Did not smoke cigarettes,NA
508326,2003,Rarely wore a helmet,NA,Yes,11 or 12 years old,10 to 19 days,2 to 5 cigarettes,NA
402977,2001,Never wore a helmet,NA,No,Never smoked a cigarette,0 days,Did not smoke cigarettes,NA
1308892,2013,Never wore a helmet,NA,No,Never smoked a cigarette,0 days,Did not smoke cigarettes,FALSE
189542,1995,Never wore a helmet,NA,No,Never smoked a cigarette,0 days,Did not smoke cigarettes,NA
928771,2009,Did not ride a bicycle,NA,No,Never smoked a cigarette,0 days,Did not smoke cigarettes,TRUE
398731,2001,Never wore a helmet,NA,Yes,15 or 16 years old,0 days,Did not smoke cigarettes,NA
766774,2007,Rarely wore a helmet,NA,Yes,Never smoked a cigarette,0 days,Did not smoke cigarettes,NA
401752,2001,Did not ride a bicycle,NA,Yes,11 or 12 years old,0 days,Did not smoke cigarettes,NA
180973,1995,Never wore a helmet,NA,Yes,15 or 16 years old,0 days,Did not smoke cigarettes,NA
1102952,2011,NA,NA,No,Never smoked a cigarette,0 days,Did not smoke cigarettes,NA
183446,1995,Never wore a helmet,NA,Yes,8 years old or younger,All 30 days,11 to 20 cigarettes,NA
636647,2005,Never wore a helmet,NA,Yes,Never smoked a cigarette,0 days,Did not smoke cigarettes,NA
769028,2007,Did not ride a bicycle,NA,NA,Never smoked a cigarette,0 days,NA,NA
501990,2003,Never wore a helmet,NA,No,Never smoked a cigarette,0 days,Did not smoke cigarettes,NA
514427,2003,Rarely wore a helmet,NA,No,Never smoked a cigarette,0 days,Did not smoke cigarettes,NA
1306560,2013,Never wore a helmet,0 days,Yes,Never smoked a cigarette,0 days,Did not smoke cigarettes,FALSE
505735,2003,Did not ride a bicycle,NA,Yes,13 or 14 years old,20 to 29 days,2 to 5 cigarettes,NA
262503,1997,Never wore a helmet,NA,Yes,13 or 14 years old,All 30 days,2 to 5 cigarettes,NA
264632,1997,Never wore a helmet,NA,Yes,Never smoked a cigarette,0 days,Did not smoke cigarettes,NA
115226,1993,Did not ride a bicycle,NA,Yes,11 or 12 years old,NA,NA,NA
635213,2005,Did not ride a bicycle,NA,No,Never smoked a cigarette,0 days,Did not smoke cigarettes,NA
509356,2003,Rarely wore a helmet,NA,No,Never smoked a cigarette,0 days,Did not smoke cigarettes,NA
1310689,2013,Never wore a helmet,0 days,No,Never smoked a cigarette,0 days,Did not smoke cigarettes,FALSE
1303596,2013,Never wore a helmet,I did not drive the past 30 days,No,Never smoked a cigarette,0 days,Did not smoke cigarettes,FALSE
926900,2009,Did not ride a bicycle,NA,Yes,13 or 14 years old,10 to 19 days,2 to 5 cigarettes,FALSE
1305235,2013,Never wore a helmet,0 days,No,Never smoked a cigarette,0 days,Did not smoke cigarettes,FALSE
266943,1997,Always wore a helmet,NA,Yes,15 or 16 years old,1 or 2 days,Less than 1 cigarette,NA
327693,1999,Never wore a helmet,NA,Yes,17 years old or older,3 to 5 days,Less than 1 cigarette,NA
331639,1999,Did not ride a bicycle,NA,Yes,13 or 14 years old,0 days,Did not smoke cigarettes,NA
1304285,2013,Sometimes wore a helmet,0 days,No,Never smoked a cigarette,0 days,Did not smoke cigarettes,TRUE
638127,2005,Did not ride a bicycle,NA,Yes,13 or 14 years old,3 to 5 days,1 cigarette,NA
113343,1993,Sometimes wore a helmet,NA,Yes,9 or 10 years old,1 or 2 days,Less than 1 cigarette,NA
396182,2001,Never wore a helmet,NA,Yes,13 or 14 years old,0 days,Did not smoke cigarettes,NA
121135,1993,Never wore a helmet,NA,Yes,11 or 12 years old,0 days,Did not smoke cigarettes,NA
335223,1999,Never wore a helmet,NA,Yes,17 years old or older,All 30 days,6 to 10 cigarettes,NA
111520,1993,Never wore a helmet,NA,No,Never smoked a cigarette,0 days,Did not smoke cigarettes,NA
935004,2009,NA,NA,Yes,Never smoked a cigarette,0 days,Did not smoke cigarettes,NA
930497,2009,Did not ride a bicycle,NA,No,Never smoked a cigarette,0 days,Did not smoke cigarettes,FALSE
1304618,2013,Did not ride a bicycle,NA,NA,NA,NA,NA,TRUE
258370,1997,Did not ride a bicycle,NA,No,Never smoked a cigarette,0 days,Did not smoke cigarettes,NA
264437,1997,NA,NA,Yes,NA,NA,NA,NA
1314493,2013,Never wore a helmet,0 days,No,Never smoked a cigarette,0 days,Did not smoke cigarettes,FALSE
112427,1993,Sometimes wore a helmet,NA,Yes,Never smoked a cigarette,0 days,Did not smoke cigarettes,NA
182414,1995,Always wore a helmet,NA,Yes,Never smoked a cigarette,0 days,Did not smoke cigarettes,NA
324330,1999,Did not ride a bicycle,NA,Yes,8 years old or younger,0 days,Did not smoke cigarettes,NA
326290,1999,Always wore a helmet,NA,Yes,13 or 14 years old,1 or 2 days,Less than 1 cigarette,NA
396338,2001,Did not ride a bicycle,NA,No,Never smoked a cigarette,0 days,Did not smoke cigarettes,NA
40508,1991,Did not ride a bicycle,NA,Yes,15 or 16 years old,0 days,Did not smoke cigarettes,NA
264380,1997,Did not ride a bicycle,NA,No,Never smoked a cigarette,0 days,Did not smoke cigarettes,NA
322675,1999,Sometimes wore a helmet,NA,Yes,Never smoked a cigarette,0 days,Did not smoke cigarettes,NA
1310373,2013,Rarely wore a helmet,0 days,Yes,15 or 16 years old,6 to 9 days,2 to 5 cigarettes,TRUE
264017,1997,Never wore a helmet,NA,Yes,13 or 14 years old,0 days,Did not smoke cigarettes,NA
324455,1999,Did not ride a bicycle,NA,Yes,NA,0 days,Did not smoke cigarettes,NA
33626,1991,Did not ride a bicycle,NA,Yes,8 years old or younger,3 to 5 days,2 to 5 cigarettes,NA
116754,1993,NA,NA,Yes,9 or 10 years old,0 days,Did not smoke cigarettes,NA
1315017,2013,Did not ride a bicycle,1 or 2 days,No,Never smoked a cigarette,0 days,Did not smoke cigarettes,FALSE
1108561,2011,Did not ride a bicycle,NA,NA,NA,0 days,Did not smoke cigarettes,FALSE
628915,2005,Never wore a helmet,NA,No,Never smoked a cigarette,0 days,Did not smoke cigarettes,NA
399751,2001,Did not ride a bicycle,NA,No,Never smoked a cigarette,0 days,Did not smoke cigarettes,NA
1310507,2013,Did not ride a bicycle,NA,No,Never smoked a cigarette,0 days,Did not smoke cigarettes,FALSE
504729,2003,Never wore a helmet,NA,No,Never smoked a cigarette,0 days,Did not smoke cigarettes,NA
630637,2005,Never wore a helmet,NA,No,Never smoked a cigarette,0 days,Did not smoke cigarettes,NA
770939,2007,Never wore a helmet,NA,NA,NA,0 days,Did not smoke cigarettes,NA
1304543,2013,Most of the time wore a helmet,1 or 2 days,No,Never smoked a cigarette,0 days,Did not smoke cigarettes,FALSE
189260,1995,Never wore a helmet,NA,No,Never smoked a cigarette,0 days,Did not smoke cigarettes,NA
504220,2003,Rarely wore a helmet,NA,Yes,15 or 16 years old,NA,NA,NA
1305928,2013,Never wore a helmet,0 days,No,Never smoked a cigarette,0 days,Did not smoke cigarettes,FALSE
772321,2007,Did not ride a bicycle,NA,No,Never smoked a cigarette,0 days,Did not smoke cigarettes,NA
508064,2003,Did not ride a bicycle,NA,Yes,9 or 10 years old,1 or 2 days,1 cigarette,NA
122167,1993,Never wore a helmet,NA,No,Never smoked a cigarette,0 days,Did not smoke cigarettes,NA
639836,2005,Never wore a helmet,NA,Yes,15 or 16 years old,10 to 19 days,1 cigarette,NA
326510,1999,Did not ride a bicycle,NA,No,Never smoked a cigarette,0 days,Did not smoke cigarettes,NA
407251,2001,Did not ride a bicycle,NA,Yes,13 or 14 years old,3 to 5 days,2 to 5 cigarettes,NA
641629,2005,Did not ride a bicycle,NA,No,Never smoked a cigarette,0 days,Did not smoke cigarettes,NA
641616,2005,Did not ride a bicycle,NA,No,Never smoked a cigarette,0 days,Did not smoke cigarettes,NA
112158,1993,Did not ride a bicycle,NA,No,Never smoked a cigarette,0 days,Did not smoke cigarettes,NA
120105,1993,Did not ride a bicycle,NA,Yes,13 or 14 years old,3 to 5 days,2 to 5 cigarettes,NA
260509,1997,Never wore a helmet,NA,NA,NA,NA,NA,NA
1103242,2011,Rarely wore a helmet,NA,No,Never smoked a cigarette,0 days,Did not smoke cigarettes,FALSE
1099423,2011,Never wore a helmet,NA,No,Never smoked a cigarette,0 days,Did not smoke cigarettes,FALSE
1311866,2013,Did not ride a bicycle,1 or 2 days,No,Never smoked a cigarette,0 days,Did not smoke cigarettes,FALSE
639762,2005,Did not ride a bicycle,NA,Yes,Never smoked a cigarette,0 days,Did not smoke cigarettes,NA
336244,1999,Never wore a helmet,NA,No,Never smoked a cigarette,0 days,Did not smoke cigarettes,NA
258576,1997,Did not ride a bicycle,NA,Yes,8 years old or younger,0 days,Did not smoke cigarettes,NA
35364,1991,Did not ride a bicycle,NA,Yes,17 years old or older,0 days,Did not smoke cigarettes,NA
326242,1999,Always wore a helmet,NA,Yes,15 or 16 years old,10 to 19 days,1 cigarette,NA
336020,1999,Did not ride a bicycle,NA,No,Never smoked a cigarette,0 days,Did not smoke cigarettes,NA
764971,2007,Never wore a helmet,NA,No,Never smoked a cigarette,0 days,Did not smoke cigarettes,NA
401478,2001,Always wore a helmet,NA,Yes,Never smoked a cigarette,0 days,Did not smoke cigarettes,NA
181109,1995,Never wore a helmet,NA,Yes,Never smoked a cigarette,0 days,Did not smoke cigarettes,NA
122088,1993,Did not ride a bicycle,NA,No,Never smoked a cigarette,0 days,Did not smoke cigarettes,NA
400726,2001,Never wore a helmet,NA,No,Never smoked a cigarette,0 days,Did not smoke cigarettes,NA
185224,1995,NA,NA,Yes,Never smoked a cigarette,0 days,Did not smoke cigarettes,NA
184338,1995,Did not ride a bicycle,NA,Yes,15 or 16 years old,0 days,Did not smoke cigarettes,NA
764799,2007,Did not ride a bicycle,NA,No,Never smoked a cigarette,0 days,Did not smoke cigarettes,NA
36002,1991,NA,NA,Yes,17 years old or older,1 or 2 days,Less than 1 cigarette,NA
34388,1991,NA,NA,Yes,NA,3 to 5 days,1 cigarette,NA
1305144,2013,Rarely wore a helmet,I did not drive the past 30 days,No,Never smoked a cigarette,0 days,Did not smoke cigarettes,FALSE
403677,2001,Rarely wore a helmet,NA,No,Never smoked a cigarette,0 days,Did not smoke cigarettes,NA
632896,2005,Never wore a helmet,NA,Yes,13 or 14 years old,NA,NA,NA
407049,2001,Did not ride a bicycle,NA,No,Never smoked a cigarette,0 days,Did not smoke cigarettes,NA
331459,1999,Never wore a helmet,NA,Yes,9 or 10 years old,0 days,Did not smoke cigarettes,NA
323617,1999,Rarely wore a helmet,NA,Yes,11 or 12 years old,1 or 2 days,1 cigarette,NA
262448,1997,Never wore a helmet,NA,Yes,17 years old or older,0 days,Did not smoke cigarettes,NA
767949,2007,Always wore a helmet,NA,Yes,11 or 12 years old,6 to 9 days,1 cigarette,NA
185965,1995,Did not ride a bicycle,NA,Yes,9 or 10 years old,0 days,Did not smoke cigarettes,NA
501696,2003,Sometimes wore a helmet,NA,No,Never smoked a cigarette,0 days,Did not smoke cigarettes,NA
268970,1997,Did not ride a bicycle,NA,Yes,Never smoked a cigarette,0 days,Did not smoke cigarettes,NA
36266,1991,Sometimes wore a helmet,NA,Yes,8 years old or younger,All 30 days,2 to 5 cigarettes,NA
506455,2003,Never wore a helmet,NA,Yes,15 or 16 years old,0 days,Did not smoke cigarettes,NA
761509,2007,Did not ride a bicycle,NA,Yes,11 or 12 years old,1 or 2 days,1 cigarette,NA
184795,1995,Did not ride a bicycle,NA,Yes,15 or 16 years old,1 or 2 days,1 cigarette,NA
761551,2007,Rarely wore a helmet,NA,Yes,Never smoked a cigarette,0 days,Did not smoke cigarettes,NA
507944,2003,Did not ride a bicycle,NA,Yes,13 or 14 years old,0 days,Did not smoke cigarettes,NA
1105068,2011,Never wore a helmet,NA,No,Never smoked a cigarette,0 days,Did not smoke cigarettes,FALSE
765171,2007,Did not ride a bicycle,NA,Yes,Never smoked a cigarette,0 days,Did not smoke cigarettes,NA
333170,1999,Never wore a helmet,NA,No,Never smoked a cigarette,0 days,Did not smoke cigarettes,NA
1104617,2011,Did not ride a bicycle,NA,Yes,Never smoked a cigarette,0 days,Did not smoke cigarettes,FALSE
1312777,2013,Did not ride a bicycle,I did not drive the past 30 days,No,Never smoked a cigarette,0 days,Did not smoke cigarettes,TRUE
409131,2001,Did not ride a bicycle,NA,No,Never smoked a cigarette,0 days,Did not smoke cigarettes,NA
1107773,2011,Did not ride a bicycle,NA,No,Never smoked a cigarette,0 days,Did not smoke cigarettes,FALSE
630185,2005,Did not ride a bicycle,NA,Yes,13 or 14 years old,0 days,Did not smoke cigarettes,NA
760673,2007,Did not ride a bicycle,NA,No,Never smoked a cigarette,0 days,Did not smoke cigarettes,NA
761436,2007,NA,NA,Yes,Never smoked a cigarette,0 days,Did not smoke cigarettes,NA
328026,1999,Never wore a helmet,NA,Yes,8 years old or younger,6 to 9 days,1 cigarette,NA
761415,2007,Most of the time wore a helmet,NA,No,Never smoked a cigarette,0 days,Did not smoke cigarettes,NA
629568,2005,Never wore a helmet,NA,No,Never smoked a cigarette,0 days,Did not smoke cigarettes,NA
268637,1997,Did not ride a bicycle,NA,Yes,15 or 16 years old,1 or 2 days,1 cigarette,NA
110894,1993,Rarely wore a helmet,NA,Yes,11 or 12 years old,0 days,Did not smoke cigarettes,NA
122368,1993,Always wore a helmet,NA,No,Never smoked a cigarette,0 days,Did not smoke cigarettes,NA
768706,2007,Did not ride a bicycle,NA,No,Never smoked a cigarette,0 days,Did not smoke cigarettes,NA
1101437,2011,Never wore a helmet,NA,Yes,15 or 16 years old,3 to 5 days,Less than 1 cigarette,FALSE
637543,2005,Sometimes wore a helmet,NA,No,Never smoked a cigarette,0 days,Did not smoke cigarettes,NA
935808,2009,Sometimes wore a helmet,NA,No,Never smoked a cigarette,0 days,Did not smoke cigarettes,FALSE
507512,2003,Did not ride a bicycle,NA,No,Never smoked a cigarette,0 days,Did not smoke cigarettes,NA
34222,1991,Never wore a helmet,NA,Yes,Never smoked a cigarette,0 days,Did not smoke cigarettes,NA
772173,2007,Never wore a helmet,NA,Yes,11 or 12 years old,10 to 19 days,1 cigarette,NA
761358,2007,Never wore a helmet,NA,No,Never smoked a cigarette,0 days,Did not smoke cigarettes,NA
772108,2007,Did not ride a bicycle,NA,Yes,15 or 16 years old,0 days,Did not smoke cigarettes,NA
256992,1997,Never wore a helmet,NA,Yes,Never smoked a cigarette,0 days,Did not smoke cigarettes,NA
31198,1991,NA,NA,Yes,9 or 10 years old,10 to 19 days,1 cigarette,NA
1096738,2011,NA,NA,No,Never smoked a cigarette,0 days,Did not smoke cigarettes,NA
265036,1997,Rarely wore a helmet,NA,Yes,13 or 14 years old,0 days,Did not smoke cigarettes,NA
33615,1991,Did not ride a bicycle,NA,No,Never smoked a cigarette,0 days,Did not smoke cigarettes,NA
398396,2001,Never wore a helmet,NA,Yes,15 or 16 years old,3 to 5 days,2 to 5 cigarettes,NA
767000,2007,Never wore a helmet,NA,Yes,8 years old or younger,All 30 days,More than 20 cigarettes,NA
923511,2009,Most of the time wore a helmet,NA,No,Never smoked a cigarette,0 days,Did not smoke cigarettes,TRUE
768811,2007,Did not ride a bicycle,NA,Yes,13 or 14 years old,NA,NA,NA
265118,1997,Did not ride a bicycle,NA,Yes,15 or 16 years old,0 days,Did not smoke cigarettes,NA
769602,2007,Rarely wore a helmet,NA,No,Never smoked a cigarette,0 days,Did not smoke cigarettes,NA
1105775,2011,Never wore a helmet,NA,Yes,11 or 12 years old,All 30 days,6 to 10 cigarettes,FALSE
924831,2009,Never wore a helmet,NA,Yes,Never smoked a cigarette,0 days,Did not smoke cigarettes,FALSE
268472,1997,Did not ride a bicycle,NA,No,Never smoked a cigarette,0 days,Did not smoke cigarettes,NA
1314330,2013,Never wore a helmet,3 to 5 days,No,Never smoked a cigarette,0 days,Did not smoke cigarettes,FALSE
1308496,2013,Always wore a helmet,0 days,No,Never smoked a cigarette,0 days,Did not smoke cigarettes,FALSE
334036,1999,Never wore a helmet,NA,Yes,13 or 14 years old,20 to 29 days,2 to 5 cigarettes,NA
1316385,2013,Did not ride a bicycle,All 30 days,Yes,17 years old or older,0 days,Did not smoke cigarettes,TRUE
630833,2005,Never wore a helmet,NA,Yes,Never smoked a cigarette,0 days,Did not smoke cigarettes,NA
639174,2005,Did not ride a bicycle,NA,Yes,13 or 14 years old,NA,NA,NA
1303594,2013,NA,0 days,No,Never smoked a cigarette,0 days,Did not smoke cigarettes,FALSE
188940,1995,Never wore a helmet,NA,NA,Never smoked a cigarette,0 days,Did not smoke cigarettes,NA
188073,1995,Did not ride a bicycle,NA,Yes,13 or 14 years old,All 30 days,11 to 20 cigarettes,NA
264177,1997,Did not ride a bicycle,NA,No,Never smoked a cigarette,0 days,Did not smoke cigarettes,NA
1106898,2011,Did not ride a bicycle,NA,No,Never smoked a cigarette,0 days,Did not smoke cigarettes,TRUE
1096152,2011,Did not ride a bicycle,NA,No,Never smoked a cigarette,0 days,Did not smoke cigarettes,TRUE
1109902,2011,Did not ride a bicycle,NA,Yes,17 years old or older,3 to 5 days,Less than 1 cigarette,NA
118249,1993,Never wore a helmet,NA,No,Never smoked a cigarette,0 days,Did not smoke cigarettes,NA
508873,2003,Never wore a helmet,NA,Yes,13 or 14 years old,1 or 2 days,2 to 5 cigarettes,NA
182343,1995,Never wore a helmet,NA,No,Never smoked a cigarette,0 days,Did not smoke cigarettes,NA
32781,1991,Did not ride a bicycle,NA,Yes,15 or 16 years old,0 days,Did not smoke cigarettes,NA
507643,2003,NA,NA,No,Never smoked a cigarette,0 days,Did not smoke cigarettes,NA
929204,2009,Never wore a helmet,NA,No,Never smoked a cigarette,0 days,Did not smoke cigarettes,FALSE
258982,1997,Did not ride a bicycle,NA,Yes,13 or 14 years old,0 days,Did not smoke cigarettes,NA
405086,2001,Most of the time wore a helmet,NA,No,Never smoked a cigarette,0 days,Did not smoke cigarettes,NA
640574,2005,Never wore a helmet,NA,NA,Never smoked a cigarette,0 days,NA,NA
30658,1991,Never wore a helmet,NA,Yes,8 years old or younger,0 days,Did not smoke cigarettes,NA
107746,1993,Never wore a helmet,NA,Yes,13 or 14 years old,0 days,Did not smoke cigarettes,NA
401820,2001,Did not ride a bicycle,NA,No,Never smoked a cigarette,0 days,Did not smoke cigarettes,NA
638499,2005,Rarely wore a helmet,NA,Yes,13 or 14 years old,10 to 19 days,2 to 5 cigarettes,NA
33013,1991,Rarely wore a helmet,NA,Yes,13 or 14 years old,0 days,Did not smoke cigarettes,NA
182745,1995,Never wore a helmet,NA,Yes,9 or 10 years old,0 days,Did not smoke cigarettes,NA
1313048,2013,Never wore a helmet,0 days,No,Never smoked a cigarette,0 days,Did not smoke cigarettes,FALSE
766128,2007,NA,NA,NA,Never smoked a cigarette,NA,NA,NA
113935,1993,Never wore a helmet,NA,Yes,9 or 10 years old,0 days,Did not smoke cigarettes,NA
927304,2009,Did not ride a bicycle,NA,No,Never smoked a cigarette,0 days,Did not smoke cigarettes,FALSE
110038,1993,Never wore a helmet,NA,No,Never smoked a cigarette,0 days,Did not smoke cigarettes,NA
772516,2007,Never wore a helmet,NA,Yes,15 or 16 years old,NA,NA,NA
257015,1997,Never wore a helmet,NA,No,Never smoked a cigarette,0 days,Did not smoke cigarettes,NA
931395,2009,Never wore a helmet,NA,No,Never smoked a cigarette,0 days,Did not smoke cigarettes,TRUE
629482,2005,Sometimes wore a helmet,NA,No,Never smoked a cigarette,0 days,Did not smoke cigarettes,NA
37823,1991,Never wore a helmet,NA,No,Never smoked a cigarette,0 days,Did not smoke cigarettes,NA
1306997,2013,Never wore a helmet,3 to 5 days,No,Never smoked a cigarette,0 days,Did not smoke cigarettes,FALSE
409038,2001,Did not ride a bicycle,NA,No,Never smoked a cigarette,0 days,Did not smoke cigarettes,NA
763143,2007,Rarely wore a helmet,NA,No,Never smoked a cigarette,0 days,Did not smoke cigarettes,NA
107616,1993,Never wore a helmet,NA,Yes,Never smoked a cigarette,0 days,Did not smoke cigarettes,NA
633113,2005,Always wore a helmet,NA,Yes,13 or 14 years old,0 days,Did not smoke cigarettes,NA
109626,1993,Never wore a helmet,NA,Yes,Never smoked a cigarette,0 days,Did not smoke cigarettes,NA
770170,2007,Did not ride a bicycle,NA,No,Never smoked a cigarette,0 days,Did not smoke cigarettes,NA
1309493,2013,Never wore a helmet,3 to 5 days,NA,Never smoked a cigarette,0 days,NA,FALSE
182860,1995,Did not ride a bicycle,NA,No,Never smoked a cigarette,0 days,Did not smoke cigarettes,NA
1304787,2013,Never wore a helmet,I did not drive the past 30 days,No,Never smoked a cigarette,0 days,Did not smoke cigarettes,FALSE
512636,2003,Rarely wore a helmet,NA,Yes,13 or 14 years old,0 days,Did not smoke cigarettes,NA
628870,2005,Never wore a helmet,NA,NA,11 or 12 years old,6 to 9 days,NA,NA
1311415,2013,Never wore a helmet,NA,Yes,13 or 14 years old,0 days,Did not smoke cigarettes,FALSE
1314887,2013,Did not ride a bicycle,0 days,Yes,13 or 14 years old,0 days,Did not smoke cigarettes,FALSE
327811,1999,Never wore a helmet,NA,Yes,15 or 16 years old,NA,NA,NA
331472,1999,Never wore a helmet,NA,Yes,9 or 10 years old,All 30 days,6 to 10 cigarettes,NA
641660,2005,Never wore a helmet,NA,Yes,Never smoked a cigarette,0 days,Did not smoke cigarettes,NA
925115,2009,Never wore a helmet,NA,No,Never smoked a cigarette,0 days,Did not smoke cigarettes,FALSE
771818,2007,NA,NA,No,Never smoked a cigarette,0 days,Did not smoke cigarettes,NA
760660,2007,Rarely wore a helmet,NA,Yes,13 or 14 years old,0 days,Did not smoke cigarettes,NA
117977,1993,NA,NA,No,Never smoked a cigarette,0 days,Did not smoke cigarettes,NA
36642,1991,Never wore a helmet,NA,Yes,8 years old or younger,0 days,Did not smoke cigarettes,NA
1106158,2011,Did not ride a bicycle,NA,NA,Never smoked a cigarette,0 days,NA,TRUE
107730,1993,Did not ride a bicycle,NA,Yes,11 or 12 years old,0 days,Did not smoke cigarettes,NA
638187,2005,Never wore a helmet,NA,Yes,13 or 14 years old,0 days,Did not smoke cigarettes,NA
258457,1997,Sometimes wore a helmet,NA,No,Never smoked a cigarette,0 days,Did not smoke cigarettes,NA
765905,2007,Sometimes wore a helmet,NA,No,Never smoked a cigarette,0 days,Did not smoke cigarettes,NA
184600,1995,Never wore a helmet,NA,No,Never smoked a cigarette,0 days,Did not smoke cigarettes,NA
640778,2005,Did not ride a bicycle,NA,Yes,11 or 12 years old,All 30 days,6 to 10 cigarettes,NA
763940,2007,Most of the time wore a helmet,NA,No,Never smoked a cigarette,0 days,Did not smoke cigarettes,NA
1311481,2013,Sometimes wore a helmet,I did not drive the past 30 days,Yes,Never smoked a cigarette,0 days,Did not smoke cigarettes,TRUE
499765,2003,Did not ride a bicycle,NA,No,Never smoked a cigarette,0 days,Did not smoke cigarettes,NA
1313952,2013,Always wore a helmet,0 days,No,Never smoked a cigarette,0 days,Did not smoke cigarettes,FALSE
107699,1993,Never wore a helmet,NA,Yes,11 or 12 years old,All 30 days,2 to 5 cigarettes,NA
1307753,2013,Never wore a helmet,6 to 9 days,No,Never smoked a cigarette,0 days,Did not smoke cigarettes,FALSE
931557,2009,Never wore a helmet,NA,No,Never smoked a cigarette,0 days,Did not smoke cigarettes,FALSE
117883,1993,Never wore a helmet,NA,NA,NA,0 days,Did not smoke cigarettes,NA
263759,1997,Never wore a helmet,NA,Yes,13 or 14 years old,0 days,Did not smoke cigarettes,NA
1305168,2013,Did not ride a bicycle,I did not drive the past 30 days,No,Never smoked a cigarette,0 days,Did not smoke cigarettes,TRUE
323760,1999,Never wore a helmet,NA,No,Never smoked a cigarette,0 days,Did not smoke cigarettes,NA
924371,2009,Did not ride a bicycle,NA,NA,NA,3 to 5 days,NA,NA
1107303,2011,Did not ride a bicycle,NA,Yes,13 or 14 years old,20 to 29 days,6 to 10 cigarettes,FALSE
269290,1997,Did not ride a bicycle,NA,No,Never smoked a cigarette,0 days,Did not smoke cigarettes,NA
34154,1991,Never wore a helmet,NA,No,Never smoked a cigarette,0 days,Did not smoke cigarettes,NA
190477,1995,Did not ride a bicycle,NA,NA,13 or 14 years old,All 30 days,6 to 10 cigarettes,NA
190920,1995,Never wore a helmet,NA,Yes,13 or 14 years old,0 days,Did not smoke cigarettes,NA
629675,2005,Always wore a helmet,NA,No,Never smoked a cigarette,0 days,Did not smoke cigarettes,NA
1103173,2011,Never wore a helmet,NA,No,Never smoked a cigarette,0 days,Did not smoke cigarettes,FALSE
181179,1995,Never wore a helmet,NA,Yes,Never smoked a cigarette,0 days,Did not smoke cigarettes,NA
322395,1999,Never wore a helmet,NA,Yes,9 or 10 years old,NA,2 to 5 cigarettes,NA
326897,1999,Did not ride a bicycle,NA,No,Never smoked a cigarette,0 days,Did not smoke cigarettes,NA
261288,1997,Never wore a helmet,NA,Yes,13 or 14 years old,3 to 5 days,Less than 1 cigarette,NA
503980,2003,Did not ride a bicycle,NA,No,Never smoked a cigarette,0 days,Did not smoke cigarettes,NA
1099711,2011,Never wore a helmet,NA,NA,NA,NA,NA,TRUE
41774,1991,Did not ride a bicycle,NA,Yes,Never smoked a cigarette,0 days,Did not smoke cigarettes,NA
259708,1997,Never wore a helmet,NA,No,Never smoked a cigarette,0 days,Did not smoke cigarettes,NA
269182,1997,Did not ride a bicycle,NA,No,Never smoked a cigarette,0 days,Did not smoke cigarettes,NA
639680,2005,Sometimes wore a helmet,NA,Yes,13 or 14 years old,0 days,Did not smoke cigarettes,NA
927328,2009,Never wore a helmet,NA,Yes,17 years old or older,NA,NA,FALSE
396285,2001,Never wore a helmet,NA,No,Never smoked a cigarette,0 days,Did not smoke cigarettes,NA
115837,1993,Never wore a helmet,NA,Yes,11 or 12 years old,10 to 19 days,2 to 5 cigarettes,NA
1305771,2013,Never wore a helmet,0 days,Yes,13 or 14 years old,0 days,Did not smoke cigarettes,TRUE
31132,1991,Never wore a helmet,NA,Yes,Never smoked a cigarette,0 days,Did not smoke cigarettes,NA
773675,2007,Did not ride a bicycle,NA,No,Never smoked a cigarette,0 days,Did not smoke cigarettes,NA
255975,1997,Rarely wore a helmet,NA,No,Never smoked a cigarette,0 days,Did not smoke cigarettes,NA
190577,1995,Always wore a helmet,NA,NA,Never smoked a cigarette,0 days,Did not smoke cigarettes,NA
637464,2005,Rarely wore a helmet,NA,No,Never smoked a cigarette,0 days,Did not smoke cigarettes,NA
500995,2003,Did not ride a bicycle,NA,No,Never smoked a cigarette,0 days,Did not smoke cigarettes,NA
329843,1999,Never wore a helmet,NA,No,Never smoked a cigarette,0 days,Did not smoke cigarettes,NA
40359,1991,Never wore a helmet,NA,Yes,13 or 14 years old,0 days,Did not smoke cigarettes,NA
121057,1993,Never wore a helmet,NA,Yes,Never smoked a cigarette,0 days,Did not smoke cigarettes,NA
34745,1991,Did not ride a bicycle,NA,Yes,15 or 16 years old,0 days,Did not smoke cigarettes,NA
399255,2001,Did not ride a bicycle,NA,Yes,13 or 14 years old,0 days,Did not smoke cigarettes,NA
327583,1999,Never wore a helmet,NA,Yes,15 or 16 years old,All 30 days,2 to 5 cigarettes,NA
327584,1999,Never wore a helmet,NA,Yes,Never smoked a cigarette,0 days,Did not smoke cigarettes,NA
327403,1999,Did not ride a bicycle,NA,No,Never smoked a cigarette,0 days,Did not smoke cigarettes,NA
502788,2003,Most of the time wore a helmet,NA,No,Never smoked a cigarette,0 days,Did not smoke cigarettes,NA
256077,1997,Sometimes wore a helmet,NA,No,Never smoked a cigarette,0 days,Did not smoke cigarettes,NA
513529,2003,Did not ride a bicycle,NA,No,Never smoked a cigarette,0 days,Did not smoke cigarettes,NA
37584,1991,Did not ride a bicycle,NA,No,Never smoked a cigarette,0 days,Did not smoke cigarettes,NA
397920,2001,Never wore a helmet,NA,Yes,11 or 12 years old,20 to 29 days,2 to 5 cigarettes,NA
397378,2001,Most of the time wore a helmet,NA,Yes,13 or 14 years old,1 or 2 days,2 to 5 cigarettes,NA
773928,2007,Never wore a helmet,NA,Yes,11 or 12 years old,0 days,Did not smoke cigarettes,NA
112662,1993,Never wore a helmet,NA,Yes,15 or 16 years old,20 to 29 days,2 to 5 cigarettes,NA
501438,2003,Rarely wore a helmet,NA,Yes,11 or 12 years old,3 to 5 days,1 cigarette,NA
1316183,2013,Never wore a helmet,All 30 days,No,Never smoked a cigarette,0 days,Did not smoke cigarettes,FALSE
924832,2009,Never wore a helmet,NA,No,Never smoked a cigarette,0 days,Did not smoke cigarettes,FALSE
628802,2005,Never wore a helmet,NA,No,Never smoked a cigarette,0 days,Did not smoke cigarettes,NA
189429,1995,Did not ride a bicycle,NA,Yes,11 or 12 years old,All 30 days,11 to 20 cigarettes,NA
639690,2005,Did not ride a bicycle,NA,No,Never smoked a cigarette,0 days,Did not smoke cigarettes,NA
629881,2005,Did not ride a bicycle,NA,No,Never smoked a cigarette,0 days,Did not smoke cigarettes,NA
1097050,2011,Never wore a helmet,NA,No,Never smoked a cigarette,0 days,Did not smoke cigarettes,FALSE
257142,1997,Sometimes wore a helmet,NA,Yes,9 or 10 years old,0 days,Did not smoke cigarettes,NA
33827,1991,Never wore a helmet,NA,Yes,13 or 14 years old,6 to 9 days,Less than 1 cigarette,NA
923581,2009,Rarely wore a helmet,NA,Yes,13 or 14 years old,1 or 2 days,Less than 1 cigarette,FALSE
400603,2001,Never wore a helmet,NA,No,Never smoked a cigarette,0 days,Did not smoke cigarettes,NA
1100379,2011,Sometimes wore a helmet,NA,Yes,Never smoked a cigarette,0 days,Did not smoke cigarettes,FALSE
1098173,2011,Never wore a helmet,NA,No,Never smoked a cigarette,0 days,Did not smoke cigarettes,FALSE
925194,2009,Never wore a helmet,NA,No,Never smoked a cigarette,0 days,Did not smoke cigarettes,TRUE
504017,2003,Never wore a helmet,NA,No,Never smoked a cigarette,0 days,Did not smoke cigarettes,NA
933797,2009,Did not ride a bicycle,NA,Yes,9 or 10 years old,20 to 29 days,2 to 5 cigarettes,FALSE
1316527,2013,Did not ride a bicycle,0 days,No,NA,0 days,NA,FALSE
331708,1999,Did not ride a bicycle,NA,Yes,15 or 16 years old,All 30 days,2 to 5 cigarettes,NA
34436,1991,Never wore a helmet,NA,No,Never smoked a cigarette,0 days,Did not smoke cigarettes,NA
1314610,2013,Never wore a helmet,0 days,NA,Never smoked a cigarette,0 days,NA,FALSE
186380,1995,Did not ride a bicycle,NA,Yes,Never smoked a cigarette,0 days,Did not smoke cigarettes,NA
938065,2009,Most of the time wore a helmet,NA,No,Never smoked a cigarette,0 days,Did not smoke cigarettes,FALSE
407462,2001,Never wore a helmet,NA,No,Never smoked a cigarette,0 days,Did not smoke cigarettes,NA
506117,2003,Did not ride a bicycle,NA,Yes,Never smoked a cigarette,0 days,Did not smoke cigarettes,NA
765072,2007,Did not ride a bicycle,NA,No,Never smoked a cigarette,0 days,Did not smoke cigarettes,NA
636404,2005,Never wore a helmet,NA,No,Never smoked a cigarette,0 days,Did not smoke cigarettes,NA
264333,1997,Did not ride a bicycle,NA,No,Never smoked a cigarette,0 days,Did not smoke cigarettes,NA
761176,2007,Did not ride a bicycle,NA,No,Never smoked a cigarette,0 days,Did not smoke cigarettes,NA
632727,2005,Never wore a helmet,NA,No,Never smoked a cigarette,0 days,Did not smoke cigarettes,NA
629106,2005,Did not ride a bicycle,NA,No,Never smoked a cigarette,0 days,Did not smoke cigarettes,NA
260654,1997,Did not ride a bicycle,NA,NA,9 or 10 years old,NA,NA,NA
109979,1993,NA,NA,Yes,8 years old or younger,1 or 2 days,Less than 1 cigarette,NA
404311,2001,Rarely wore a helmet,NA,No,Never smoked a cigarette,0 days,Did not smoke cigarettes,NA
325986,1999,Never wore a helmet,NA,Yes,17 years old or older,All 30 days,2 to 5 cigarettes,NA
1314738,2013,Did not ride a bicycle,1 or 2 days,No,Never smoked a cigarette,0 days,Did not smoke cigarettes,FALSE
30776,1991,Never wore a helmet,NA,No,Never smoked a cigarette,0 days,Did not smoke cigarettes,NA
329323,1999,Never wore a helmet,NA,No,NA,0 days,NA,NA
112048,1993,NA,NA,Yes,8 years old or younger,6 to 9 days,2 to 5 cigarettes,NA
34182,1991,Did not ride a bicycle,NA,Yes,13 or 14 years old,0 days,Did not smoke cigarettes,NA
326325,1999,Did not ride a bicycle,NA,No,Never smoked a cigarette,0 days,Did not smoke cigarettes,NA
935643,2009,Never wore a helmet,NA,Yes,15 or 16 years old,6 to 9 days,Less than 1 cigarette,FALSE
629300,2005,Never wore a helmet,NA,Yes,Never smoked a cigarette,0 days,Did not smoke cigarettes,NA
327829,1999,Did not ride a bicycle,NA,Yes,17 years old or older,1 or 2 days,2 to 5 cigarettes,NA
1102602,2011,Did not ride a bicycle,NA,No,Never smoked a cigarette,0 days,Did not smoke cigarettes,FALSE
409224,2001,Did not ride a bicycle,NA,No,Never smoked a cigarette,0 days,Did not smoke cigarettes,NA
1310884,2013,Never wore a helmet,I did not drive the past 30 days,No,Never smoked a cigarette,0 days,Did not smoke cigarettes,FALSE
110270,1993,Never wore a helmet,NA,No,Never smoked a cigarette,0 days,Did not smoke cigarettes,NA
502020,2003,Never wore a helmet,NA,Yes,Never smoked a cigarette,0 days,Did not smoke cigarettes,NA
764897,2007,Never wore a helmet,NA,Yes,15 or 16 years old,0 days,Did not smoke cigarettes,NA
183247,1995,Did not ride a bicycle,NA,Yes,8 years old or younger,0 days,Did not smoke cigarettes,NA
184773,1995,Never wore a helmet,NA,No,Never smoked a cigarette,0 days,Did not smoke cigarettes,NA
1101484,2011,Never wore a helmet,NA,No,NA,0 days,Did not smoke cigarettes,FALSE
770284,2007,Never wore a helmet,NA,Yes,15 or 16 years old,0 days,Did not smoke cigarettes,NA
265949,1997,NA,NA,Yes,11 or 12 years old,10 to 19 days,6 to 10 cigarettes,NA
935109,2009,Rarely wore a helmet,NA,Yes,13 or 14 years old,0 days,Did not smoke cigarettes,FALSE
333935,1999,Did not ride a bicycle,NA,Yes,Never smoked a cigarette,0 days,Did not smoke cigarettes,NA
505721,2003,Never wore a helmet,NA,Yes,11 or 12 years old,0 days,Did not smoke cigarettes,NA
403563,2001,Did not ride a bicycle,NA,Yes,Never smoked a cigarette,0 days,Did not smoke cigarettes,NA
40567,1991,Never wore a helmet,NA,Yes,Never smoked a cigarette,0 days,Did not smoke cigarettes,NA
334115,1999,Did not ride a bicycle,NA,Yes,13 or 14 years old,0 days,Did not smoke cigarettes,NA
181069,1995,Never wore a helmet,NA,Yes,11 or 12 years old,All 30 days,11 to 20 cigarettes,NA
32108,1991,Never wore a helmet,NA,NA,NA,NA,NA,NA
270752,1997,Did not ride a bicycle,NA,Yes,13 or 14 years old,0 days,Did not smoke cigarettes,NA
503571,2003,Always wore a helmet,NA,No,Never smoked a cigarette,0 days,Did not smoke cigarettes,NA
1108282,2011,Sometimes wore a helmet,NA,NA,11 or 12 years old,0 days,NA,FALSE
499439,2003,Rarely wore a helmet,NA,NA,9 or 10 years old,NA,1 cigarette,NA
930380,2009,Never wore a helmet,NA,Yes,13 or 14 years old,All 30 days,11 to 20 cigarettes,TRUE
1103203,2011,Never wore a helmet,NA,Yes,Never smoked a cigarette,0 days,Did not smoke cigarettes,FALSE
262594,1997,Never wore a helmet,NA,Yes,17 years old or older,6 to 9 days,6 to 10 cigarettes,NA
1310071,2013,Did not ride a bicycle,All 30 days,No,Never smoked a cigarette,0 days,Did not smoke cigarettes,FALSE
110174,1993,Sometimes wore a helmet,NA,Yes,13 or 14 years old,1 or 2 days,NA,NA
772065,2007,Did not ride a bicycle,NA,Yes,9 or 10 years old,1 or 2 days,1 cigarette,NA
935764,2009,Did not ride a bicycle,NA,No,Never smoked a cigarette,0 days,Did not smoke cigarettes,FALSE
189369,1995,Did not ride a bicycle,NA,Yes,Never smoked a cigarette,0 days,Did not smoke cigarettes,NA
773781,2007,Did not ride a bicycle,NA,NA,NA,0 days,Did not smoke cigarettes,NA
268905,1997,Never wore a helmet,NA,Yes,15 or 16 years old,NA,NA,NA
924883,2009,Never wore a helmet,NA,No,Never smoked a cigarette,0 days,Did not smoke cigarettes,FALSE
264107,1997,Did not ride a bicycle,NA,No,Never smoked a cigarette,0 days,Did not smoke cigarettes,NA
509506,2003,Never wore a helmet,NA,Yes,13 or 14 years old,1 or 2 days,Less than 1 cigarette,NA
1107128,2011,Did not ride a bicycle,NA,No,Never smoked a cigarette,0 days,Did not smoke cigarettes,FALSE
1306392,2013,Did not ride a bicycle,0 days,No,NA,0 days,Did not smoke cigarettes,FALSE
762817,2007,Did not ride a bicycle,NA,Yes,9 or 10 years old,0 days,Did not smoke cigarettes,NA
931399,2009,Did not ride a bicycle,NA,Yes,13 or 14 years old,10 to 19 days,1 cigarette,TRUE
762208,2007,Did not ride a bicycle,NA,No,Never smoked a cigarette,0 days,Did not smoke cigarettes,NA
1099067,2011,Did not ride a bicycle,NA,No,Never smoked a cigarette,0 days,Did not smoke cigarettes,FALSE
767472,2007,Never wore a helmet,NA,NA,NA,0 days,Did not smoke cigarettes,NA
32396,1991,NA,NA,Yes,13 or 14 years old,0 days,Did not smoke cigarettes,NA
629536,2005,Did not ride a bicycle,NA,Yes,Never smoked a cigarette,0 days,Did not smoke cigarettes,NA
266339,1997,Never wore a helmet,NA,No,Never smoked a cigarette,0 days,Did not smoke cigarettes,NA
629066,2005,Did not ride a bicycle,NA,Yes,8 years old or younger,All 30 days,6 to 10 cigarettes,NA
264195,1997,Did not ride a bicycle,NA,Yes,13 or 14 years old,0 days,Did not smoke cigarettes,NA
123004,1993,Most of the time wore a helmet,NA,Yes,Never smoked a cigarette,0 days,Did not smoke cigarettes,NA
409675,2001,Did not ride a bicycle,NA,No,Never smoked a cigarette,0 days,Did not smoke cigarettes,NA
924419,2009,Did not ride a bicycle,NA,Yes,8 years old or younger,NA,NA,NA
404122,2001,Did not ride a bicycle,NA,Yes,13 or 14 years old,All 30 days,11 to 20 cigarettes,NA
34813,1991,NA,NA,Yes,13 or 14 years old,1 or 2 days,1 cigarette,NA
122078,1993,Did not ride a bicycle,NA,Yes,13 or 14 years old,0 days,Did not smoke cigarettes,NA
763033,2007,Never wore a helmet,NA,Yes,Never smoked a cigarette,0 days,Did not smoke cigarettes,NA
931316,2009,NA,NA,Yes,13 or 14 years old,6 to 9 days,1 cigarette,TRUE
1315994,2013,Never wore a helmet,1 or 2 days,Yes,15 or 16 years old,6 to 9 days,1 cigarette,FALSE
405932,2001,Never wore a helmet,NA,No,Never smoked a cigarette,0 days,Did not smoke cigarettes,NA
1095303,2011,Never wore a helmet,NA,NA,NA,NA,NA,FALSE
507789,2003,Never wore a helmet,NA,Yes,8 years old or younger,All 30 days,6 to 10 cigarettes,NA
762448,2007,Did not ride a bicycle,NA,Yes,8 years old or younger,20 to 29 days,2 to 5 cigarettes,NA
1316917,2013,Did not ride a bicycle,I did not drive the past 30 days,Yes,13 or 14 years old,0 days,Did not smoke cigarettes,TRUE
928520,2009,Never wore a helmet,NA,No,Never smoked a cigarette,0 days,Did not smoke cigarettes,NA
1094963,2011,Did not ride a bicycle,NA,No,Never smoked a cigarette,0 days,Did not smoke cigarettes,FALSE
328962,1999,Did not ride a bicycle,NA,Yes,NA,0 days,Did not smoke cigarettes,NA
505888,2003,Never wore a helmet,NA,No,Never smoked a cigarette,0 days,Did not smoke cigarettes,NA
1309211,2013,Never wore a helmet,1 or 2 days,Yes,17 years old or older,0 days,Did not smoke cigarettes,FALSE
115983,1993,Did not ride a bicycle,NA,Yes,13 or 14 years old,All 30 days,2 to 5 cigarettes,NA
507823,2003,Never wore a helmet,NA,No,Never smoked a cigarette,0 days,Did not smoke cigarettes,NA
764891,2007,Did not ride a bicycle,NA,No,Never smoked a cigarette,0 days,Did not smoke cigarettes,NA
257446,1997,Did not ride a bicycle,NA,Yes,9 or 10 years old,1 or 2 days,Less than 1 cigarette,NA
773750,2007,Did not ride a bicycle,NA,No,Never smoked a cigarette,0 days,Did not smoke cigarettes,NA
1316754,2013,Did not ride a bicycle,3 to 5 days,Yes,13 or 14 years old,0 days,Did not smoke cigarettes,TRUE
183576,1995,Did not ride a bicycle,NA,No,Never smoked a cigarette,0 days,Did not smoke cigarettes,NA
505364,2003,NA,NA,No,Never smoked a cigarette,0 days,Did not smoke cigarettes,NA
932577,2009,Always wore a helmet,NA,No,Never smoked a cigarette,0 days,Did not smoke cigarettes,FALSE
1312681,2013,Did not ride a bicycle,I did not drive the past 30 days,No,Never smoked a cigarette,0 days,Did not smoke cigarettes,TRUE
190502,1995,Never wore a helmet,NA,NA,NA,NA,NA,NA
110397,1993,Never wore a helmet,NA,No,Never smoked a cigarette,0 days,Did not smoke cigarettes,NA
32751,1991,Never wore a helmet,NA,No,Never smoked a cigarette,0 days,Did not smoke cigarettes,NA
1097819,2011,Never wore a helmet,NA,No,Never smoked a cigarette,0 days,Did not smoke cigarettes,FALSE
115905,1993,Never wore a helmet,NA,Yes,13 or 14 years old,0 days,Did not smoke cigarettes,NA
499582,2003,Never wore a helmet,NA,No,Never smoked a cigarette,0 days,Did not smoke cigarettes,NA
398192,2001,Did not ride a bicycle,NA,Yes,11 or 12 years old,0 days,Did not smoke cigarettes,NA
398574,2001,Did not ride a bicycle,NA,Yes,Never smoked a cigarette,0 days,Did not smoke cigarettes,NA
333573,1999,Did not ride a bicycle,NA,Yes,Never smoked a cigarette,0 days,Did not smoke cigarettes,NA
38951,1991,Never wore a helmet,NA,Yes,13 or 14 years old,NA,NA,NA
117849,1993,Never wore a helmet,NA,Yes,8 years old or younger,0 days,Did not smoke cigarettes,NA
640024,2005,Did not ride a bicycle,NA,Yes,13 or 14 years old,All 30 days,More than 20 cigarettes,NA
770412,2007,Did not ride a bicycle,NA,No,Never smoked a cigarette,0 days,Did not smoke cigarettes,NA
1312504,2013,Never wore a helmet,I did not drive the past 30 days,Yes,13 or 14 years old,6 to 9 days,2 to 5 cigarettes,FALSE
39075,1991,Did not ride a bicycle,NA,Yes,13 or 14 years old,NA,NA,NA
935466,2009,Did not ride a bicycle,NA,Yes,17 years old or older,0 days,Did not smoke cigarettes,FALSE
1105545,2011,Did not ride a bicycle,NA,No,Never smoked a cigarette,0 days,Did not smoke cigarettes,FALSE
506461,2003,Did not ride a bicycle,NA,Yes,Never smoked a cigarette,0 days,Did not smoke cigarettes,NA
1096713,2011,Did not ride a bicycle,NA,No,Never smoked a cigarette,0 days,Did not smoke cigarettes,TRUE
40262,1991,Did not ride a bicycle,NA,Yes,13 or 14 years old,20 to 29 days,2 to 5 cigarettes,NA
186711,1995,Did not ride a bicycle,NA,Yes,11 or 12 years old,All 30 days,More than 20 cigarettes,NA
180936,1995,Never wore a helmet,NA,Yes,Never smoked a cigarette,0 days,Did not smoke cigarettes,NA
330752,1999,Always wore a helmet,NA,No,Never smoked a cigarette,0 days,Did not smoke cigarettes,NA
760695,2007,NA,NA,No,Never smoked a cigarette,0 days,Did not smoke cigarettes,NA
188470,1995,Never wore a helmet,NA,Yes,Never smoked a cigarette,0 days,Did not smoke cigarettes,NA
1312892,2013,Did not ride a bicycle,NA,No,Never smoked a cigarette,0 days,Did not smoke cigarettes,FALSE
1100022,2011,Did not ride a bicycle,NA,Yes,Never smoked a cigarette,0 days,Did not smoke cigarettes,FALSE
33924,1991,Never wore a helmet,NA,Yes,13 or 14 years old,All 30 days,6 to 10 cigarettes,NA
268500,1997,Did not ride a bicycle,NA,Yes,13 or 14 years old,10 to 19 days,2 to 5 cigarettes,NA
335261,1999,Did not ride a bicycle,NA,Yes,8 years old or younger,0 days,Did not smoke cigarettes,NA
41991,1991,Did not ride a bicycle,NA,No,Never smoked a cigarette,0 days,Did not smoke cigarettes,NA
190656,1995,Did not ride a bicycle,NA,Yes,NA,NA,Less than 1 cigarette,NA
190824,1995,Never wore a helmet,NA,No,Never smoked a cigarette,0 days,Did not smoke cigarettes,NA
34668,1991,Never wore a helmet,NA,No,Never smoked a cigarette,0 days,Did not smoke cigarettes,NA
928119,2009,Rarely wore a helmet,NA,No,Never smoked a cigarette,0 days,Did not smoke cigarettes,FALSE
407361,2001,Never wore a helmet,NA,Yes,Never smoked a cigarette,0 days,Did not smoke cigarettes,NA
1304206,2013,Always wore a helmet,0 days,Yes,Never smoked a cigarette,0 days,Did not smoke cigarettes,TRUE
1104605,2011,Never wore a helmet,NA,No,Never smoked a cigarette,0 days,Did not smoke cigarettes,FALSE
400550,2001,Did not ride a bicycle,NA,Yes,15 or 16 years old,NA,NA,NA
398783,2001,Never wore a helmet,NA,Yes,15 or 16 years old,0 days,Did not smoke cigarettes,NA
120558,1993,Did not ride a bicycle,NA,No,Never smoked a cigarette,0 days,Did not smoke cigarettes,NA
112215,1993,Never wore a helmet,NA,Yes,13 or 14 years old,0 days,Did not smoke cigarettes,NA
404264,2001,Did not ride a bicycle,NA,No,Never smoked a cigarette,0 days,Did not smoke cigarettes,NA
267576,1997,Most of the time wore a helmet,NA,Yes,13 or 14 years old,NA,NA,NA
631575,2005,Rarely wore a helmet,NA,NA,8 years old or younger,20 to 29 days,NA,NA
1106762,2011,Did not ride a bicycle,NA,NA,11 or 12 years old,0 days,NA,FALSE
33986,1991,Never wore a helmet,NA,No,Never smoked a cigarette,0 days,Did not smoke cigarettes,NA
182248,1995,Did not ride a bicycle,NA,Yes,13 or 14 years old,0 days,Did not smoke cigarettes,NA
333689,1999,Never wore a helmet,NA,Yes,11 or 12 years old,0 days,Did not smoke cigarettes,NA
1104348,2011,Never wore a helmet,NA,NA,15 or 16 years old,0 days,NA,FALSE
1312969,2013,Did not ride a bicycle,NA,No,Never smoked a cigarette,0 days,Did not smoke cigarettes,FALSE
499701,2003,Did not ride a bicycle,NA,No,Never smoked a cigarette,0 days,Did not smoke cigarettes,NA
762452,2007,Did not ride a bicycle,NA,NA,NA,NA,NA,NA
513630,2003,Never wore a helmet,NA,Yes,Never smoked a cigarette,0 days,Did not smoke cigarettes,NA
632615,2005,Never wore a helmet,NA,No,Never smoked a cigarette,0 days,Did not smoke cigarettes,NA
931483,2009,Never wore a helmet,NA,Yes,Never smoked a cigarette,0 days,Did not smoke cigarettes,FALSE
507045,2003,NA,NA,No,Never smoked a cigarette,0 days,Did not smoke cigarettes,NA
926250,2009,Never wore a helmet,NA,No,Never smoked a cigarette,0 days,Did not smoke cigarettes,FALSE
1304741,2013,Never wore a helmet,I did not drive the past 30 days,Yes,15 or 16 years old,1 or 2 days,Less than 1 cigarette,TRUE
768562,2007,Never wore a helmet,NA,Yes,Never smoked a cigarette,0 days,Did not smoke cigarettes,NA
1101527,2011,Never wore a helmet,NA,No,Never smoked a cigarette,0 days,Did not smoke cigarettes,FALSE
119830,1993,Never wore a helmet,NA,No,Never smoked a cigarette,0 days,Did not smoke cigarettes,NA
634590,2005,Did not ride a bicycle,NA,No,NA,0 days,Did not smoke cigarettes,NA
32279,1991,Never wore a helmet,NA,No,Never smoked a cigarette,0 days,Did not smoke cigarettes,NA
630063,2005,Did not ride a bicycle,NA,Yes,13 or 14 years old,0 days,Did not smoke cigarettes,NA
1311942,2013,Never wore a helmet,0 days,NA,Never smoked a cigarette,0 days,NA,FALSE
639918,2005,Never wore a helmet,NA,No,Never smoked a cigarette,0 days,Did not smoke cigarettes,NA
629928,2005,Never wore a helmet,NA,Yes,13 or 14 years old,1 or 2 days,Less than 1 cigarette,NA
508203,2003,Did not ride a bicycle,NA,No,Never smoked a cigarette,0 days,Did not smoke cigarettes,NA
118640,1993,Did not ride a bicycle,NA,No,Never smoked a cigarette,0 days,Did not smoke cigarettes,NA
325750,1999,Never wore a helmet,NA,Yes,15 or 16 years old,0 days,Did not smoke cigarettes,NA
325727,1999,Did not ride a bicycle,NA,Yes,9 or 10 years old,0 days,Did not smoke cigarettes,NA
325792,1999,Never wore a helmet,NA,Yes,9 or 10 years old,All 30 days,More than 20 cigarettes,NA
766506,2007,Did not ride a bicycle,NA,Yes,13 or 14 years old,0 days,Did not smoke cigarettes,NA
926622,2009,Never wore a helmet,NA,Yes,Never smoked a cigarette,0 days,Did not smoke cigarettes,FALSE
641785,2005,Never wore a helmet,NA,Yes,Never smoked a cigarette,0 days,Did not smoke cigarettes,NA
629565,2005,Never wore a helmet,NA,No,Never smoked a cigarette,0 days,Did not smoke cigarettes,NA
396356,2001,Never wore a helmet,NA,Yes,Never smoked a cigarette,0 days,Did not smoke cigarettes,NA
260936,1997,Did not ride a bicycle,NA,No,Never smoked a cigarette,0 days,Did not smoke cigarettes,NA
503801,2003,Never wore a helmet,NA,Yes,9 or 10 years old,0 days,Did not smoke cigarettes,NA
120082,1993,Did not ride a bicycle,NA,Yes,13 or 14 years old,0 days,Did not smoke cigarettes,NA
512750,2003,Sometimes wore a helmet,NA,Yes,15 or 16 years old,0 days,Did not smoke cigarettes,NA
1315342,2013,Never wore a helmet,1 or 2 days,Yes,15 or 16 years old,1 or 2 days,1 cigarette,FALSE
1103102,2011,Never wore a helmet,NA,Yes,Never smoked a cigarette,0 days,Did not smoke cigarettes,TRUE
774037,2007,Always wore a helmet,NA,Yes,17 years old or older,0 days,Did not smoke cigarettes,NA
1315963,2013,Never wore a helmet,All 30 days,Yes,15 or 16 years old,0 days,Did not smoke cigarettes,FALSE
323851,1999,Never wore a helmet,NA,Yes,Never smoked a cigarette,0 days,Did not smoke cigarettes,NA
34847,1991,Did not ride a bicycle,NA,No,Never smoked a cigarette,0 days,Did not smoke cigarettes,NA
512558,2003,Never wore a helmet,NA,Yes,15 or 16 years old,1 or 2 days,1 cigarette,NA
773837,2007,Did not ride a bicycle,NA,No,Never smoked a cigarette,0 days,Did not smoke cigarettes,NA
264837,1997,Did not ride a bicycle,NA,Yes,Never smoked a cigarette,0 days,Did not smoke cigarettes,NA
768828,2007,Always wore a helmet,NA,No,Never smoked a cigarette,0 days,Did not smoke cigarettes,NA
506963,2003,Rarely wore a helmet,NA,No,Never smoked a cigarette,0 days,Did not smoke cigarettes,NA
1107706,2011,Never wore a helmet,NA,Yes,13 or 14 years old,0 days,Did not smoke cigarettes,FALSE
630788,2005,Rarely wore a helmet,NA,No,Never smoked a cigarette,0 days,Did not smoke cigarettes,NA
1315476,2013,Never wore a helmet,All 30 days,No,Never smoked a cigarette,0 days,Did not smoke cigarettes,TRUE
112476,1993,Never wore a helmet,NA,No,Never smoked a cigarette,0 days,Did not smoke cigarettes,NA
264523,1997,Most of the time wore a helmet,NA,Yes,13 or 14 years old,0 days,Did not smoke cigarettes,NA
772059,2007,Never wore a helmet,NA,Yes,13 or 14 years old,All 30 days,11 to 20 cigarettes,NA
641798,2005,Sometimes wore a helmet,NA,NA,NA,0 days,Did not smoke cigarettes,NA
769502,2007,Most of the time wore a helmet,NA,No,Never smoked a cigarette,0 days,Did not smoke cigarettes,NA
766783,2007,Did not ride a bicycle,NA,No,Never smoked a cigarette,0 days,Did not smoke cigarettes,NA
123142,1993,Never wore a helmet,NA,Yes,13 or 14 years old,1 or 2 days,1 cigarette,NA
1096588,2011,NA,NA,NA,Never smoked a cigarette,0 days,Did not smoke cigarettes,NA
1097927,2011,Rarely wore a helmet,NA,No,Never smoked a cigarette,0 days,Did not smoke cigarettes,FALSE
766377,2007,Never wore a helmet,NA,Yes,17 years old or older,10 to 19 days,6 to 10 cigarettes,NA
761483,2007,Sometimes wore a helmet,NA,No,Never smoked a cigarette,0 days,Did not smoke cigarettes,NA
932278,2009,Sometimes wore a helmet,NA,No,Never smoked a cigarette,0 days,Did not smoke cigarettes,FALSE
34238,1991,Never wore a helmet,NA,Yes,9 or 10 years old,0 days,Did not smoke cigarettes,NA
40599,1991,Did not ride a bicycle,NA,Yes,11 or 12 years old,0 days,Did not smoke cigarettes,NA
1306918,2013,Did not ride a bicycle,0 days,No,Never smoked a cigarette,0 days,Did not smoke cigarettes,FALSE
187841,1995,Never wore a helmet,NA,No,Never smoked a cigarette,0 days,Did not smoke cigarettes,NA
1108109,2011,Never wore a helmet,NA,No,Never smoked a cigarette,0 days,Did not smoke cigarettes,TRUE
1108453,2011,Never wore a helmet,NA,Yes,8 years old or younger,0 days,Did not smoke cigarettes,FALSE
335341,1999,Never wore a helmet,NA,NA,NA,0 days,Did not smoke cigarettes,NA
635514,2005,Sometimes wore a helmet,NA,No,Never smoked a cigarette,0 days,Did not smoke cigarettes,NA
37237,1991,NA,NA,Yes,9 or 10 years old,0 days,Did not smoke cigarettes,NA
119434,1993,Never wore a helmet,NA,No,Never smoked a cigarette,0 days,Did not smoke cigarettes,NA
1311060,2013,Did not ride a bicycle,0 days,Yes,13 or 14 years old,0 days,Did not smoke cigarettes,TRUE
33937,1991,Did not ride a bicycle,NA,Yes,11 or 12 years old,All 30 days,2 to 5 cigarettes,NA
257116,1997,Never wore a helmet,NA,NA,Never smoked a cigarette,0 days,Did not smoke cigarettes,NA
1097231,2011,Never wore a helmet,NA,No,Never smoked a cigarette,0 days,Did not smoke cigarettes,FALSE
1313893,2013,Did not ride a bicycle,0 days,No,Never smoked a cigarette,0 days,Did not smoke cigarettes,FALSE
262298,1997,Did not ride a bicycle,NA,Yes,Never smoked a cigarette,0 days,Did not smoke cigarettes,NA
265294,1997,Did not ride a bicycle,NA,No,Never smoked a cigarette,0 days,Did not smoke cigarettes,NA
407338,2001,Never wore a helmet,NA,Yes,15 or 16 years old,1 or 2 days,Less than 1 cigarette,NA
1316677,2013,Did not ride a bicycle,3 to 5 days,No,Never smoked a cigarette,0 days,Did not smoke cigarettes,FALSE
399883,2001,Rarely wore a helmet,NA,Yes,15 or 16 years old,10 to 19 days,1 cigarette,NA
935814,2009,Never wore a helmet,NA,Yes,9 or 10 years old,6 to 9 days,1 cigarette,FALSE
509626,2003,Did not ride a bicycle,NA,No,Never smoked a cigarette,0 days,Did not smoke cigarettes,NA
922970,2009,Did not ride a bicycle,NA,No,Never smoked a cigarette,0 days,Did not smoke cigarettes,TRUE
772554,2007,Did not ride a bicycle,NA,No,Never smoked a cigarette,0 days,Did not smoke cigarettes,NA
1314899,2013,Always wore a helmet,I did not drive the past 30 days,No,Never smoked a cigarette,0 days,Did not smoke cigarettes,TRUE
334092,1999,Did not ride a bicycle,NA,No,Never smoked a cigarette,0 days,Did not smoke cigarettes,NA
931913,2009,Never wore a helmet,NA,Yes,11 or 12 years old,0 days,Did not smoke cigarettes,FALSE
185222,1995,Always wore a helmet,NA,No,Never smoked a cigarette,0 days,Did not smoke cigarettes,NA
503713,2003,Rarely wore a helmet,NA,No,Never smoked a cigarette,0 days,Did not smoke cigarettes,NA
500423,2003,Rarely wore a helmet,NA,No,Never smoked a cigarette,0 days,Did not smoke cigarettes,NA
260835,1997,Never wore a helmet,NA,No,Never smoked a cigarette,0 days,Did not smoke cigarettes,NA
1313147,2013,Did not ride a bicycle,I did not drive the past 30 days,No,Never smoked a cigarette,0 days,Did not smoke cigarettes,FALSE
767858,2007,NA,NA,Yes,Never smoked a cigarette,0 days,Did not smoke cigarettes,NA
509696,2003,Never wore a helmet,NA,No,Never smoked a cigarette,0 days,Did not smoke cigarettes,NA
268628,1997,Did not ride a bicycle,NA,No,Never smoked a cigarette,0 days,Did not smoke cigarettes,NA
1311599,2013,Did not ride a bicycle,I did not drive the past 30 days,No,Never smoked a cigarette,0 days,Did not smoke cigarettes,FALSE
634101,2005,Did not ride a bicycle,NA,NA,NA,0 days,Did not smoke cigarettes,NA
1308366,2013,Never wore a helmet,1 or 2 days,Yes,15 or 16 years old,3 to 5 days,1 cigarette,FALSE
183597,1995,Did not ride a bicycle,NA,Yes,13 or 14 years old,All 30 days,6 to 10 cigarettes,NA
922342,2009,Never wore a helmet,NA,No,Never smoked a cigarette,0 days,Did not smoke cigarettes,TRUE
39093,1991,Never wore a helmet,NA,No,Never smoked a cigarette,0 days,Did not smoke cigarettes,NA
929097,2009,Never wore a helmet,NA,Yes,11 or 12 years old,3 to 5 days,Less than 1 cigarette,FALSE
933986,2009,Never wore a helmet,NA,Yes,Never smoked a cigarette,0 days,Did not smoke cigarettes,FALSE
32975,1991,Never wore a helmet,NA,No,Never smoked a cigarette,0 days,Did not smoke cigarettes,NA
408872,2001,Did not ride a bicycle,NA,Yes,Never smoked a cigarette,0 days,Did not smoke cigarettes,NA
114992,1993,Never wore a helmet,NA,Yes,13 or 14 years old,0 days,Did not smoke cigarettes,NA
39498,1991,Did not ride a bicycle,NA,Yes,8 years old or younger,All 30 days,2 to 5 cigarettes,NA
111615,1993,NA,NA,No,Never smoked a cigarette,0 days,Did not smoke cigarettes,NA
120066,1993,Never wore a helmet,NA,No,Never smoked a cigarette,0 days,Did not smoke cigarettes,NA
36315,1991,Never wore a helmet,NA,Yes,9 or 10 years old,All 30 days,11 to 20 cigarettes,NA
269244,1997,Never wore a helmet,NA,Yes,Never smoked a cigarette,0 days,Did not smoke cigarettes,NA
183473,1995,Never wore a helmet,NA,No,Never smoked a cigarette,0 days,Did not smoke cigarettes,NA
183926,1995,Never wore a helmet,NA,No,Never smoked a cigarette,0 days,Did not smoke cigarettes,NA
509349,2003,Most of the time wore a helmet,NA,No,Never smoked a cigarette,0 days,Did not smoke cigarettes,NA
764823,2007,Never wore a helmet,NA,Yes,15 or 16 years old,0 days,Did not smoke cigarettes,NA
638295,2005,Did not ride a bicycle,NA,Yes,9 or 10 years old,0 days,Did not smoke cigarettes,NA
260471,1997,Did not ride a bicycle,NA,Yes,13 or 14 years old,6 to 9 days,1 cigarette,NA
1303711,2013,Always wore a helmet,I did not drive the past 30 days,No,Never smoked a cigarette,0 days,Did not smoke cigarettes,FALSE
35074,1991,Never wore a helmet,NA,Yes,13 or 14 years old,1 or 2 days,Less than 1 cigarette,NA
635433,2005,Did not ride a bicycle,NA,No,Never smoked a cigarette,0 days,Did not smoke cigarettes,NA
937703,2009,Did not ride a bicycle,NA,NA,Never smoked a cigarette,0 days,Did not smoke cigarettes,FALSE
634448,2005,Never wore a helmet,NA,No,Never smoked a cigarette,0 days,Did not smoke cigarettes,NA
33912,1991,Never wore a helmet,NA,Yes,13 or 14 years old,3 to 5 days,Less than 1 cigarette,NA
180560,1995,Never wore a helmet,NA,No,Never smoked a cigarette,0 days,Did not smoke cigarettes,NA
329768,1999,Did not ride a bicycle,NA,No,Never smoked a cigarette,0 days,Did not smoke cigarettes,NA
38845,1991,Never wore a helmet,NA,Yes,13 or 14 years old,0 days,Did not smoke cigarettes,NA
189683,1995,Never wore a helmet,NA,Yes,11 or 12 years old,20 to 29 days,2 to 5 cigarettes,NA
1108328,2011,Did not ride a bicycle,NA,NA,NA,0 days,NA,TRUE
38256,1991,Rarely wore a helmet,NA,Yes,Never smoked a cigarette,0 days,Did not smoke cigarettes,NA
262273,1997,Did not ride a bicycle,NA,No,Never smoked a cigarette,0 days,Did not smoke cigarettes,NA
267253,1997,Never wore a helmet,NA,NA,Never smoked a cigarette,0 days,Did not smoke cigarettes,NA
929016,2009,Did not ride a bicycle,NA,No,Never smoked a cigarette,0 days,Did not smoke cigarettes,FALSE
631043,2005,Never wore a helmet,NA,Yes,13 or 14 years old,3 to 5 days,Less than 1 cigarette,NA
501909,2003,Never wore a helmet,NA,No,Never smoked a cigarette,0 days,Did not smoke cigarettes,NA
1105144,2011,Did not ride a bicycle,NA,No,Never smoked a cigarette,0 days,Did not smoke cigarettes,FALSE
767484,2007,Did not ride a bicycle,NA,Yes,15 or 16 years old,All 30 days,2 to 5 cigarettes,NA
1098628,2011,Never wore a helmet,NA,NA,NA,0 days,Did not smoke cigarettes,TRUE
187750,1995,Did not ride a bicycle,NA,No,Never smoked a cigarette,0 days,Did not smoke cigarettes,NA
509442,2003,Never wore a helmet,NA,No,Never smoked a cigarette,0 days,Did not smoke cigarettes,NA
116090,1993,Never wore a helmet,NA,Yes,11 or 12 years old,0 days,Did not smoke cigarettes,NA
332252,1999,Never wore a helmet,NA,No,Never smoked a cigarette,0 days,Did not smoke cigarettes,NA
41001,1991,Did not ride a bicycle,NA,Yes,15 or 16 years old,1 or 2 days,1 cigarette,NA
1103202,2011,Did not ride a bicycle,NA,Yes,15 or 16 years old,10 to 19 days,2 to 5 cigarettes,FALSE
181979,1995,Never wore a helmet,NA,Yes,13 or 14 years old,0 days,Did not smoke cigarettes,NA
1304338,2013,Never wore a helmet,I did not drive the past 30 days,No,Never smoked a cigarette,0 days,Did not smoke cigarettes,FALSE
262833,1997,Never wore a helmet,NA,Yes,11 or 12 years old,10 to 19 days,2 to 5 cigarettes,NA
760669,2007,Never wore a helmet,NA,No,Never smoked a cigarette,0 days,Did not smoke cigarettes,NA
1315996,2013,Never wore a helmet,0 days,Yes,11 or 12 years old,All 30 days,More than 20 cigarettes,TRUE
270868,1997,Did not ride a bicycle,NA,No,Never smoked a cigarette,0 days,Did not smoke cigarettes,NA
1309335,2013,Most of the time wore a helmet,10 to 19 days,No,Never smoked a cigarette,0 days,Did not smoke cigarettes,FALSE
183418,1995,Did not ride a bicycle,NA,Yes,13 or 14 years old,0 days,Did not smoke cigarettes,NA
771851,2007,Did not ride a bicycle,NA,No,Never smoked a cigarette,0 days,Did not smoke cigarettes,NA
1102330,2011,NA,NA,Yes,Never smoked a cigarette,0 days,Did not smoke cigarettes,FALSE
933639,2009,Most of the time wore a helmet,NA,Yes,Never smoked a cigarette,0 days,Did not smoke cigarettes,FALSE
1102329,2011,Did not ride a bicycle,NA,Yes,NA,0 days,Did not smoke cigarettes,TRUE
763668,2007,Always wore a helmet,NA,Yes,15 or 16 years old,0 days,Did not smoke cigarettes,NA
500275,2003,Did not ride a bicycle,NA,Yes,9 or 10 years old,NA,NA,NA
36846,1991,Did not ride a bicycle,NA,No,Never smoked a cigarette,0 days,Did not smoke cigarettes,NA
927214,2009,Did not ride a bicycle,NA,No,Never smoked a cigarette,0 days,Did not smoke cigarettes,FALSE
929258,2009,Rarely wore a helmet,NA,Yes,11 or 12 years old,6 to 9 days,1 cigarette,FALSE
264338,1997,Did not ride a bicycle,NA,No,Never smoked a cigarette,0 days,Did not smoke cigarettes,NA
509883,2003,Never wore a helmet,NA,No,Never smoked a cigarette,0 days,Did not smoke cigarettes,NA
330146,1999,Never wore a helmet,NA,No,Never smoked a cigarette,0 days,Did not smoke cigarettes,NA
636576,2005,Never wore a helmet,NA,No,Never smoked a cigarette,0 days,Did not smoke cigarettes,NA
1098804,2011,Never wore a helmet,NA,Yes,15 or 16 years old,NA,NA,FALSE
640048,2005,Did not ride a bicycle,NA,No,Never smoked a cigarette,0 days,Did not smoke cigarettes,NA
259047,1997,Never wore a helmet,NA,No,Never smoked a cigarette,0 days,Did not smoke cigarettes,NA
189241,1995,Did not ride a bicycle,NA,Yes,13 or 14 years old,0 days,Did not smoke cigarettes,NA
120017,1993,Never wore a helmet,NA,Yes,15 or 16 years old,0 days,Did not smoke cigarettes,NA
500251,2003,Did not ride a bicycle,NA,Yes,11 or 12 years old,0 days,Did not smoke cigarettes,NA
112748,1993,NA,NA,Yes,NA,0 days,Did not smoke cigarettes,NA
935072,2009,Never wore a helmet,NA,Yes,NA,0 days,Did not smoke cigarettes,TRUE
333968,1999,Never wore a helmet,NA,Yes,Never smoked a cigarette,0 days,Did not smoke cigarettes,NA
930808,2009,Did not ride a bicycle,NA,Yes,9 or 10 years old,0 days,Did not smoke cigarettes,FALSE
258127,1997,Rarely wore a helmet,NA,Yes,Never smoked a cigarette,0 days,Did not smoke cigarettes,NA
1315182,2013,Did not ride a bicycle,I did not drive the past 30 days,No,Never smoked a cigarette,0 days,Did not smoke cigarettes,FALSE
1304414,2013,Never wore a helmet,I did not drive the past 30 days,Yes,13 or 14 years old,1 or 2 days,1 cigarette,TRUE
40289,1991,Did not ride a bicycle,NA,Yes,13 or 14 years old,20 to 29 days,6 to 10 cigarettes,NA
396943,2001,Rarely wore a helmet,NA,Yes,Never smoked a cigarette,0 days,Did not smoke cigarettes,NA
37988,1991,Sometimes wore a helmet,NA,Yes,Never smoked a cigarette,0 days,Did not smoke cigarettes,NA
1108621,2011,Did not ride a bicycle,NA,No,Never smoked a cigarette,0 days,Did not smoke cigarettes,TRUE
637673,2005,Most of the time wore a helmet,NA,NA,Never smoked a cigarette,0 days,NA,NA
630926,2005,Did not ride a bicycle,NA,NA,9 or 10 years old,0 days,NA,NA
397283,2001,Never wore a helmet,NA,No,Never smoked a cigarette,0 days,Did not smoke cigarettes,NA
333483,1999,Most of the time wore a helmet,NA,No,Never smoked a cigarette,0 days,Did not smoke cigarettes,NA
768352,2007,Never wore a helmet,NA,NA,NA,0 days,Did not smoke cigarettes,NA
322433,1999,Always wore a helmet,NA,Yes,11 or 12 years old,0 days,Did not smoke cigarettes,NA
396934,2001,Did not ride a bicycle,NA,No,Never smoked a cigarette,0 days,Did not smoke cigarettes,NA
637838,2005,Rarely wore a helmet,NA,No,Never smoked a cigarette,0 days,Did not smoke cigarettes,NA
767302,2007,Did not ride a bicycle,NA,NA,NA,0 days,Did not smoke cigarettes,NA
636141,2005,Most of the time wore a helmet,NA,No,Never smoked a cigarette,0 days,Did not smoke cigarettes,NA
922337,2009,Did not ride a bicycle,NA,Yes,11 or 12 years old,0 days,Did not smoke cigarettes,FALSE
262421,1997,Never wore a helmet,NA,Yes,Never smoked a cigarette,0 days,Did not smoke cigarettes,NA
398397,2001,Never wore a helmet,NA,Yes,11 or 12 years old,All 30 days,11 to 20 cigarettes,NA
632497,2005,Did not ride a bicycle,NA,Yes,Never smoked a cigarette,0 days,Did not smoke cigarettes,NA
259349,1997,Never wore a helmet,NA,Yes,15 or 16 years old,0 days,Did not smoke cigarettes,NA
928573,2009,NA,NA,Yes,Never smoked a cigarette,0 days,Did not smoke cigarettes,NA
404011,2001,Did not ride a bicycle,NA,No,Never smoked a cigarette,0 days,Did not smoke cigarettes,NA
1305139,2013,Did not ride a bicycle,0 days,Yes,Never smoked a cigarette,0 days,Did not smoke cigarettes,FALSE
30661,1991,Never wore a helmet,NA,Yes,NA,0 days,Did not smoke cigarettes,NA
635621,2005,Never wore a helmet,NA,Yes,13 or 14 years old,0 days,Did not smoke cigarettes,NA
503584,2003,Did not ride a bicycle,NA,No,Never smoked a cigarette,0 days,Did not smoke cigarettes,NA
30680,1991,Never wore a helmet,NA,Yes,Never smoked a cigarette,0 days,Did not smoke cigarettes,NA
1107205,2011,Did not ride a bicycle,NA,No,Never smoked a cigarette,0 days,Did not smoke cigarettes,FALSE
182100,1995,Never wore a helmet,NA,Yes,8 years old or younger,10 to 19 days,Less than 1 cigarette,NA
1315965,2013,Did not ride a bicycle,I did not drive the past 30 days,Yes,Never smoked a cigarette,0 days,Did not smoke cigarettes,FALSE
507264,2003,Always wore a helmet,NA,NA,NA,0 days,Did not smoke cigarettes,NA
1099298,2011,Never wore a helmet,NA,Yes,11 or 12 years old,1 or 2 days,1 cigarette,FALSE
184572,1995,Did not ride a bicycle,NA,Yes,13 or 14 years old,All 30 days,11 to 20 cigarettes,NA
771068,2007,Did not ride a bicycle,NA,NA,NA,0 days,Did not smoke cigarettes,NA
1103289,2011,Never wore a helmet,NA,No,Never smoked a cigarette,0 days,Did not smoke cigarettes,FALSE
262476,1997,Never wore a helmet,NA,No,Never smoked a cigarette,0 days,Did not smoke cigarettes,NA
1105390,2011,Did not ride a bicycle,NA,No,Never smoked a cigarette,0 days,Did not smoke cigarettes,FALSE
508030,2003,Never wore a helmet,NA,No,Never smoked a cigarette,0 days,Did not smoke cigarettes,NA
760645,2007,Sometimes wore a helmet,NA,No,Never smoked a cigarette,0 days,Did not smoke cigarettes,NA
405832,2001,Did not ride a bicycle,NA,No,Never smoked a cigarette,0 days,Did not smoke cigarettes,NA
513526,2003,Did not ride a bicycle,NA,Yes,11 or 12 years old,All 30 days,2 to 5 cigarettes,NA
629683,2005,Never wore a helmet,NA,No,Never smoked a cigarette,0 days,Did not smoke cigarettes,NA
768700,2007,Never wore a helmet,NA,No,Never smoked a cigarette,0 days,Did not smoke cigarettes,NA
934793,2009,Rarely wore a helmet,NA,Yes,8 years old or younger,0 days,Did not smoke cigarettes,TRUE
1107124,2011,Never wore a helmet,NA,No,Never smoked a cigarette,0 days,Did not smoke cigarettes,FALSE
403152,2001,Did not ride a bicycle,NA,No,Never smoked a cigarette,0 days,Did not smoke cigarettes,NA
189359,1995,Never wore a helmet,NA,Yes,17 years old or older,0 days,Did not smoke cigarettes,NA
760814,2007,Always wore a helmet,NA,No,Never smoked a cigarette,0 days,Did not smoke cigarettes,NA
34607,1991,Did not ride a bicycle,NA,No,Never smoked a cigarette,0 days,Did not smoke cigarettes,NA
926472,2009,Did not ride a bicycle,NA,Yes,15 or 16 years old,0 days,Did not smoke cigarettes,FALSE
1306017,2013,Never wore a helmet,0 days,No,Never smoked a cigarette,0 days,Did not smoke cigarettes,FALSE
768139,2007,NA,NA,No,Never smoked a cigarette,0 days,Did not smoke cigarettes,NA
333624,1999,Did not ride a bicycle,NA,No,Never smoked a cigarette,0 days,Did not smoke cigarettes,NA
401677,2001,Did not ride a bicycle,NA,No,Never smoked a cigarette,0 days,Did not smoke cigarettes,NA
406945,2001,Did not ride a bicycle,NA,No,Never smoked a cigarette,0 days,Did not smoke cigarettes,NA
398117,2001,Did not ride a bicycle,NA,No,Never smoked a cigarette,0 days,Did not smoke cigarettes,NA
1101174,2011,Did not ride a bicycle,NA,Yes,15 or 16 years old,3 to 5 days,2 to 5 cigarettes,FALSE
636952,2005,Always wore a helmet,NA,NA,NA,NA,NA,NA
188481,1995,Did not ride a bicycle,NA,Yes,13 or 14 years old,0 days,Did not smoke cigarettes,NA
117631,1993,Never wore a helmet,NA,No,Never smoked a cigarette,0 days,Did not smoke cigarettes,NA
1309597,2013,Did not ride a bicycle,All 30 days,Yes,Never smoked a cigarette,0 days,Did not smoke cigarettes,FALSE
634016,2005,Never wore a helmet,NA,Yes,17 years old or older,NA,NA,NA
324678,1999,Most of the time wore a helmet,NA,Yes,15 or 16 years old,0 days,Did not smoke cigarettes,NA
268641,1997,Did not ride a bicycle,NA,Yes,13 or 14 years old,1 or 2 days,2 to 5 cigarettes,NA
929552,2009,Never wore a helmet,NA,No,Never smoked a cigarette,0 days,Did not smoke cigarettes,FALSE
265014,1997,Never wore a helmet,NA,Yes,15 or 16 years old,NA,NA,NA
930564,2009,Did not ride a bicycle,NA,Yes,9 or 10 years old,0 days,Did not smoke cigarettes,FALSE
32775,1991,Never wore a helmet,NA,Yes,13 or 14 years old,10 to 19 days,2 to 5 cigarettes,NA
1097360,2011,Always wore a helmet,NA,No,Never smoked a cigarette,0 days,Did not smoke cigarettes,FALSE
115004,1993,Never wore a helmet,NA,No,Never smoked a cigarette,0 days,Did not smoke cigarettes,NA
1094620,2011,Never wore a helmet,NA,No,Never smoked a cigarette,0 days,Did not smoke cigarettes,FALSE
326688,1999,Did not ride a bicycle,NA,No,Never smoked a cigarette,0 days,Did not smoke cigarettes,NA
31360,1991,Did not ride a bicycle,NA,No,Never smoked a cigarette,0 days,Did not smoke cigarettes,NA
929098,2009,Did not ride a bicycle,NA,No,Never smoked a cigarette,0 days,Did not smoke cigarettes,FALSE
403990,2001,Did not ride a bicycle,NA,No,Never smoked a cigarette,0 days,Did not smoke cigarettes,NA
761194,2007,Never wore a helmet,NA,Yes,8 years old or younger,NA,NA,NA
1309884,2013,Did not ride a bicycle,All 30 days,No,Never smoked a cigarette,0 days,Did not smoke cigarettes,TRUE
1306140,2013,Did not ride a bicycle,I did not drive the past 30 days,No,Never smoked a cigarette,0 days,Did not smoke cigarettes,FALSE
510314,2003,Rarely wore a helmet,NA,Yes,13 or 14 years old,1 or 2 days,Less than 1 cigarette,NA
185993,1995,Never wore a helmet,NA,No,Never smoked a cigarette,0 days,Did not smoke cigarettes,NA
332500,1999,Never wore a helmet,NA,No,Never smoked a cigarette,0 days,Did not smoke cigarettes,NA
507203,2003,Did not ride a bicycle,NA,Yes,11 or 12 years old,0 days,Did not smoke cigarettes,NA
765542,2007,Most of the time wore a helmet,NA,No,Never smoked a cigarette,0 days,Did not smoke cigarettes,NA
926017,2009,Sometimes wore a helmet,NA,No,Never smoked a cigarette,0 days,Did not smoke cigarettes,FALSE
41813,1991,Did not ride a bicycle,NA,No,Never smoked a cigarette,0 days,Did not smoke cigarettes,NA
36607,1991,Rarely wore a helmet,NA,No,Never smoked a cigarette,0 days,Did not smoke cigarettes,NA
122097,1993,Did not ride a bicycle,NA,Yes,15 or 16 years old,0 days,Did not smoke cigarettes,NA
772229,2007,Never wore a helmet,NA,No,Never smoked a cigarette,0 days,Did not smoke cigarettes,NA
262658,1997,Never wore a helmet,NA,Yes,15 or 16 years old,All 30 days,6 to 10 cigarettes,NA
41230,1991,Never wore a helmet,NA,Yes,8 years old or younger,0 days,Did not smoke cigarettes,NA
256139,1997,Most of the time wore a helmet,NA,Yes,13 or 14 years old,0 days,Did not smoke cigarettes,NA
769734,2007,Always wore a helmet,NA,No,Never smoked a cigarette,0 days,Did not smoke cigarettes,NA
503891,2003,Never wore a helmet,NA,Yes,13 or 14 years old,10 to 19 days,2 to 5 cigarettes,NA
1309337,2013,Never wore a helmet,I did not drive the past 30 days,Yes,Never smoked a cigarette,0 days,Did not smoke cigarettes,FALSE
115078,1993,Never wore a helmet,NA,Yes,Never smoked a cigarette,0 days,Did not smoke cigarettes,NA
30596,1991,Never wore a helmet,NA,Yes,8 years old or younger,All 30 days,More than 20 cigarettes,NA
1311754,2013,Did not ride a bicycle,I did not drive the past 30 days,Yes,11 or 12 years old,0 days,Did not smoke cigarettes,FALSE
408705,2001,Always wore a helmet,NA,No,Never smoked a cigarette,0 days,Did not smoke cigarettes,NA
927677,2009,Never wore a helmet,NA,No,Never smoked a cigarette,0 days,Did not smoke cigarettes,FALSE
1310911,2013,Never wore a helmet,0 days,No,Never smoked a cigarette,0 days,Did not smoke cigarettes,FALSE
633417,2005,Most of the time wore a helmet,NA,No,Never smoked a cigarette,0 days,Did not smoke cigarettes,NA
187293,1995,Did not ride a bicycle,NA,Yes,13 or 14 years old,3 to 5 days,2 to 5 cigarettes,NA
639692,2005,Did not ride a bicycle,NA,NA,NA,0 days,Did not smoke cigarettes,NA
327551,1999,Never wore a helmet,NA,Yes,Never smoked a cigarette,0 days,Did not smoke cigarettes,NA
182041,1995,Never wore a helmet,NA,Yes,9 or 10 years old,1 or 2 days,Less than 1 cigarette,NA
108097,1993,Never wore a helmet,NA,No,Never smoked a cigarette,0 days,Did not smoke cigarettes,NA
110202,1993,Never wore a helmet,NA,No,Never smoked a cigarette,0 days,Did not smoke cigarettes,NA
632616,2005,Most of the time wore a helmet,NA,Yes,15 or 16 years old,6 to 9 days,Less than 1 cigarette,NA
36735,1991,Did not ride a bicycle,NA,No,Never smoked a cigarette,0 days,Did not smoke cigarettes,NA
1109251,2011,Never wore a helmet,NA,No,Never smoked a cigarette,0 days,Did not smoke cigarettes,TRUE
1308769,2013,Never wore a helmet,1 or 2 days,No,Never smoked a cigarette,0 days,Did not smoke cigarettes,FALSE
763530,2007,Never wore a helmet,NA,Yes,11 or 12 years old,20 to 29 days,6 to 10 cigarettes,NA
322425,1999,Never wore a helmet,NA,No,Never smoked a cigarette,0 days,Did not smoke cigarettes,NA
120021,1993,Did not ride a bicycle,NA,Yes,11 or 12 years old,0 days,Did not smoke cigarettes,NA
761223,2007,Did not ride a bicycle,NA,No,Never smoked a cigarette,0 days,Did not smoke cigarettes,NA
629684,2005,Did not ride a bicycle,NA,No,Never smoked a cigarette,0 days,Did not smoke cigarettes,NA
329162,1999,Rarely wore a helmet,NA,Yes,11 or 12 years old,0 days,Did not smoke cigarettes,NA
1315216,2013,Did not ride a bicycle,1 or 2 days,No,Never smoked a cigarette,0 days,Did not smoke cigarettes,FALSE
937482,2009,Never wore a helmet,NA,No,Never smoked a cigarette,0 days,Did not smoke cigarettes,FALSE
1316827,2013,Rarely wore a helmet,10 to 19 days,No,Never smoked a cigarette,0 days,Did not smoke cigarettes,FALSE
326549,1999,Never wore a helmet,NA,No,Never smoked a cigarette,0 days,Did not smoke cigarettes,NA
185512,1995,Never wore a helmet,NA,No,Never smoked a cigarette,0 days,Did not smoke cigarettes,NA
186377,1995,Never wore a helmet,NA,Yes,13 or 14 years old,1 or 2 days,Less than 1 cigarette,NA
260875,1997,Never wore a helmet,NA,Yes,Never smoked a cigarette,0 days,Did not smoke cigarettes,NA
923803,2009,Most of the time wore a helmet,NA,Yes,Never smoked a cigarette,NA,NA,FALSE
502382,2003,Never wore a helmet,NA,Yes,13 or 14 years old,NA,NA,NA
257011,1997,Did not ride a bicycle,NA,Yes,Never smoked a cigarette,0 days,Did not smoke cigarettes,NA
114133,1993,Sometimes wore a helmet,NA,No,Never smoked a cigarette,0 days,Did not smoke cigarettes,NA
505462,2003,NA,NA,Yes,13 or 14 years old,6 to 9 days,1 cigarette,NA
32447,1991,Did not ride a bicycle,NA,Yes,11 or 12 years old,All 30 days,11 to 20 cigarettes,NA
190722,1995,Did not ride a bicycle,NA,No,Never smoked a cigarette,0 days,Did not smoke cigarettes,NA
188963,1995,NA,NA,No,Never smoked a cigarette,0 days,Did not smoke cigarettes,NA
511328,2003,Sometimes wore a helmet,NA,Yes,15 or 16 years old,0 days,Did not smoke cigarettes,NA
407697,2001,Never wore a helmet,NA,Yes,Never smoked a cigarette,0 days,Did not smoke cigarettes,NA
1315434,2013,Never wore a helmet,All 30 days,Yes,15 or 16 years old,0 days,Did not smoke cigarettes,FALSE
37295,1991,Never wore a helmet,NA,Yes,Never smoked a cigarette,0 days,Did not smoke cigarettes,NA
117672,1993,Did not ride a bicycle,NA,Yes,13 or 14 years old,10 to 19 days,Less than 1 cigarette,NA
1107234,2011,Never wore a helmet,NA,Yes,8 years old or younger,NA,NA,FALSE
41802,1991,Did not ride a bicycle,NA,No,Never smoked a cigarette,0 days,Did not smoke cigarettes,NA
629096,2005,Never wore a helmet,NA,Yes,NA,NA,NA,NA
503956,2003,Did not ride a bicycle,NA,NA,NA,0 days,Did not smoke cigarettes,NA
936904,2009,Did not ride a bicycle,NA,Yes,11 or 12 years old,NA,NA,FALSE
636237,2005,Did not ride a bicycle,NA,Yes,11 or 12 years old,3 to 5 days,Less than 1 cigarette,NA
634425,2005,Did not ride a bicycle,NA,Yes,Never smoked a cigarette,0 days,Did not smoke cigarettes,NA
405013,2001,Rarely wore a helmet,NA,Yes,Never smoked a cigarette,0 days,Did not smoke cigarettes,NA
181105,1995,Never wore a helmet,NA,Yes,13 or 14 years old,NA,NA,NA
331438,1999,Never wore a helmet,NA,Yes,11 or 12 years old,20 to 29 days,2 to 5 cigarettes,NA
640018,2005,Did not ride a bicycle,NA,No,Never smoked a cigarette,0 days,Did not smoke cigarettes,NA
113881,1993,Never wore a helmet,NA,No,Never smoked a cigarette,0 days,Did not smoke cigarettes,NA
1306538,2013,Never wore a helmet,I did not drive the past 30 days,No,Never smoked a cigarette,0 days,Did not smoke cigarettes,FALSE
1312839,2013,Never wore a helmet,0 days,Yes,11 or 12 years old,0 days,Did not smoke cigarettes,TRUE
506913,2003,Most of the time wore a helmet,NA,No,Never smoked a cigarette,0 days,Did not smoke cigarettes,NA
1313115,2013,Did not ride a bicycle,0 days,No,Never smoked a cigarette,0 days,Did not smoke cigarettes,FALSE
112830,1993,Never wore a helmet,NA,Yes,Never smoked a cigarette,0 days,Did not smoke cigarettes,NA
924483,2009,Never wore a helmet,NA,No,Never smoked a cigarette,0 days,NA,TRUE
327561,1999,Never wore a helmet,NA,Yes,15 or 16 years old,0 days,Did not smoke cigarettes,NA
760768,2007,Never wore a helmet,NA,No,Never smoked a cigarette,0 days,Did not smoke cigarettes,NA
120723,1993,Did not ride a bicycle,NA,No,Never smoked a cigarette,0 days,Did not smoke cigarettes,NA
503648,2003,Did not ride a bicycle,NA,Yes,11 or 12 years old,0 days,Did not smoke cigarettes,NA
764974,2007,Did not ride a bicycle,NA,Yes,15 or 16 years old,0 days,Did not smoke cigarettes,NA
506261,2003,Never wore a helmet,NA,Yes,17 years old or older,0 days,Did not smoke cigarettes,NA
407363,2001,Did not ride a bicycle,NA,No,Never smoked a cigarette,0 days,Did not smoke cigarettes,NA
37718,1991,Never wore a helmet,NA,Yes,13 or 14 years old,0 days,Did not smoke cigarettes,NA
633864,2005,Rarely wore a helmet,NA,Yes,15 or 16 years old,6 to 9 days,2 to 5 cigarettes,NA
767550,2007,Did not ride a bicycle,NA,Yes,Never smoked a cigarette,0 days,Did not smoke cigarettes,NA
107739,1993,Did not ride a bicycle,NA,No,Never smoked a cigarette,0 days,Did not smoke cigarettes,NA
321475,1999,Did not ride a bicycle,NA,No,Never smoked a cigarette,0 days,Did not smoke cigarettes,NA
398364,2001,Never wore a helmet,NA,No,Never smoked a cigarette,0 days,Did not smoke cigarettes,NA
321881,1999,Did not ride a bicycle,NA,Yes,8 years old or younger,All 30 days,11 to 20 cigarettes,NA
324496,1999,Always wore a helmet,NA,No,Never smoked a cigarette,0 days,Did not smoke cigarettes,NA
932382,2009,Most of the time wore a helmet,NA,No,Never smoked a cigarette,0 days,Did not smoke cigarettes,FALSE
774184,2007,Always wore a helmet,NA,Yes,Never smoked a cigarette,0 days,Did not smoke cigarettes,NA
771276,2007,Sometimes wore a helmet,NA,No,Never smoked a cigarette,0 days,Did not smoke cigarettes,NA
514223,2003,Never wore a helmet,NA,Yes,13 or 14 years old,20 to 29 days,2 to 5 cigarettes,NA
268480,1997,Did not ride a bicycle,NA,Yes,Never smoked a cigarette,0 days,Did not smoke cigarettes,NA
934376,2009,Sometimes wore a helmet,NA,No,Never smoked a cigarette,0 days,Did not smoke cigarettes,TRUE
504987,2003,Never wore a helmet,NA,Yes,8 years old or younger,All 30 days,More than 20 cigarettes,NA
507159,2003,Did not ride a bicycle,NA,No,Never smoked a cigarette,0 days,Did not smoke cigarettes,NA
328960,1999,Did not ride a bicycle,NA,No,Never smoked a cigarette,0 days,Did not smoke cigarettes,NA
770998,2007,Most of the time wore a helmet,NA,Yes,Never smoked a cigarette,0 days,Did not smoke cigarettes,NA
1103973,2011,Never wore a helmet,NA,No,Never smoked a cigarette,0 days,Did not smoke cigarettes,TRUE
265456,1997,Did not ride a bicycle,NA,No,Never smoked a cigarette,0 days,Did not smoke cigarettes,NA
266687,1997,Did not ride a bicycle,NA,No,Never smoked a cigarette,0 days,Did not smoke cigarettes,NA
505839,2003,Never wore a helmet,NA,No,Never smoked a cigarette,0 days,Did not smoke cigarettes,NA
401269,2001,Never wore a helmet,NA,NA,NA,0 days,Did not smoke cigarettes,NA
183779,1995,Never wore a helmet,NA,No,Never smoked a cigarette,0 days,Did not smoke cigarettes,NA
632540,2005,Never wore a helmet,NA,NA,NA,NA,Did not smoke cigarettes,NA
38775,1991,Did not ride a bicycle,NA,Yes,Never smoked a cigarette,0 days,Did not smoke cigarettes,NA
1304857,2013,Did not ride a bicycle,I did not drive the past 30 days,No,Never smoked a cigarette,0 days,Did not smoke cigarettes,FALSE
1095429,2011,Never wore a helmet,NA,Yes,11 or 12 years old,1 or 2 days,2 to 5 cigarettes,FALSE
937875,2009,Did not ride a bicycle,NA,Yes,13 or 14 years old,0 days,Did not smoke cigarettes,FALSE
1307854,2013,Did not ride a bicycle,1 or 2 days,Yes,13 or 14 years old,NA,NA,FALSE
324400,1999,Never wore a helmet,NA,Yes,8 years old or younger,3 to 5 days,Less than 1 cigarette,NA
322998,1999,Never wore a helmet,NA,Yes,13 or 14 years old,6 to 9 days,2 to 5 cigarettes,NA
189887,1995,Rarely wore a helmet,NA,No,Never smoked a cigarette,0 days,Did not smoke cigarettes,NA
264353,1997,Did not ride a bicycle,NA,Yes,Never smoked a cigarette,0 days,Did not smoke cigarettes,NA
329354,1999,Did not ride a bicycle,NA,No,Never smoked a cigarette,0 days,Did not smoke cigarettes,NA
332347,1999,Never wore a helmet,NA,No,Never smoked a cigarette,0 days,Did not smoke cigarettes,NA
765825,2007,Sometimes wore a helmet,NA,Yes,13 or 14 years old,3 to 5 days,2 to 5 cigarettes,NA
922890,2009,Did not ride a bicycle,NA,Yes,Never smoked a cigarette,0 days,Did not smoke cigarettes,FALSE
1305169,2013,Sometimes wore a helmet,0 days,Yes,13 or 14 years old,NA,NA,FALSE
113923,1993,Did not ride a bicycle,NA,No,Never smoked a cigarette,0 days,Did not smoke cigarettes,NA
630668,2005,Did not ride a bicycle,NA,No,Never smoked a cigarette,0 days,Did not smoke cigarettes,NA
181086,1995,Never wore a helmet,NA,No,Never smoked a cigarette,0 days,Did not smoke cigarettes,NA
1106912,2011,Never wore a helmet,NA,Yes,13 or 14 years old,10 to 19 days,2 to 5 cigarettes,FALSE
924453,2009,Sometimes wore a helmet,NA,Yes,13 or 14 years old,NA,NA,TRUE
107382,1993,Never wore a helmet,NA,No,Never smoked a cigarette,0 days,Did not smoke cigarettes,NA
257618,1997,Did not ride a bicycle,NA,No,Never smoked a cigarette,0 days,Did not smoke cigarettes,NA
270597,1997,NA,NA,Yes,15 or 16 years old,3 to 5 days,2 to 5 cigarettes,NA
502188,2003,NA,NA,NA,NA,0 days,Did not smoke cigarettes,NA
768092,2007,Rarely wore a helmet,NA,Yes,Never smoked a cigarette,0 days,Did not smoke cigarettes,NA
182423,1995,Did not ride a bicycle,NA,Yes,15 or 16 years old,3 to 5 days,1 cigarette,NA
266318,1997,Never wore a helmet,NA,Yes,13 or 14 years old,1 or 2 days,Less than 1 cigarette,NA
636722,2005,Never wore a helmet,NA,Yes,NA,NA,NA,NA
268532,1997,Never wore a helmet,NA,Yes,15 or 16 years old,0 days,Did not smoke cigarettes,NA
37457,1991,Never wore a helmet,NA,Yes,11 or 12 years old,0 days,Did not smoke cigarettes,NA
630577,2005,Rarely wore a helmet,NA,NA,Never smoked a cigarette,0 days,NA,NA
262799,1997,Never wore a helmet,NA,Yes,15 or 16 years old,3 to 5 days,Less than 1 cigarette,NA
118851,1993,Did not ride a bicycle,NA,Yes,15 or 16 years old,20 to 29 days,2 to 5 cigarettes,NA
402702,2001,Always wore a helmet,NA,Yes,Never smoked a cigarette,0 days,Did not smoke cigarettes,NA
1105824,2011,Did not ride a bicycle,NA,No,Never smoked a cigarette,0 days,Did not smoke cigarettes,FALSE
188610,1995,Did not ride a bicycle,NA,Yes,9 or 10 years old,0 days,Did not smoke cigarettes,NA
1100667,2011,Always wore a helmet,NA,No,Never smoked a cigarette,0 days,Did not smoke cigarettes,FALSE
1316019,2013,Never wore a helmet,All 30 days,Yes,13 or 14 years old,0 days,Did not smoke cigarettes,TRUE
122317,1993,Did not ride a bicycle,NA,Yes,17 years old or older,1 or 2 days,Less than 1 cigarette,NA
1105325,2011,Did not ride a bicycle,NA,No,Never smoked a cigarette,0 days,Did not smoke cigarettes,FALSE
1106367,2011,NA,NA,NA,Never smoked a cigarette,0 days,Did not smoke cigarettes,NA
1314280,2013,Rarely wore a helmet,0 days,Yes,9 or 10 years old,1 or 2 days,Less than 1 cigarette,FALSE
632521,2005,Never wore a helmet,NA,No,Never smoked a cigarette,0 days,Did not smoke cigarettes,NA
934421,2009,Always wore a helmet,NA,No,Never smoked a cigarette,0 days,Did not smoke cigarettes,FALSE
190638,1995,Most of the time wore a helmet,NA,No,Never smoked a cigarette,0 days,Did not smoke cigarettes,NA
258748,1997,Never wore a helmet,NA,No,Never smoked a cigarette,0 days,Did not smoke cigarettes,NA
111335,1993,Most of the time wore a helmet,NA,Yes,Never smoked a cigarette,0 days,Did not smoke cigarettes,NA
635457,2005,Did not ride a bicycle,NA,Yes,13 or 14 years old,0 days,Did not smoke cigarettes,NA
184694,1995,NA,NA,No,Never smoked a cigarette,0 days,Did not smoke cigarettes,NA
263735,1997,Never wore a helmet,NA,Yes,11 or 12 years old,1 or 2 days,Less than 1 cigarette,NA
762889,2007,Rarely wore a helmet,NA,Yes,15 or 16 years old,20 to 29 days,2 to 5 cigarettes,NA
926028,2009,Did not ride a bicycle,NA,No,Never smoked a cigarette,0 days,Did not smoke cigarettes,FALSE
925260,2009,Did not ride a bicycle,NA,No,Never smoked a cigarette,0 days,Did not smoke cigarettes,FALSE
1107082,2011,Did not ride a bicycle,NA,No,Never smoked a cigarette,0 days,Did not smoke cigarettes,FALSE
333731,1999,Did not ride a bicycle,NA,No,Never smoked a cigarette,0 days,Did not smoke cigarettes,NA
397125,2001,Never wore a helmet,NA,No,Never smoked a cigarette,0 days,Did not smoke cigarettes,NA
41969,1991,Never wore a helmet,NA,No,Never smoked a cigarette,0 days,Did not smoke cigarettes,NA
1104821,2011,Did not ride a bicycle,NA,Yes,13 or 14 years old,1 or 2 days,Less than 1 cigarette,TRUE
40170,1991,Never wore a helmet,NA,Yes,11 or 12 years old,10 to 19 days,2 to 5 cigarettes,NA
401124,2001,Always wore a helmet,NA,Yes,Never smoked a cigarette,0 days,Did not smoke cigarettes,NA
499819,2003,Did not ride a bicycle,NA,Yes,11 or 12 years old,0 days,Did not smoke cigarettes,NA
922715,2009,Always wore a helmet,NA,No,Never smoked a cigarette,0 days,Did not smoke cigarettes,TRUE
120511,1993,Did not ride a bicycle,NA,Yes,13 or 14 years old,0 days,Did not smoke cigarettes,NA
256015,1997,Never wore a helmet,NA,No,Never smoked a cigarette,0 days,Did not smoke cigarettes,NA
1313061,2013,Never wore a helmet,1 or 2 days,Yes,Never smoked a cigarette,0 days,Did not smoke cigarettes,FALSE
500222,2003,Never wore a helmet,NA,No,Never smoked a cigarette,0 days,Did not smoke cigarettes,NA
1304919,2013,Never wore a helmet,I did not drive the past 30 days,No,Never smoked a cigarette,0 days,Did not smoke cigarettes,FALSE
1311223,2013,Never wore a helmet,NA,No,Never smoked a cigarette,0 days,Did not smoke cigarettes,FALSE
263935,1997,Sometimes wore a helmet,NA,No,Never smoked a cigarette,0 days,Did not smoke cigarettes,NA
331687,1999,Never wore a helmet,NA,Yes,Never smoked a cigarette,0 days,Did not smoke cigarettes,NA
923116,2009,Most of the time wore a helmet,NA,No,Never smoked a cigarette,0 days,Did not smoke cigarettes,FALSE
511667,2003,Did not ride a bicycle,NA,Yes,11 or 12 years old,0 days,Did not smoke cigarettes,NA
32409,1991,Never wore a helmet,NA,Yes,11 or 12 years old,0 days,Did not smoke cigarettes,NA
1105612,2011,Did not ride a bicycle,NA,Yes,11 or 12 years old,0 days,Did not smoke cigarettes,FALSE
31441,1991,Never wore a helmet,NA,No,Never smoked a cigarette,0 days,Did not smoke cigarettes,NA
402896,2001,Never wore a helmet,NA,Yes,Never smoked a cigarette,0 days,Did not smoke cigarettes,NA
404184,2001,Rarely wore a helmet,NA,No,Never smoked a cigarette,0 days,Did not smoke cigarettes,NA
1098076,2011,Did not ride a bicycle,NA,No,Never smoked a cigarette,0 days,Did not smoke cigarettes,FALSE
773310,2007,Never wore a helmet,NA,NA,Never smoked a cigarette,0 days,NA,NA
1094693,2011,Never wore a helmet,NA,No,Never smoked a cigarette,0 days,Did not smoke cigarettes,FALSE
637932,2005,Did not ride a bicycle,NA,Yes,13 or 14 years old,NA,NA,NA
114455,1993,Never wore a helmet,NA,Yes,9 or 10 years old,All 30 days,11 to 20 cigarettes,NA
121881,1993,NA,NA,No,Never smoked a cigarette,0 days,Did not smoke cigarettes,NA
189723,1995,Never wore a helmet,NA,No,Never smoked a cigarette,0 days,Did not smoke cigarettes,NA
1303622,2013,Did not ride a bicycle,I did not drive the past 30 days,No,Never smoked a cigarette,0 days,Did not smoke cigarettes,FALSE
513512,2003,Did not ride a bicycle,NA,Yes,15 or 16 years old,1 or 2 days,2 to 5 cigarettes,NA
111775,1993,Never wore a helmet,NA,No,Never smoked a cigarette,0 days,Did not smoke cigarettes,NA
502247,2003,Most of the time wore a helmet,NA,No,Never smoked a cigarette,0 days,Did not smoke cigarettes,NA
641597,2005,Never wore a helmet,NA,Yes,Never smoked a cigarette,NA,NA,NA
1316809,2013,Did not ride a bicycle,0 days,Yes,Never smoked a cigarette,0 days,Did not smoke cigarettes,FALSE
182421,1995,Did not ride a bicycle,NA,No,Never smoked a cigarette,0 days,Did not smoke cigarettes,NA
109400,1993,Never wore a helmet,NA,Yes,9 or 10 years old,All 30 days,2 to 5 cigarettes,NA
329956,1999,Did not ride a bicycle,NA,Yes,13 or 14 years old,0 days,Did not smoke cigarettes,NA
1306987,2013,Did not ride a bicycle,3 to 5 days,No,Never smoked a cigarette,0 days,Did not smoke cigarettes,FALSE
925255,2009,Did not ride a bicycle,NA,No,Never smoked a cigarette,0 days,Did not smoke cigarettes,FALSE
513371,2003,Did not ride a bicycle,NA,No,Never smoked a cigarette,0 days,Did not smoke cigarettes,NA
404123,2001,Did not ride a bicycle,NA,Yes,13 or 14 years old,0 days,Did not smoke cigarettes,NA
766117,2007,NA,NA,No,Never smoked a cigarette,0 days,Did not smoke cigarettes,NA
508748,2003,Did not ride a bicycle,NA,No,Never smoked a cigarette,0 days,Did not smoke cigarettes,NA
182242,1995,Did not ride a bicycle,NA,Yes,15 or 16 years old,0 days,Did not smoke cigarettes,NA
334127,1999,Never wore a helmet,NA,No,Never smoked a cigarette,0 days,Did not smoke cigarettes,NA
112595,1993,NA,NA,Yes,13 or 14 years old,NA,NA,NA
512663,2003,Sometimes wore a helmet,NA,No,Never smoked a cigarette,0 days,Did not smoke cigarettes,NA
116076,1993,Never wore a helmet,NA,Yes,13 or 14 years old,1 or 2 days,2 to 5 cigarettes,NA
1097987,2011,Did not ride a bicycle,NA,Yes,Never smoked a cigarette,0 days,Did not smoke cigarettes,FALSE
257287,1997,Most of the time wore a helmet,NA,No,Never smoked a cigarette,0 days,Did not smoke cigarettes,NA
934419,2009,Always wore a helmet,NA,No,Never smoked a cigarette,0 days,Did not smoke cigarettes,FALSE
260382,1997,Never wore a helmet,NA,No,Never smoked a cigarette,0 days,Did not smoke cigarettes,NA
1305262,2013,Did not ride a bicycle,I did not drive the past 30 days,Yes,13 or 14 years old,All 30 days,6 to 10 cigarettes,FALSE
511567,2003,Did not ride a bicycle,NA,No,Never smoked a cigarette,0 days,Did not smoke cigarettes,NA
263817,1997,Did not ride a bicycle,NA,Yes,8 years old or younger,10 to 19 days,2 to 5 cigarettes,NA
1108875,2011,Did not ride a bicycle,NA,Yes,13 or 14 years old,All 30 days,2 to 5 cigarettes,FALSE
260381,1997,Never wore a helmet,NA,No,Never smoked a cigarette,0 days,Did not smoke cigarettes,NA
509708,2003,Never wore a helmet,NA,No,Never smoked a cigarette,0 days,Did not smoke cigarettes,NA
262814,1997,Did not ride a bicycle,NA,No,Never smoked a cigarette,0 days,Did not smoke cigarettes,NA
407256,2001,Sometimes wore a helmet,NA,Yes,13 or 14 years old,0 days,Did not smoke cigarettes,NA
263110,1997,Did not ride a bicycle,NA,No,Never smoked a cigarette,0 days,Did not smoke cigarettes,NA
36692,1991,Never wore a helmet,NA,Yes,11 or 12 years old,0 days,Did not smoke cigarettes,NA
931227,2009,Did not ride a bicycle,NA,No,Never smoked a cigarette,0 days,Did not smoke cigarettes,FALSE
938093,2009,Never wore a helmet,NA,No,Never smoked a cigarette,0 days,Did not smoke cigarettes,FALSE
505765,2003,Sometimes wore a helmet,NA,Yes,15 or 16 years old,0 days,Did not smoke cigarettes,NA
39393,1991,Never wore a helmet,NA,No,Never smoked a cigarette,0 days,Did not smoke cigarettes,NA
632761,2005,Did not ride a bicycle,NA,Yes,9 or 10 years old,3 to 5 days,Less than 1 cigarette,NA
936227,2009,Never wore a helmet,NA,No,Never smoked a cigarette,0 days,Did not smoke cigarettes,FALSE
773811,2007,Most of the time wore a helmet,NA,No,Never smoked a cigarette,0 days,Did not smoke cigarettes,NA
185732,1995,Never wore a helmet,NA,NA,Never smoked a cigarette,0 days,Did not smoke cigarettes,NA
1104027,2011,Never wore a helmet,NA,NA,NA,0 days,Did not smoke cigarettes,FALSE
773406,2007,Rarely wore a helmet,NA,NA,NA,0 days,Did not smoke cigarettes,NA
115267,1993,Never wore a helmet,NA,No,Never smoked a cigarette,0 days,Did not smoke cigarettes,NA
930031,2009,NA,NA,Yes,13 or 14 years old,10 to 19 days,2 to 5 cigarettes,TRUE
1096281,2011,Most of the time wore a helmet,NA,No,Never smoked a cigarette,0 days,Did not smoke cigarettes,FALSE
257989,1997,Most of the time wore a helmet,NA,Yes,13 or 14 years old,6 to 9 days,1 cigarette,NA
931258,2009,Did not ride a bicycle,NA,No,Never smoked a cigarette,0 days,Did not smoke cigarettes,FALSE
118011,1993,Never wore a helmet,NA,Yes,15 or 16 years old,3 to 5 days,2 to 5 cigarettes,NA
925680,2009,Rarely wore a helmet,NA,Yes,13 or 14 years old,0 days,Did not smoke cigarettes,FALSE
1107235,2011,Never wore a helmet,NA,Yes,9 or 10 years old,0 days,Did not smoke cigarettes,FALSE
397284,2001,Rarely wore a helmet,NA,Yes,15 or 16 years old,1 or 2 days,Less than 1 cigarette,NA
42095,1991,Never wore a helmet,NA,No,Never smoked a cigarette,0 days,Did not smoke cigarettes,NA
765581,2007,Did not ride a bicycle,NA,No,Never smoked a cigarette,0 days,Did not smoke cigarettes,NA
1095743,2011,Rarely wore a helmet,NA,Yes,15 or 16 years old,0 days,Did not smoke cigarettes,FALSE
502192,2003,Did not ride a bicycle,NA,Yes,15 or 16 years old,1 or 2 days,1 cigarette,NA
1095401,2011,Did not ride a bicycle,NA,No,Never smoked a cigarette,0 days,Did not smoke cigarettes,TRUE
1099641,2011,Did not ride a bicycle,NA,No,Never smoked a cigarette,0 days,Did not smoke cigarettes,FALSE
35658,1991,Did not ride a bicycle,NA,Yes,Never smoked a cigarette,0 days,Did not smoke cigarettes,NA
399792,2001,Never wore a helmet,NA,No,Never smoked a cigarette,0 days,Did not smoke cigarettes,NA
327917,1999,Never wore a helmet,NA,No,Never smoked a cigarette,0 days,Did not smoke cigarettes,NA
631929,2005,Never wore a helmet,NA,No,Never smoked a cigarette,0 days,Did not smoke cigarettes,NA
396747,2001,Never wore a helmet,NA,Yes,Never smoked a cigarette,0 days,Did not smoke cigarettes,NA
764293,2007,NA,NA,No,Never smoked a cigarette,0 days,Did not smoke cigarettes,NA
42033,1991,NA,NA,Yes,Never smoked a cigarette,0 days,Did not smoke cigarettes,NA
1096758,2011,NA,NA,No,Never smoked a cigarette,0 days,Did not smoke cigarettes,NA
118036,1993,Never wore a helmet,NA,Yes,9 or 10 years old,0 days,Did not smoke cigarettes,NA
1100852,2011,Never wore a helmet,NA,Yes,9 or 10 years old,0 days,Did not smoke cigarettes,FALSE
405673,2001,Never wore a helmet,NA,No,Never smoked a cigarette,0 days,Did not smoke cigarettes,NA
1095222,2011,Never wore a helmet,NA,No,Never smoked a cigarette,0 days,Did not smoke cigarettes,FALSE
631428,2005,Never wore a helmet,NA,No,Never smoked a cigarette,0 days,Did not smoke cigarettes,NA
31639,1991,Did not ride a bicycle,NA,Yes,9 or 10 years old,0 days,Did not smoke cigarettes,NA
261421,1997,Never wore a helmet,NA,Yes,13 or 14 years old,6 to 9 days,2 to 5 cigarettes,NA
506129,2003,Never wore a helmet,NA,No,Never smoked a cigarette,0 days,Did not smoke cigarettes,NA
929768,2009,Never wore a helmet,NA,Yes,11 or 12 years old,6 to 9 days,6 to 10 cigarettes,TRUE
631287,2005,Always wore a helmet,NA,No,Never smoked a cigarette,0 days,Did not smoke cigarettes,NA
1096476,2011,Did not ride a bicycle,NA,Yes,Never smoked a cigarette,0 days,Did not smoke cigarettes,FALSE
1309770,2013,Never wore a helmet,All 30 days,Yes,Never smoked a cigarette,0 days,Did not smoke cigarettes,FALSE
930522,2009,Did not ride a bicycle,NA,Yes,11 or 12 years old,0 days,Did not smoke cigarettes,FALSE
503501,2003,Always wore a helmet,NA,No,Never smoked a cigarette,0 days,Did not smoke cigarettes,NA
399109,2001,Always wore a helmet,NA,Yes,13 or 14 years old,6 to 9 days,2 to 5 cigarettes,NA
638943,2005,Never wore a helmet,NA,No,Never smoked a cigarette,0 days,Did not smoke cigarettes,NA
508719,2003,Sometimes wore a helmet,NA,Yes,13 or 14 years old,1 or 2 days,Less than 1 cigarette,NA
269557,1997,Did not ride a bicycle,NA,NA,Never smoked a cigarette,0 days,Did not smoke cigarettes,NA
927047,2009,Never wore a helmet,NA,Yes,13 or 14 years old,All 30 days,6 to 10 cigarettes,FALSE
40344,1991,Most of the time wore a helmet,NA,No,Never smoked a cigarette,0 days,Did not smoke cigarettes,NA
933405,2009,Did not ride a bicycle,NA,Yes,13 or 14 years old,1 or 2 days,Less than 1 cigarette,FALSE
122676,1993,Did not ride a bicycle,NA,Yes,11 or 12 years old,0 days,Did not smoke cigarettes,NA
116245,1993,Never wore a helmet,NA,No,Never smoked a cigarette,0 days,Did not smoke cigarettes,NA
512311,2003,Did not ride a bicycle,NA,Yes,13 or 14 years old,0 days,Did not smoke cigarettes,NA
398439,2001,Most of the time wore a helmet,NA,No,Never smoked a cigarette,0 days,Did not smoke cigarettes,NA
924226,2009,Never wore a helmet,NA,No,Never smoked a cigarette,0 days,Did not smoke cigarettes,FALSE
186633,1995,Did not ride a bicycle,NA,NA,Never smoked a cigarette,0 days,Did not smoke cigarettes,NA
259604,1997,Never wore a helmet,NA,NA,Never smoked a cigarette,0 days,Did not smoke cigarettes,NA
1098421,2011,NA,NA,NA,13 or 14 years old,0 days,Did not smoke cigarettes,FALSE
640655,2005,Did not ride a bicycle,NA,No,Never smoked a cigarette,0 days,Did not smoke cigarettes,NA
326291,1999,Did not ride a bicycle,NA,Yes,8 years old or younger,6 to 9 days,2 to 5 cigarettes,NA
768252,2007,Did not ride a bicycle,NA,No,Never smoked a cigarette,0 days,Did not smoke cigarettes,NA
1096653,2011,Never wore a helmet,NA,NA,Never smoked a cigarette,0 days,NA,FALSE
633728,2005,Did not ride a bicycle,NA,No,Never smoked a cigarette,0 days,Did not smoke cigarettes,NA
329137,1999,Did not ride a bicycle,NA,Yes,13 or 14 years old,0 days,Did not smoke cigarettes,NA
38721,1991,Never wore a helmet,NA,Yes,Never smoked a cigarette,0 days,Did not smoke cigarettes,NA
396300,2001,Did not ride a bicycle,NA,Yes,9 or 10 years old,0 days,Did not smoke cigarettes,NA
935773,2009,Did not ride a bicycle,NA,No,Never smoked a cigarette,0 days,Did not smoke cigarettes,FALSE
267428,1997,Did not ride a bicycle,NA,Yes,13 or 14 years old,1 or 2 days,2 to 5 cigarettes,NA
1305205,2013,Never wore a helmet,0 days,Yes,9 or 10 years old,NA,NA,FALSE
632692,2005,Never wore a helmet,NA,No,Never smoked a cigarette,0 days,Did not smoke cigarettes,NA
499852,2003,Rarely wore a helmet,NA,Yes,Never smoked a cigarette,0 days,NA,NA
1105080,2011,Did not ride a bicycle,NA,No,Never smoked a cigarette,0 days,Did not smoke cigarettes,FALSE
38985,1991,Did not ride a bicycle,NA,No,Never smoked a cigarette,0 days,Did not smoke cigarettes,NA
1098352,2011,Never wore a helmet,NA,No,Never smoked a cigarette,0 days,Did not smoke cigarettes,FALSE
764052,2007,Most of the time wore a helmet,NA,No,Never smoked a cigarette,0 days,Did not smoke cigarettes,NA
330402,1999,Never wore a helmet,NA,No,Never smoked a cigarette,0 days,Did not smoke cigarettes,NA
923359,2009,Never wore a helmet,NA,No,Never smoked a cigarette,0 days,Did not smoke cigarettes,FALSE
329344,1999,Did not ride a bicycle,NA,Yes,11 or 12 years old,0 days,Did not smoke cigarettes,NA
187032,1995,Did not ride a bicycle,NA,No,Never smoked a cigarette,0 days,Did not smoke cigarettes,NA
1107228,2011,Never wore a helmet,NA,Yes,9 or 10 years old,0 days,Did not smoke cigarettes,FALSE
1304140,2013,Never wore a helmet,I did not drive the past 30 days,Yes,13 or 14 years old,0 days,Did not smoke cigarettes,FALSE
329222,1999,Sometimes wore a helmet,NA,Yes,13 or 14 years old,10 to 19 days,1 cigarette,NA
187655,1995,Never wore a helmet,NA,Yes,13 or 14 years old,0 days,Did not smoke cigarettes,NA
109911,1993,Did not ride a bicycle,NA,No,Never smoked a cigarette,0 days,Did not smoke cigarettes,NA
767764,2007,Never wore a helmet,NA,Yes,13 or 14 years old,0 days,Did not smoke cigarettes,NA
767555,2007,Never wore a helmet,NA,Yes,13 or 14 years old,0 days,Did not smoke cigarettes,NA
1105247,2011,Never wore a helmet,NA,Yes,15 or 16 years old,All 30 days,11 to 20 cigarettes,FALSE
922623,2009,Never wore a helmet,NA,Yes,13 or 14 years old,0 days,Did not smoke cigarettes,FALSE
1308878,2013,Never wore a helmet,1 or 2 days,Yes,9 or 10 years old,0 days,Did not smoke cigarettes,FALSE
772561,2007,Always wore a helmet,NA,No,Never smoked a cigarette,0 days,Did not smoke cigarettes,NA
632628,2005,Did not ride a bicycle,NA,Yes,15 or 16 years old,0 days,Did not smoke cigarettes,NA
763130,2007,Never wore a helmet,NA,No,Never smoked a cigarette,0 days,Did not smoke cigarettes,NA
629685,2005,Did not ride a bicycle,NA,No,Never smoked a cigarette,0 days,Did not smoke cigarettes,NA
934374,2009,Rarely wore a helmet,NA,No,Never smoked a cigarette,0 days,Did not smoke cigarettes,TRUE
409337,2001,Always wore a helmet,NA,No,Never smoked a cigarette,0 days,Did not smoke cigarettes,NA
499751,2003,NA,NA,Yes,9 or 10 years old,0 days,Did not smoke cigarettes,NA
1304524,2013,Never wore a helmet,NA,No,Never smoked a cigarette,0 days,Did not smoke cigarettes,FALSE
926674,2009,Rarely wore a helmet,NA,No,Never smoked a cigarette,0 days,Did not smoke cigarettes,FALSE
327399,1999,Most of the time wore a helmet,NA,No,Never smoked a cigarette,0 days,Did not smoke cigarettes,NA
510789,2003,Sometimes wore a helmet,NA,No,Never smoked a cigarette,0 days,Did not smoke cigarettes,NA
925429,2009,Did not ride a bicycle,NA,No,Never smoked a cigarette,0 days,Did not smoke cigarettes,FALSE
35102,1991,NA,NA,Yes,11 or 12 years old,All 30 days,More than 20 cigarettes,NA
407353,2001,Did not ride a bicycle,NA,Yes,11 or 12 years old,0 days,Did not smoke cigarettes,NA
403647,2001,Did not ride a bicycle,NA,Yes,13 or 14 years old,0 days,Did not smoke cigarettes,NA
190689,1995,Never wore a helmet,NA,Yes,15 or 16 years old,1 or 2 days,Less than 1 cigarette,NA
1303572,2013,Did not ride a bicycle,I did not drive the past 30 days,Yes,8 years old or younger,All 30 days,More than 20 cigarettes,TRUE
406392,2001,Did not ride a bicycle,NA,Yes,13 or 14 years old,1 or 2 days,1 cigarette,NA
1309768,2013,Did not ride a bicycle,6 to 9 days,Yes,Never smoked a cigarette,0 days,Did not smoke cigarettes,FALSE
185156,1995,NA,NA,No,Never smoked a cigarette,0 days,Did not smoke cigarettes,NA
109914,1993,Never wore a helmet,NA,Yes,15 or 16 years old,1 or 2 days,Less than 1 cigarette,NA
120092,1993,Never wore a helmet,NA,No,Never smoked a cigarette,0 days,Did not smoke cigarettes,NA
32960,1991,Did not ride a bicycle,NA,Yes,11 or 12 years old,0 days,Did not smoke cigarettes,NA
326108,1999,Always wore a helmet,NA,Yes,13 or 14 years old,3 to 5 days,1 cigarette,NA
499346,2003,Never wore a helmet,NA,Yes,NA,3 to 5 days,Less than 1 cigarette,NA
1314520,2013,Never wore a helmet,I did not drive the past 30 days,Yes,11 or 12 years old,0 days,Did not smoke cigarettes,FALSE
1103199,2011,Rarely wore a helmet,NA,Yes,NA,3 to 5 days,Less than 1 cigarette,FALSE
405167,2001,Rarely wore a helmet,NA,No,Never smoked a cigarette,0 days,Did not smoke cigarettes,NA
640599,2005,Never wore a helmet,NA,NA,NA,0 days,Did not smoke cigarettes,NA
330239,1999,Did not ride a bicycle,NA,Yes,13 or 14 years old,0 days,Did not smoke cigarettes,NA
187501,1995,Never wore a helmet,NA,No,Never smoked a cigarette,0 days,Did not smoke cigarettes,NA
635468,2005,Most of the time wore a helmet,NA,No,Never smoked a cigarette,0 days,Did not smoke cigarettes,NA
935001,2009,NA,NA,Yes,9 or 10 years old,1 or 2 days,1 cigarette,NA
187418,1995,Did not ride a bicycle,NA,No,Never smoked a cigarette,0 days,Did not smoke cigarettes,NA
1308742,2013,Never wore a helmet,I did not drive the past 30 days,Yes,8 years old or younger,All 30 days,2 to 5 cigarettes,FALSE
1310953,2013,Did not ride a bicycle,I did not drive the past 30 days,No,Never smoked a cigarette,0 days,Did not smoke cigarettes,FALSE
262198,1997,Did not ride a bicycle,NA,NA,NA,NA,NA,NA
508059,2003,Did not ride a bicycle,NA,No,Never smoked a cigarette,0 days,Did not smoke cigarettes,NA
183700,1995,Did not ride a bicycle,NA,No,Never smoked a cigarette,0 days,Did not smoke cigarettes,NA
256261,1997,Most of the time wore a helmet,NA,Yes,13 or 14 years old,0 days,Did not smoke cigarettes,NA
112545,1993,Never wore a helmet,NA,Yes,11 or 12 years old,1 or 2 days,Less than 1 cigarette,NA
1095967,2011,Always wore a helmet,NA,No,Never smoked a cigarette,0 days,Did not smoke cigarettes,FALSE
181942,1995,Always wore a helmet,NA,No,Never smoked a cigarette,0 days,Did not smoke cigarettes,NA
271717,1997,Did not ride a bicycle,NA,Yes,15 or 16 years old,0 days,Did not smoke cigarettes,NA
1311270,2013,Did not ride a bicycle,0 days,No,Never smoked a cigarette,0 days,Did not smoke cigarettes,FALSE
1304314,2013,Never wore a helmet,0 days,No,Never smoked a cigarette,0 days,Did not smoke cigarettes,FALSE
37092,1991,Did not ride a bicycle,NA,No,Never smoked a cigarette,0 days,Did not smoke cigarettes,NA
629559,2005,Sometimes wore a helmet,NA,No,Never smoked a cigarette,0 days,Did not smoke cigarettes,NA
637305,2005,Did not ride a bicycle,NA,No,Never smoked a cigarette,0 days,Did not smoke cigarettes,NA
632309,2005,Always wore a helmet,NA,NA,Never smoked a cigarette,0 days,NA,NA
120793,1993,Did not ride a bicycle,NA,Yes,9 or 10 years old,All 30 days,1 cigarette,NA
1312685,2013,Did not ride a bicycle,0 days,No,Never smoked a cigarette,0 days,Did not smoke cigarettes,FALSE
765410,2007,NA,NA,No,Never smoked a cigarette,0 days,Did not smoke cigarettes,NA
117844,1993,Never wore a helmet,NA,No,Never smoked a cigarette,0 days,Did not smoke cigarettes,NA
1105424,2011,Sometimes wore a helmet,NA,No,Never smoked a cigarette,0 days,Did not smoke cigarettes,FALSE
506587,2003,Always wore a helmet,NA,Yes,8 years old or younger,All 30 days,More than 20 cigarettes,NA
123147,1993,Never wore a helmet,NA,No,Never smoked a cigarette,0 days,Did not smoke cigarettes,NA
406967,2001,Always wore a helmet,NA,No,Never smoked a cigarette,0 days,Did not smoke cigarettes,NA
331041,1999,Sometimes wore a helmet,NA,Yes,NA,NA,NA,NA
109385,1993,Never wore a helmet,NA,No,Never smoked a cigarette,0 days,Did not smoke cigarettes,NA
326137,1999,Did not ride a bicycle,NA,Yes,15 or 16 years old,1 or 2 days,Less than 1 cigarette,NA
186504,1995,Never wore a helmet,NA,NA,NA,NA,NA,NA
111231,1993,Never wore a helmet,NA,No,Never smoked a cigarette,0 days,Did not smoke cigarettes,NA
266837,1997,Never wore a helmet,NA,NA,Never smoked a cigarette,0 days,Did not smoke cigarettes,NA
629398,2005,Always wore a helmet,NA,No,Never smoked a cigarette,0 days,Did not smoke cigarettes,NA
772862,2007,Never wore a helmet,NA,Yes,11 or 12 years old,All 30 days,2 to 5 cigarettes,NA
499480,2003,Rarely wore a helmet,NA,Yes,13 or 14 years old,1 or 2 days,Less than 1 cigarette,NA
1107994,2011,Sometimes wore a helmet,NA,No,Never smoked a cigarette,0 days,Did not smoke cigarettes,TRUE
402100,2001,Did not ride a bicycle,NA,Yes,8 years old or younger,3 to 5 days,2 to 5 cigarettes,NA
1314457,2013,Did not ride a bicycle,0 days,Yes,Never smoked a cigarette,0 days,Did not smoke cigarettes,FALSE
640528,2005,Did not ride a bicycle,NA,Yes,15 or 16 years old,All 30 days,11 to 20 cigarettes,NA
508338,2003,Always wore a helmet,NA,No,Never smoked a cigarette,0 days,Did not smoke cigarettes,NA
1304655,2013,Sometimes wore a helmet,I did not drive the past 30 days,Yes,11 or 12 years old,1 or 2 days,Less than 1 cigarette,FALSE
119848,1993,Did not ride a bicycle,NA,No,Never smoked a cigarette,0 days,Did not smoke cigarettes,NA
636612,2005,Did not ride a bicycle,NA,Yes,9 or 10 years old,All 30 days,2 to 5 cigarettes,NA
641587,2005,Did not ride a bicycle,NA,No,Never smoked a cigarette,0 days,Did not smoke cigarettes,NA
1103416,2011,Did not ride a bicycle,NA,Yes,13 or 14 years old,1 or 2 days,2 to 5 cigarettes,FALSE
1303687,2013,Never wore a helmet,0 days,No,Never smoked a cigarette,0 days,Did not smoke cigarettes,FALSE
258100,1997,Did not ride a bicycle,NA,No,Never smoked a cigarette,0 days,Did not smoke cigarettes,NA
322145,1999,Never wore a helmet,NA,Yes,8 years old or younger,All 30 days,2 to 5 cigarettes,NA
1309224,2013,Always wore a helmet,0 days,No,Never smoked a cigarette,0 days,Did not smoke cigarettes,TRUE
402643,2001,Always wore a helmet,NA,No,Never smoked a cigarette,0 days,Did not smoke cigarettes,NA
501731,2003,Rarely wore a helmet,NA,No,Never smoked a cigarette,0 days,Did not smoke cigarettes,NA
1109433,2011,Did not ride a bicycle,NA,Yes,Never smoked a cigarette,0 days,Did not smoke cigarettes,TRUE
500361,2003,Never wore a helmet,NA,Yes,8 years old or younger,All 30 days,More than 20 cigarettes,NA
1315030,2013,Never wore a helmet,0 days,No,Never smoked a cigarette,0 days,Did not smoke cigarettes,FALSE
635449,2005,Never wore a helmet,NA,Yes,NA,1 or 2 days,Less than 1 cigarette,NA
323690,1999,Rarely wore a helmet,NA,No,Never smoked a cigarette,0 days,Did not smoke cigarettes,NA
321579,1999,Never wore a helmet,NA,Yes,11 or 12 years old,0 days,Did not smoke cigarettes,NA
113360,1993,Did not ride a bicycle,NA,No,Never smoked a cigarette,0 days,Did not smoke cigarettes,NA
265557,1997,Rarely wore a helmet,NA,No,Never smoked a cigarette,0 days,Did not smoke cigarettes,NA
115353,1993,Never wore a helmet,NA,No,Never smoked a cigarette,0 days,Did not smoke cigarettes,NA
271770,1997,Never wore a helmet,NA,No,Never smoked a cigarette,0 days,Did not smoke cigarettes,NA
115447,1993,Never wore a helmet,NA,No,Never smoked a cigarette,0 days,Did not smoke cigarettes,NA
925991,2009,Never wore a helmet,NA,No,Never smoked a cigarette,0 days,Did not smoke cigarettes,TRUE
33984,1991,Did not ride a bicycle,NA,Yes,13 or 14 years old,0 days,Did not smoke cigarettes,NA
1311582,2013,Did not ride a bicycle,I did not drive the past 30 days,Yes,13 or 14 years old,0 days,Did not smoke cigarettes,TRUE
255696,1997,Never wore a helmet,NA,Yes,11 or 12 years old,0 days,Did not smoke cigarettes,NA
189257,1995,Never wore a helmet,NA,Yes,15 or 16 years old,3 to 5 days,1 cigarette,NA
33980,1991,Did not ride a bicycle,NA,Yes,8 years old or younger,0 days,Did not smoke cigarettes,NA
501227,2003,Sometimes wore a helmet,NA,Yes,13 or 14 years old,3 to 5 days,Less than 1 cigarette,NA
189209,1995,Did not ride a bicycle,NA,NA,9 or 10 years old,10 to 19 days,1 cigarette,NA
399747,2001,Never wore a helmet,NA,Yes,Never smoked a cigarette,0 days,Did not smoke cigarettes,NA
328307,1999,Never wore a helmet,NA,Yes,11 or 12 years old,0 days,Did not smoke cigarettes,NA
182075,1995,Never wore a helmet,NA,Yes,13 or 14 years old,NA,NA,NA
1308422,2013,Rarely wore a helmet,I did not drive the past 30 days,Yes,15 or 16 years old,0 days,Did not smoke cigarettes,FALSE
262906,1997,Never wore a helmet,NA,No,Never smoked a cigarette,0 days,Did not smoke cigarettes,NA
183921,1995,Did not ride a bicycle,NA,Yes,11 or 12 years old,6 to 9 days,6 to 10 cigarettes,NA
35016,1991,Rarely wore a helmet,NA,No,Never smoked a cigarette,0 days,Did not smoke cigarettes,NA
1307791,2013,Never wore a helmet,0 days,No,Never smoked a cigarette,0 days,Did not smoke cigarettes,FALSE
118426,1993,NA,NA,Yes,13 or 14 years old,0 days,Did not smoke cigarettes,NA
190047,1995,Never wore a helmet,NA,No,Never smoked a cigarette,0 days,Did not smoke cigarettes,NA
766242,2007,Did not ride a bicycle,NA,Yes,NA,NA,NA,NA
322205,1999,Never wore a helmet,NA,No,Never smoked a cigarette,0 days,Did not smoke cigarettes,NA
768904,2007,Never wore a helmet,NA,Yes,Never smoked a cigarette,0 days,Did not smoke cigarettes,NA
185757,1995,Did not ride a bicycle,NA,No,Never smoked a cigarette,0 days,Did not smoke cigarettes,NA
764834,2007,Rarely wore a helmet,NA,Yes,Never smoked a cigarette,0 days,Did not smoke cigarettes,NA
259915,1997,Never wore a helmet,NA,No,Never smoked a cigarette,0 days,Did not smoke cigarettes,NA
120266,1993,Never wore a helmet,NA,No,Never smoked a cigarette,0 days,Did not smoke cigarettes,NA
923130,2009,Never wore a helmet,NA,No,Never smoked a cigarette,0 days,Did not smoke cigarettes,FALSE
35905,1991,Did not ride a bicycle,NA,Yes,8 years old or younger,All 30 days,11 to 20 cigarettes,NA
772046,2007,Did not ride a bicycle,NA,Yes,9 or 10 years old,0 days,Did not smoke cigarettes,NA
334432,1999,Did not ride a bicycle,NA,No,Never smoked a cigarette,0 days,Did not smoke cigarettes,NA
768528,2007,Never wore a helmet,NA,NA,9 or 10 years old,0 days,NA,NA
509557,2003,Most of the time wore a helmet,NA,No,Never smoked a cigarette,0 days,Did not smoke cigarettes,NA
396407,2001,Never wore a helmet,NA,No,Never smoked a cigarette,0 days,Did not smoke cigarettes,NA
1108966,2011,Did not ride a bicycle,NA,Yes,13 or 14 years old,All 30 days,6 to 10 cigarettes,FALSE
262337,1997,Did not ride a bicycle,NA,Yes,13 or 14 years old,0 days,Did not smoke cigarettes,NA
761476,2007,Never wore a helmet,NA,Yes,13 or 14 years old,0 days,Did not smoke cigarettes,NA
407297,2001,Did not ride a bicycle,NA,No,Never smoked a cigarette,0 days,Did not smoke cigarettes,NA
110236,1993,Never wore a helmet,NA,No,Never smoked a cigarette,0 days,Did not smoke cigarettes,NA
771930,2007,Did not ride a bicycle,NA,No,Never smoked a cigarette,0 days,Did not smoke cigarettes,NA
113423,1993,Did not ride a bicycle,NA,Yes,9 or 10 years old,NA,NA,NA
1096435,2011,Never wore a helmet,NA,NA,NA,0 days,Did not smoke cigarettes,FALSE
327769,1999,Never wore a helmet,NA,Yes,13 or 14 years old,0 days,Did not smoke cigarettes,NA
1100745,2011,Did not ride a bicycle,NA,No,Never smoked a cigarette,0 days,Did not smoke cigarettes,FALSE
34190,1991,Never wore a helmet,NA,Yes,13 or 14 years old,0 days,Did not smoke cigarettes,NA
182750,1995,Did not ride a bicycle,NA,No,Never smoked a cigarette,0 days,Did not smoke cigarettes,NA
1104357,2011,Did not ride a bicycle,NA,NA,11 or 12 years old,All 30 days,NA,FALSE
262763,1997,Did not ride a bicycle,NA,No,Never smoked a cigarette,0 days,Did not smoke cigarettes,NA
1107146,2011,Never wore a helmet,NA,No,Never smoked a cigarette,0 days,Did not smoke cigarettes,FALSE
398275,2001,Rarely wore a helmet,NA,Yes,15 or 16 years old,0 days,Did not smoke cigarettes,NA
511574,2003,Never wore a helmet,NA,Yes,17 years old or older,0 days,Did not smoke cigarettes,NA
331706,1999,Did not ride a bicycle,NA,Yes,11 or 12 years old,6 to 9 days,2 to 5 cigarettes,NA
1101709,2011,Rarely wore a helmet,NA,No,Never smoked a cigarette,0 days,Did not smoke cigarettes,FALSE
1312082,2013,Never wore a helmet,0 days,No,Never smoked a cigarette,0 days,Did not smoke cigarettes,FALSE
640047,2005,Never wore a helmet,NA,Yes,17 years old or older,20 to 29 days,2 to 5 cigarettes,NA
925663,2009,Never wore a helmet,NA,No,Never smoked a cigarette,0 days,Did not smoke cigarettes,FALSE
639420,2005,Never wore a helmet,NA,No,Never smoked a cigarette,0 days,Did not smoke cigarettes,NA
629409,2005,Never wore a helmet,NA,Yes,15 or 16 years old,3 to 5 days,Less than 1 cigarette,NA
1103781,2011,Never wore a helmet,NA,No,Never smoked a cigarette,0 days,Did not smoke cigarettes,TRUE
325955,1999,Never wore a helmet,NA,No,Never smoked a cigarette,0 days,Did not smoke cigarettes,NA
117627,1993,Did not ride a bicycle,NA,Yes,11 or 12 years old,10 to 19 days,2 to 5 cigarettes,NA
766407,2007,Never wore a helmet,NA,Yes,9 or 10 years old,All 30 days,2 to 5 cigarettes,NA
333747,1999,Never wore a helmet,NA,Yes,Never smoked a cigarette,0 days,Did not smoke cigarettes,NA
926147,2009,Did not ride a bicycle,NA,Yes,9 or 10 years old,0 days,Did not smoke cigarettes,TRUE
122927,1993,Never wore a helmet,NA,No,Never smoked a cigarette,0 days,Did not smoke cigarettes,NA
335741,1999,Never wore a helmet,NA,No,Never smoked a cigarette,0 days,Did not smoke cigarettes,NA
184964,1995,Never wore a helmet,NA,Yes,9 or 10 years old,0 days,Did not smoke cigarettes,NA
396822,2001,Never wore a helmet,NA,Yes,9 or 10 years old,All 30 days,11 to 20 cigarettes,NA
328401,1999,Did not ride a bicycle,NA,No,Never smoked a cigarette,0 days,Did not smoke cigarettes,NA
326531,1999,Never wore a helmet,NA,No,Never smoked a cigarette,0 days,Did not smoke cigarettes,NA
404886,2001,Never wore a helmet,NA,No,Never smoked a cigarette,0 days,Did not smoke cigarettes,NA
501015,2003,Never wore a helmet,NA,NA,NA,0 days,Did not smoke cigarettes,NA
332169,1999,Never wore a helmet,NA,No,Never smoked a cigarette,0 days,NA,NA
1316669,2013,Sometimes wore a helmet,1 or 2 days,No,Never smoked a cigarette,0 days,Did not smoke cigarettes,FALSE
511563,2003,Did not ride a bicycle,NA,No,Never smoked a cigarette,0 days,Did not smoke cigarettes,NA
1307968,2013,Never wore a helmet,10 to 19 days,Yes,Never smoked a cigarette,0 days,Did not smoke cigarettes,FALSE
1101320,2011,Never wore a helmet,NA,Yes,15 or 16 years old,6 to 9 days,1 cigarette,FALSE
185487,1995,Never wore a helmet,NA,No,Never smoked a cigarette,0 days,Did not smoke cigarettes,NA
322793,1999,Never wore a helmet,NA,No,Never smoked a cigarette,0 days,Did not smoke cigarettes,NA
500026,2003,Did not ride a bicycle,NA,Yes,13 or 14 years old,NA,NA,NA
634659,2005,Most of the time wore a helmet,NA,Yes,17 years old or older,1 or 2 days,1 cigarette,NA
30861,1991,Did not ride a bicycle,NA,Yes,Never smoked a cigarette,0 days,Did not smoke cigarettes,NA
507699,2003,Rarely wore a helmet,NA,No,Never smoked a cigarette,0 days,Did not smoke cigarettes,NA
328592,1999,Never wore a helmet,NA,No,Never smoked a cigarette,0 days,Did not smoke cigarettes,NA
631001,2005,Never wore a helmet,NA,No,Never smoked a cigarette,0 days,Did not smoke cigarettes,NA
1311371,2013,Never wore a helmet,I did not drive the past 30 days,No,Never smoked a cigarette,0 days,Did not smoke cigarettes,FALSE
402915,2001,Never wore a helmet,NA,No,Never smoked a cigarette,0 days,Did not smoke cigarettes,NA
122054,1993,Never wore a helmet,NA,No,Never smoked a cigarette,0 days,Did not smoke cigarettes,NA
401520,2001,Never wore a helmet,NA,Yes,15 or 16 years old,NA,NA,NA
1307832,2013,Always wore a helmet,All 30 days,Yes,15 or 16 years old,All 30 days,More than 20 cigarettes,TRUE
766034,2007,Did not ride a bicycle,NA,No,Never smoked a cigarette,0 days,Did not smoke cigarettes,NA
37519,1991,Never wore a helmet,NA,Yes,Never smoked a cigarette,0 days,Did not smoke cigarettes,NA
1098055,2011,Never wore a helmet,NA,No,Never smoked a cigarette,0 days,Did not smoke cigarettes,TRUE
770866,2007,Most of the time wore a helmet,NA,No,Never smoked a cigarette,0 days,Did not smoke cigarettes,NA
188029,1995,Never wore a helmet,NA,Yes,NA,NA,More than 20 cigarettes,NA
765159,2007,Never wore a helmet,NA,No,Never smoked a cigarette,0 days,Did not smoke cigarettes,NA
119396,1993,Never wore a helmet,NA,No,Never smoked a cigarette,0 days,Did not smoke cigarettes,NA
936689,2009,Did not ride a bicycle,NA,Yes,15 or 16 years old,0 days,Did not smoke cigarettes,TRUE
260360,1997,Never wore a helmet,NA,Yes,15 or 16 years old,0 days,Did not smoke cigarettes,NA
121188,1993,Never wore a helmet,NA,No,Never smoked a cigarette,0 days,Did not smoke cigarettes,NA
1094777,2011,Never wore a helmet,NA,NA,NA,NA,NA,FALSE
514354,2003,NA,NA,Yes,17 years old or older,0 days,Did not smoke cigarettes,NA
634734,2005,Never wore a helmet,NA,Yes,8 years old or younger,NA,NA,NA
930788,2009,Never wore a helmet,NA,No,Never smoked a cigarette,0 days,Did not smoke cigarettes,TRUE
507042,2003,Did not ride a bicycle,NA,No,Never smoked a cigarette,0 days,Did not smoke cigarettes,NA
400132,2001,Never wore a helmet,NA,No,Never smoked a cigarette,0 days,Did not smoke cigarettes,NA
503109,2003,Did not ride a bicycle,NA,Yes,13 or 14 years old,All 30 days,2 to 5 cigarettes,NA
511855,2003,Never wore a helmet,NA,No,Never smoked a cigarette,0 days,Did not smoke cigarettes,NA
505092,2003,Sometimes wore a helmet,NA,No,Never smoked a cigarette,0 days,Did not smoke cigarettes,NA
186636,1995,Did not ride a bicycle,NA,No,Never smoked a cigarette,0 days,Did not smoke cigarettes,NA
42744,1991,Never wore a helmet,NA,Yes,17 years old or older,0 days,Did not smoke cigarettes,NA
405613,2001,Rarely wore a helmet,NA,Yes,13 or 14 years old,0 days,Did not smoke cigarettes,NA
399653,2001,Did not ride a bicycle,NA,Yes,Never smoked a cigarette,0 days,Did not smoke cigarettes,NA
400001,2001,Never wore a helmet,NA,Yes,15 or 16 years old,0 days,Did not smoke cigarettes,NA
641304,2005,Never wore a helmet,NA,Yes,Never smoked a cigarette,0 days,Did not smoke cigarettes,NA
761211,2007,Never wore a helmet,NA,Yes,8 years old or younger,All 30 days,2 to 5 cigarettes,NA
935513,2009,Did not ride a bicycle,NA,No,Never smoked a cigarette,0 days,Did not smoke cigarettes,FALSE
189124,1995,Never wore a helmet,NA,No,Never smoked a cigarette,0 days,Did not smoke cigarettes,NA
114120,1993,Never wore a helmet,NA,Yes,17 years old or older,3 to 5 days,Less than 1 cigarette,NA
333701,1999,Never wore a helmet,NA,No,Never smoked a cigarette,0 days,Did not smoke cigarettes,NA
112305,1993,Did not ride a bicycle,NA,No,Never smoked a cigarette,0 days,Did not smoke cigarettes,NA
189227,1995,Never wore a helmet,NA,No,Never smoked a cigarette,0 days,Did not smoke cigarettes,NA
632528,2005,Did not ride a bicycle,NA,Yes,13 or 14 years old,0 days,Did not smoke cigarettes,NA
403603,2001,Never wore a helmet,NA,Yes,Never smoked a cigarette,0 days,Did not smoke cigarettes,NA
500029,2003,Did not ride a bicycle,NA,No,Never smoked a cigarette,0 days,Did not smoke cigarettes,NA
181642,1995,Did not ride a bicycle,NA,Yes,9 or 10 years old,0 days,Did not smoke cigarettes,NA
1105005,2011,Never wore a helmet,NA,Yes,13 or 14 years old,10 to 19 days,1 cigarette,FALSE
1305418,2013,Most of the time wore a helmet,I did not drive the past 30 days,No,Never smoked a cigarette,0 days,Did not smoke cigarettes,FALSE
640486,2005,Never wore a helmet,NA,No,Never smoked a cigarette,0 days,Did not smoke cigarettes,NA
1310590,2013,Never wore a helmet,NA,No,Never smoked a cigarette,0 days,Did not smoke cigarettes,FALSE
41784,1991,Never wore a helmet,NA,Yes,15 or 16 years old,3 to 5 days,2 to 5 cigarettes,NA
513936,2003,Never wore a helmet,NA,Yes,Never smoked a cigarette,0 days,Did not smoke cigarettes,NA
511802,2003,Never wore a helmet,NA,Yes,15 or 16 years old,0 days,Did not smoke cigarettes,NA
770047,2007,Never wore a helmet,NA,Yes,11 or 12 years old,0 days,Did not smoke cigarettes,NA
40414,1991,Never wore a helmet,NA,Yes,15 or 16 years old,0 days,Did not smoke cigarettes,NA
189240,1995,Did not ride a bicycle,NA,Yes,Never smoked a cigarette,0 days,Did not smoke cigarettes,NA
37318,1991,Did not ride a bicycle,NA,No,Never smoked a cigarette,0 days,Did not smoke cigarettes,NA
409142,2001,Never wore a helmet,NA,No,Never smoked a cigarette,0 days,Did not smoke cigarettes,NA
118579,1993,Never wore a helmet,NA,No,Never smoked a cigarette,0 days,Did not smoke cigarettes,NA
256827,1997,Rarely wore a helmet,NA,No,Never smoked a cigarette,0 days,Did not smoke cigarettes,NA
635761,2005,Rarely wore a helmet,NA,No,Never smoked a cigarette,0 days,Did not smoke cigarettes,NA
407325,2001,Never wore a helmet,NA,No,Never smoked a cigarette,0 days,Did not smoke cigarettes,NA
109476,1993,Did not ride a bicycle,NA,No,Never smoked a cigarette,0 days,Did not smoke cigarettes,NA
120211,1993,Rarely wore a helmet,NA,Yes,17 years old or older,6 to 9 days,2 to 5 cigarettes,NA
771247,2007,Did not ride a bicycle,NA,Yes,13 or 14 years old,0 days,Did not smoke cigarettes,NA
631797,2005,Never wore a helmet,NA,Yes,11 or 12 years old,0 days,Did not smoke cigarettes,NA
408360,2001,Never wore a helmet,NA,No,Never smoked a cigarette,0 days,Did not smoke cigarettes,NA
1104187,2011,Never wore a helmet,NA,No,Never smoked a cigarette,0 days,Did not smoke cigarettes,FALSE
324104,1999,Did not ride a bicycle,NA,Yes,9 or 10 years old,All 30 days,11 to 20 cigarettes,NA
1309298,2013,Never wore a helmet,0 days,Yes,8 years old or younger,0 days,Did not smoke cigarettes,FALSE
111184,1993,Did not ride a bicycle,NA,Yes,15 or 16 years old,All 30 days,2 to 5 cigarettes,NA
507029,2003,Never wore a helmet,NA,Yes,Never smoked a cigarette,0 days,Did not smoke cigarettes,NA
632888,2005,Did not ride a bicycle,NA,Yes,11 or 12 years old,NA,NA,NA
262303,1997,Never wore a helmet,NA,Yes,Never smoked a cigarette,0 days,Did not smoke cigarettes,NA
1100448,2011,Did not ride a bicycle,NA,NA,Never smoked a cigarette,0 days,NA,FALSE
117975,1993,Never wore a helmet,NA,Yes,Never smoked a cigarette,0 days,Did not smoke cigarettes,NA
1305411,2013,Never wore a helmet,I did not drive the past 30 days,No,Never smoked a cigarette,0 days,Did not smoke cigarettes,FALSE
771810,2007,Did not ride a bicycle,NA,Yes,11 or 12 years old,20 to 29 days,11 to 20 cigarettes,NA
1314342,2013,Did not ride a bicycle,10 to 19 days,Yes,17 years old or older,1 or 2 days,Less than 1 cigarette,FALSE
1103602,2011,Never wore a helmet,NA,Yes,Never smoked a cigarette,0 days,Did not smoke cigarettes,FALSE
640579,2005,Always wore a helmet,NA,No,Never smoked a cigarette,0 days,Did not smoke cigarettes,NA
635663,2005,Always wore a helmet,NA,No,Never smoked a cigarette,0 days,Did not smoke cigarettes,NA
113434,1993,Never wore a helmet,NA,Yes,13 or 14 years old,0 days,Did not smoke cigarettes,NA
38010,1991,Did not ride a bicycle,NA,Yes,13 or 14 years old,0 days,Did not smoke cigarettes,NA
331615,1999,Did not ride a bicycle,NA,Yes,13 or 14 years old,3 to 5 days,1 cigarette,NA
265168,1997,Did not ride a bicycle,NA,Yes,15 or 16 years old,NA,NA,NA
185428,1995,Did not ride a bicycle,NA,No,Never smoked a cigarette,0 days,Did not smoke cigarettes,NA
187776,1995,Never wore a helmet,NA,No,Never smoked a cigarette,0 days,Did not smoke cigarettes,NA
187644,1995,Rarely wore a helmet,NA,No,Never smoked a cigarette,0 days,Did not smoke cigarettes,NA
184442,1995,Did not ride a bicycle,NA,Yes,Never smoked a cigarette,0 days,Did not smoke cigarettes,NA
36457,1991,Rarely wore a helmet,NA,Yes,Never smoked a cigarette,0 days,Did not smoke cigarettes,NA
187852,1995,Never wore a helmet,NA,Yes,13 or 14 years old,All 30 days,2 to 5 cigarettes,NA
936055,2009,Did not ride a bicycle,NA,No,Never smoked a cigarette,0 days,Did not smoke cigarettes,FALSE
188021,1995,Most of the time wore a helmet,NA,No,Never smoked a cigarette,0 days,Did not smoke cigarettes,NA
399682,2001,Did not ride a bicycle,NA,No,Never smoked a cigarette,0 days,Did not smoke cigarettes,NA
335673,1999,Never wore a helmet,NA,Yes,13 or 14 years old,0 days,Did not smoke cigarettes,NA
639727,2005,Never wore a helmet,NA,No,Never smoked a cigarette,0 days,Did not smoke cigarettes,NA
408759,2001,Rarely wore a helmet,NA,Yes,11 or 12 years old,0 days,Did not smoke cigarettes,NA
267947,1997,Rarely wore a helmet,NA,No,Never smoked a cigarette,0 days,Did not smoke cigarettes,NA
262804,1997,Never wore a helmet,NA,No,Never smoked a cigarette,0 days,Did not smoke cigarettes,NA
111446,1993,Never wore a helmet,NA,No,Never smoked a cigarette,0 days,NA,NA
401020,2001,Did not ride a bicycle,NA,No,Never smoked a cigarette,0 days,Did not smoke cigarettes,NA
504060,2003,Rarely wore a helmet,NA,Yes,11 or 12 years old,0 days,Did not smoke cigarettes,NA
268373,1997,Did not ride a bicycle,NA,No,Never smoked a cigarette,0 days,Did not smoke cigarettes,NA
927528,2009,Never wore a helmet,NA,Yes,15 or 16 years old,0 days,Did not smoke cigarettes,TRUE
765871,2007,Always wore a helmet,NA,No,Never smoked a cigarette,0 days,Did not smoke cigarettes,NA
937843,2009,Did not ride a bicycle,NA,No,Never smoked a cigarette,0 days,Did not smoke cigarettes,FALSE
1307095,2013,Never wore a helmet,6 to 9 days,Yes,9 or 10 years old,All 30 days,6 to 10 cigarettes,TRUE
504507,2003,Did not ride a bicycle,NA,Yes,13 or 14 years old,0 days,Did not smoke cigarettes,NA
183555,1995,Did not ride a bicycle,NA,Yes,17 years old or older,0 days,Did not smoke cigarettes,NA
336722,1999,Did not ride a bicycle,NA,NA,NA,0 days,Did not smoke cigarettes,NA
1304569,2013,Never wore a helmet,0 days,Yes,13 or 14 years old,1 or 2 days,Less than 1 cigarette,FALSE
262450,1997,Never wore a helmet,NA,Yes,9 or 10 years old,0 days,Did not smoke cigarettes,NA
269020,1997,Never wore a helmet,NA,No,Never smoked a cigarette,0 days,Did not smoke cigarettes,NA
402979,2001,Never wore a helmet,NA,No,Never smoked a cigarette,0 days,Did not smoke cigarettes,NA
499948,2003,Never wore a helmet,NA,No,Never smoked a cigarette,0 days,Did not smoke cigarettes,NA
771420,2007,Rarely wore a helmet,NA,No,Never smoked a cigarette,0 days,Did not smoke cigarettes,NA
32919,1991,Did not ride a bicycle,NA,No,Never smoked a cigarette,0 days,Did not smoke cigarettes,NA
333948,1999,Did not ride a bicycle,NA,Yes,Never smoked a cigarette,0 days,Did not smoke cigarettes,NA
397403,2001,Most of the time wore a helmet,NA,No,Never smoked a cigarette,0 days,Did not smoke cigarettes,NA
181417,1995,Never wore a helmet,NA,Yes,13 or 14 years old,1 or 2 days,Less than 1 cigarette,NA
34152,1991,Did not ride a bicycle,NA,Yes,13 or 14 years old,10 to 19 days,2 to 5 cigarettes,NA
40674,1991,Never wore a helmet,NA,No,Never smoked a cigarette,0 days,Did not smoke cigarettes,NA
632812,2005,Never wore a helmet,NA,Yes,11 or 12 years old,NA,NA,NA
31983,1991,Rarely wore a helmet,NA,Yes,15 or 16 years old,NA,NA,NA
507898,2003,Did not ride a bicycle,NA,No,Never smoked a cigarette,0 days,Did not smoke cigarettes,NA
325977,1999,Did not ride a bicycle,NA,Yes,11 or 12 years old,1 or 2 days,1 cigarette,NA
268160,1997,Never wore a helmet,NA,Yes,13 or 14 years old,1 or 2 days,2 to 5 cigarettes,NA
325755,1999,Never wore a helmet,NA,Yes,15 or 16 years old,0 days,Did not smoke cigarettes,NA
1094725,2011,Did not ride a bicycle,NA,No,Never smoked a cigarette,0 days,Did not smoke cigarettes,FALSE
773765,2007,Never wore a helmet,NA,Yes,Never smoked a cigarette,0 days,Did not smoke cigarettes,NA
936985,2009,Did not ride a bicycle,NA,No,Never smoked a cigarette,0 days,Did not smoke cigarettes,NA
1316448,2013,Did not ride a bicycle,I did not drive the past 30 days,Yes,15 or 16 years old,20 to 29 days,2 to 5 cigarettes,FALSE
327857,1999,Never wore a helmet,NA,NA,NA,0 days,Did not smoke cigarettes,NA
188801,1995,Never wore a helmet,NA,No,Never smoked a cigarette,0 days,Did not smoke cigarettes,NA
189064,1995,Never wore a helmet,NA,No,Never smoked a cigarette,0 days,Did not smoke cigarettes,NA
1107064,2011,Never wore a helmet,NA,No,Never smoked a cigarette,0 days,Did not smoke cigarettes,FALSE
638615,2005,Never wore a helmet,NA,No,Never smoked a cigarette,0 days,Did not smoke cigarettes,NA
40751,1991,Never wore a helmet,NA,Yes,Never smoked a cigarette,0 days,Did not smoke cigarettes,NA
189138,1995,Never wore a helmet,NA,Yes,Never smoked a cigarette,0 days,Did not smoke cigarettes,NA
768503,2007,Most of the time wore a helmet,NA,No,Never smoked a cigarette,0 days,Did not smoke cigarettes,NA
33433,1991,Did not ride a bicycle,NA,Yes,11 or 12 years old,0 days,Did not smoke cigarettes,NA
503993,2003,Did not ride a bicycle,NA,No,Never smoked a cigarette,0 days,Did not smoke cigarettes,NA
404459,2001,Never wore a helmet,NA,No,Never smoked a cigarette,0 days,Did not smoke cigarettes,NA
328197,1999,Never wore a helmet,NA,No,Never smoked a cigarette,0 days,Did not smoke cigarettes,NA
331457,1999,Did not ride a bicycle,NA,Yes,15 or 16 years old,1 or 2 days,Less than 1 cigarette,NA
33858,1991,Never wore a helmet,NA,Yes,11 or 12 years old,0 days,Did not smoke cigarettes,NA
636301,2005,Rarely wore a helmet,NA,No,Never smoked a cigarette,0 days,Did not smoke cigarettes,NA
773766,2007,Never wore a helmet,NA,Yes,15 or 16 years old,20 to 29 days,2 to 5 cigarettes,NA
269367,1997,Never wore a helmet,NA,No,Never smoked a cigarette,0 days,Did not smoke cigarettes,NA
330277,1999,Did not ride a bicycle,NA,No,Never smoked a cigarette,0 days,Did not smoke cigarettes,NA
404117,2001,Sometimes wore a helmet,NA,Yes,13 or 14 years old,1 or 2 days,1 cigarette,NA
333961,1999,Never wore a helmet,NA,Yes,13 or 14 years old,1 or 2 days,1 cigarette,NA
115964,1993,Did not ride a bicycle,NA,Yes,Never smoked a cigarette,0 days,Did not smoke cigarettes,NA
504631,2003,Never wore a helmet,NA,Yes,13 or 14 years old,0 days,Did not smoke cigarettes,NA
938500,2009,Did not ride a bicycle,NA,Yes,15 or 16 years old,0 days,Did not smoke cigarettes,TRUE
773303,2007,NA,NA,No,Never smoked a cigarette,0 days,Did not smoke cigarettes,NA
1097259,2011,Did not ride a bicycle,NA,No,Never smoked a cigarette,0 days,Did not smoke cigarettes,FALSE
258747,1997,Did not ride a bicycle,NA,No,Never smoked a cigarette,NA,NA,NA
109933,1993,Did not ride a bicycle,NA,Yes,9 or 10 years old,10 to 19 days,2 to 5 cigarettes,NA
321500,1999,Did not ride a bicycle,NA,No,Never smoked a cigarette,0 days,Did not smoke cigarettes,NA
768238,2007,Rarely wore a helmet,NA,No,Never smoked a cigarette,0 days,Did not smoke cigarettes,NA
35096,1991,Never wore a helmet,NA,Yes,11 or 12 years old,All 30 days,More than 20 cigarettes,NA
1305154,2013,Always wore a helmet,I did not drive the past 30 days,No,Never smoked a cigarette,0 days,Did not smoke cigarettes,FALSE
1305130,2013,Rarely wore a helmet,0 days,Yes,13 or 14 years old,0 days,Did not smoke cigarettes,TRUE
772121,2007,Did not ride a bicycle,NA,No,Never smoked a cigarette,0 days,Did not smoke cigarettes,NA
1094611,2011,Did not ride a bicycle,NA,No,Never smoked a cigarette,0 days,Did not smoke cigarettes,TRUE
760521,2007,Sometimes wore a helmet,NA,NA,NA,NA,NA,NA
1312635,2013,Always wore a helmet,I did not drive the past 30 days,No,Never smoked a cigarette,0 days,Did not smoke cigarettes,FALSE
34649,1991,Did not ride a bicycle,NA,Yes,15 or 16 years old,0 days,Did not smoke cigarettes,NA
329708,1999,Never wore a helmet,NA,Yes,Never smoked a cigarette,0 days,Did not smoke cigarettes,NA
35393,1991,Did not ride a bicycle,NA,Yes,13 or 14 years old,NA,NA,NA
329160,1999,Never wore a helmet,NA,No,Never smoked a cigarette,0 days,Did not smoke cigarettes,NA
333918,1999,Never wore a helmet,NA,Yes,9 or 10 years old,0 days,Did not smoke cigarettes,NA
1311071,2013,Did not ride a bicycle,I did not drive the past 30 days,No,Never smoked a cigarette,0 days,Did not smoke cigarettes,FALSE
642573,2005,Rarely wore a helmet,NA,No,Never smoked a cigarette,0 days,Did not smoke cigarettes,NA
114083,1993,Did not ride a bicycle,NA,Yes,8 years old or younger,0 days,Did not smoke cigarettes,NA
767675,2007,Did not ride a bicycle,NA,No,Never smoked a cigarette,0 days,Did not smoke cigarettes,NA
628926,2005,Never wore a helmet,NA,Yes,9 or 10 years old,0 days,Did not smoke cigarettes,NA
325799,1999,Never wore a helmet,NA,Yes,NA,0 days,Did not smoke cigarettes,NA
764506,2007,Did not ride a bicycle,NA,No,Never smoked a cigarette,0 days,Did not smoke cigarettes,NA
259206,1997,Never wore a helmet,NA,No,Never smoked a cigarette,0 days,Did not smoke cigarettes,NA
402948,2001,Rarely wore a helmet,NA,Yes,9 or 10 years old,1 or 2 days,Less than 1 cigarette,NA
189866,1995,Always wore a helmet,NA,Yes,Never smoked a cigarette,0 days,Did not smoke cigarettes,NA
768293,2007,Never wore a helmet,NA,Yes,Never smoked a cigarette,0 days,Did not smoke cigarettes,NA
189304,1995,NA,NA,Yes,15 or 16 years old,3 to 5 days,2 to 5 cigarettes,NA
768265,2007,Did not ride a bicycle,NA,No,Never smoked a cigarette,0 days,Did not smoke cigarettes,NA
1107068,2011,Did not ride a bicycle,NA,Yes,8 years old or younger,All 30 days,More than 20 cigarettes,TRUE
113037,1993,NA,NA,Yes,NA,0 days,Did not smoke cigarettes,NA
1304648,2013,Did not ride a bicycle,0 days,No,Never smoked a cigarette,0 days,Did not smoke cigarettes,FALSE
773721,2007,Never wore a helmet,NA,No,Never smoked a cigarette,0 days,Did not smoke cigarettes,NA
34738,1991,Did not ride a bicycle,NA,No,Never smoked a cigarette,0 days,Did not smoke cigarettes,NA
930395,2009,Always wore a helmet,NA,No,Never smoked a cigarette,0 days,Did not smoke cigarettes,FALSE
509164,2003,Rarely wore a helmet,NA,NA,8 years old or younger,NA,NA,NA
32330,1991,Did not ride a bicycle,NA,Yes,15 or 16 years old,0 days,Did not smoke cigarettes,NA
264637,1997,Did not ride a bicycle,NA,Yes,Never smoked a cigarette,0 days,Did not smoke cigarettes,NA
768288,2007,Never wore a helmet,NA,No,Never smoked a cigarette,0 days,Did not smoke cigarettes,NA
115459,1993,Never wore a helmet,NA,No,Never smoked a cigarette,0 days,Did not smoke cigarettes,NA
768638,2007,Rarely wore a helmet,NA,No,Never smoked a cigarette,0 days,Did not smoke cigarettes,NA
634556,2005,Never wore a helmet,NA,NA,11 or 12 years old,All 30 days,NA,NA
770031,2007,Did not ride a bicycle,NA,No,Never smoked a cigarette,0 days,Did not smoke cigarettes,NA
188241,1995,Sometimes wore a helmet,NA,Yes,Never smoked a cigarette,0 days,Did not smoke cigarettes,NA
405866,2001,Never wore a helmet,NA,NA,NA,0 days,Did not smoke cigarettes,NA
1312548,2013,Never wore a helmet,0 days,No,Never smoked a cigarette,0 days,Did not smoke cigarettes,FALSE
321647,1999,Never wore a helmet,NA,Yes,9 or 10 years old,0 days,Did not smoke cigarettes,NA
635494,2005,Always wore a helmet,NA,No,Never smoked a cigarette,0 days,Did not smoke cigarettes,NA
404833,2001,Sometimes wore a helmet,NA,No,Never smoked a cigarette,0 days,Did not smoke cigarettes,NA
256555,1997,Most of the time wore a helmet,NA,No,Never smoked a cigarette,0 days,Did not smoke cigarettes,NA
1309650,2013,Did not ride a bicycle,0 days,No,Never smoked a cigarette,0 days,Did not smoke cigarettes,FALSE
923955,2009,Never wore a helmet,NA,No,Never smoked a cigarette,0 days,Did not smoke cigarettes,TRUE
117499,1993,Did not ride a bicycle,NA,Yes,13 or 14 years old,0 days,Did not smoke cigarettes,NA
402533,2001,Did not ride a bicycle,NA,No,Never smoked a cigarette,0 days,Did not smoke cigarettes,NA
407938,2001,Always wore a helmet,NA,No,Never smoked a cigarette,0 days,Did not smoke cigarettes,NA
325670,1999,Did not ride a bicycle,NA,No,Never smoked a cigarette,0 days,Did not smoke cigarettes,NA
1305851,2013,Never wore a helmet,0 days,No,Never smoked a cigarette,0 days,Did not smoke cigarettes,FALSE
773566,2007,Never wore a helmet,NA,No,Never smoked a cigarette,0 days,Did not smoke cigarettes,NA
634575,2005,Never wore a helmet,NA,No,Never smoked a cigarette,0 days,Did not smoke cigarettes,NA
263642,1997,Most of the time wore a helmet,NA,No,Never smoked a cigarette,0 days,Did not smoke cigarettes,NA
30698,1991,Did not ride a bicycle,NA,Yes,11 or 12 years old,0 days,Did not smoke cigarettes,NA
503836,2003,Did not ride a bicycle,NA,No,Never smoked a cigarette,0 days,Did not smoke cigarettes,NA
1314763,2013,Did not ride a bicycle,0 days,Yes,Never smoked a cigarette,0 days,Did not smoke cigarettes,FALSE
188406,1995,Never wore a helmet,NA,No,Never smoked a cigarette,0 days,Did not smoke cigarettes,NA
1106406,2011,Never wore a helmet,NA,Yes,13 or 14 years old,0 days,Did not smoke cigarettes,FALSE
769187,2007,Never wore a helmet,NA,No,Never smoked a cigarette,0 days,Did not smoke cigarettes,NA
765185,2007,Never wore a helmet,NA,Yes,15 or 16 years old,20 to 29 days,2 to 5 cigarettes,NA
257205,1997,Never wore a helmet,NA,No,Never smoked a cigarette,0 days,Did not smoke cigarettes,NA
768279,2007,Never wore a helmet,NA,Yes,Never smoked a cigarette,0 days,Did not smoke cigarettes,NA
1306029,2013,Never wore a helmet,0 days,Yes,8 years old or younger,0 days,Did not smoke cigarettes,FALSE
514430,2003,Did not ride a bicycle,NA,No,Never smoked a cigarette,0 days,Did not smoke cigarettes,NA
34157,1991,Did not ride a bicycle,NA,Yes,15 or 16 years old,0 days,Did not smoke cigarettes,NA
637988,2005,Did not ride a bicycle,NA,Yes,Never smoked a cigarette,0 days,Did not smoke cigarettes,NA
265349,1997,Never wore a helmet,NA,No,Never smoked a cigarette,0 days,Did not smoke cigarettes,NA
769516,2007,Did not ride a bicycle,NA,No,Never smoked a cigarette,0 days,Did not smoke cigarettes,NA
109102,1993,Most of the time wore a helmet,NA,Yes,13 or 14 years old,0 days,Did not smoke cigarettes,NA
511432,2003,Never wore a helmet,NA,Yes,15 or 16 years old,0 days,Did not smoke cigarettes,NA
111821,1993,Did not ride a bicycle,NA,Yes,15 or 16 years old,0 days,Did not smoke cigarettes,NA
190482,1995,Did not ride a bicycle,NA,NA,15 or 16 years old,0 days,Did not smoke cigarettes,NA
181062,1995,Never wore a helmet,NA,No,Never smoked a cigarette,0 days,Did not smoke cigarettes,NA
1315891,2013,Did not ride a bicycle,1 or 2 days,No,Never smoked a cigarette,0 days,Did not smoke cigarettes,FALSE
1094683,2011,Most of the time wore a helmet,NA,No,Never smoked a cigarette,0 days,Did not smoke cigarettes,FALSE
257449,1997,NA,NA,Yes,Never smoked a cigarette,0 days,Did not smoke cigarettes,NA
506889,2003,Never wore a helmet,NA,NA,NA,NA,NA,NA
935205,2009,Sometimes wore a helmet,NA,No,Never smoked a cigarette,0 days,Did not smoke cigarettes,TRUE
402108,2001,Never wore a helmet,NA,Yes,11 or 12 years old,All 30 days,11 to 20 cigarettes,NA
185952,1995,Never wore a helmet,NA,Yes,9 or 10 years old,All 30 days,6 to 10 cigarettes,NA
1105988,2011,Did not ride a bicycle,NA,No,Never smoked a cigarette,0 days,Did not smoke cigarettes,TRUE
122693,1993,Did not ride a bicycle,NA,Yes,11 or 12 years old,All 30 days,2 to 5 cigarettes,NA
1108144,2011,NA,NA,NA,Never smoked a cigarette,0 days,Did not smoke cigarettes,FALSE
507717,2003,Never wore a helmet,NA,Yes,13 or 14 years old,NA,NA,NA
38702,1991,Never wore a helmet,NA,No,Never smoked a cigarette,0 days,Did not smoke cigarettes,NA
263080,1997,Never wore a helmet,NA,Yes,13 or 14 years old,1 or 2 days,1 cigarette,NA
260695,1997,Did not ride a bicycle,NA,No,Never smoked a cigarette,0 days,Did not smoke cigarettes,NA
255976,1997,Did not ride a bicycle,NA,No,Never smoked a cigarette,0 days,Did not smoke cigarettes,NA
261774,1997,Did not ride a bicycle,NA,No,Never smoked a cigarette,0 days,Did not smoke cigarettes,NA
923614,2009,Never wore a helmet,NA,Yes,15 or 16 years old,1 or 2 days,1 cigarette,TRUE
634339,2005,Did not ride a bicycle,NA,No,Never smoked a cigarette,0 days,Did not smoke cigarettes,NA
333749,1999,Did not ride a bicycle,NA,Yes,Never smoked a cigarette,0 days,Did not smoke cigarettes,NA
1106256,2011,NA,NA,NA,Never smoked a cigarette,0 days,NA,NA
501302,2003,Rarely wore a helmet,NA,Yes,11 or 12 years old,0 days,Did not smoke cigarettes,NA
117922,1993,Did not ride a bicycle,NA,Yes,13 or 14 years old,10 to 19 days,6 to 10 cigarettes,NA
398798,2001,Never wore a helmet,NA,Yes,15 or 16 years old,6 to 9 days,2 to 5 cigarettes,NA
269185,1997,Never wore a helmet,NA,No,Never smoked a cigarette,0 days,Did not smoke cigarettes,NA
407190,2001,Did not ride a bicycle,NA,No,Never smoked a cigarette,0 days,Did not smoke cigarettes,NA
770023,2007,Never wore a helmet,NA,No,Never smoked a cigarette,0 days,Did not smoke cigarettes,NA
329123,1999,Sometimes wore a helmet,NA,Yes,NA,0 days,Did not smoke cigarettes,NA
37328,1991,Did not ride a bicycle,NA,Yes,Never smoked a cigarette,0 days,Did not smoke cigarettes,NA
641615,2005,Never wore a helmet,NA,No,Never smoked a cigarette,0 days,Did not smoke cigarettes,NA
509866,2003,Never wore a helmet,NA,No,Never smoked a cigarette,0 days,Did not smoke cigarettes,NA
632461,2005,Did not ride a bicycle,NA,Yes,17 years old or older,0 days,Did not smoke cigarettes,NA
761306,2007,Always wore a helmet,NA,No,Never smoked a cigarette,0 days,Did not smoke cigarettes,NA
629993,2005,Never wore a helmet,NA,No,Never smoked a cigarette,0 days,Did not smoke cigarettes,NA
508252,2003,Never wore a helmet,NA,Yes,13 or 14 years old,All 30 days,11 to 20 cigarettes,NA
398453,2001,Did not ride a bicycle,NA,Yes,9 or 10 years old,All 30 days,11 to 20 cigarettes,NA
33953,1991,Never wore a helmet,NA,Yes,11 or 12 years old,10 to 19 days,2 to 5 cigarettes,NA
333715,1999,Did not ride a bicycle,NA,Yes,Never smoked a cigarette,0 days,Did not smoke cigarettes,NA
500058,2003,Never wore a helmet,NA,Yes,8 years old or younger,All 30 days,More than 20 cigarettes,NA
401499,2001,Did not ride a bicycle,NA,Yes,Never smoked a cigarette,0 days,Did not smoke cigarettes,NA
183669,1995,Did not ride a bicycle,NA,No,Never smoked a cigarette,0 days,Did not smoke cigarettes,NA
1314600,2013,Never wore a helmet,0 days,Yes,13 or 14 years old,0 days,Did not smoke cigarettes,TRUE
512557,2003,Did not ride a bicycle,NA,Yes,15 or 16 years old,NA,2 to 5 cigarettes,NA
32790,1991,Never wore a helmet,NA,No,Never smoked a cigarette,0 days,Did not smoke cigarettes,NA
767062,2007,Did not ride a bicycle,NA,Yes,17 years old or older,0 days,Did not smoke cigarettes,NA
39558,1991,Never wore a helmet,NA,No,Never smoked a cigarette,0 days,Did not smoke cigarettes,NA
1304253,2013,Never wore a helmet,I did not drive the past 30 days,No,Never smoked a cigarette,0 days,Did not smoke cigarettes,TRUE
938329,2009,Did not ride a bicycle,NA,Yes,17 years old or older,0 days,Did not smoke cigarettes,TRUE
761685,2007,Never wore a helmet,NA,No,Never smoked a cigarette,0 days,Did not smoke cigarettes,NA
510263,2003,Never wore a helmet,NA,No,Never smoked a cigarette,0 days,Did not smoke cigarettes,NA
110808,1993,Did not ride a bicycle,NA,No,Never smoked a cigarette,0 days,Did not smoke cigarettes,NA
119552,1993,Always wore a helmet,NA,Yes,8 years old or younger,0 days,Did not smoke cigarettes,NA
260067,1997,Rarely wore a helmet,NA,No,Never smoked a cigarette,0 days,Did not smoke cigarettes,NA
404832,2001,Always wore a helmet,NA,Yes,Never smoked a cigarette,0 days,Did not smoke cigarettes,NA
630252,2005,Did not ride a bicycle,NA,Yes,Never smoked a cigarette,0 days,Did not smoke cigarettes,NA
403593,2001,Never wore a helmet,NA,No,Never smoked a cigarette,0 days,Did not smoke cigarettes,NA
513400,2003,Never wore a helmet,NA,Yes,17 years old or older,1 or 2 days,2 to 5 cigarettes,NA
1101386,2011,Never wore a helmet,NA,Yes,11 or 12 years old,NA,NA,FALSE
335104,1999,Did not ride a bicycle,NA,No,Never smoked a cigarette,0 days,Did not smoke cigarettes,NA
1307900,2013,Never wore a helmet,3 to 5 days,Yes,15 or 16 years old,0 days,Did not smoke cigarettes,FALSE
1098558,2011,NA,NA,NA,Never smoked a cigarette,0 days,Did not smoke cigarettes,NA
1311259,2013,Never wore a helmet,I did not drive the past 30 days,Yes,13 or 14 years old,NA,NA,FALSE
638536,2005,Always wore a helmet,NA,No,Never smoked a cigarette,0 days,Did not smoke cigarettes,NA
930513,2009,Never wore a helmet,NA,No,Never smoked a cigarette,0 days,Did not smoke cigarettes,FALSE
1100489,2011,NA,NA,NA,Never smoked a cigarette,0 days,Did not smoke cigarettes,NA
508160,2003,Did not ride a bicycle,NA,Yes,Never smoked a cigarette,0 days,Did not smoke cigarettes,NA
328120,1999,Did not ride a bicycle,NA,Yes,9 or 10 years old,0 days,Did not smoke cigarettes,NA
1312141,2013,Did not ride a bicycle,I did not drive the past 30 days,No,Never smoked a cigarette,0 days,Did not smoke cigarettes,TRUE
191063,1995,Did not ride a bicycle,NA,No,Never smoked a cigarette,0 days,Did not smoke cigarettes,NA
40279,1991,Never wore a helmet,NA,Yes,15 or 16 years old,0 days,Did not smoke cigarettes,NA
1312366,2013,Never wore a helmet,I did not drive the past 30 days,Yes,9 or 10 years old,0 days,Did not smoke cigarettes,FALSE
329188,1999,Never wore a helmet,NA,No,Never smoked a cigarette,0 days,Did not smoke cigarettes,NA
640839,2005,Never wore a helmet,NA,Yes,15 or 16 years old,20 to 29 days,2 to 5 cigarettes,NA
325491,1999,Most of the time wore a helmet,NA,Yes,13 or 14 years old,20 to 29 days,2 to 5 cigarettes,NA
181404,1995,Never wore a helmet,NA,NA,15 or 16 years old,3 to 5 days,Less than 1 cigarette,NA
408446,2001,Sometimes wore a helmet,NA,Yes,Never smoked a cigarette,0 days,Did not smoke cigarettes,NA
269719,1997,Did not ride a bicycle,NA,Yes,11 or 12 years old,0 days,Did not smoke cigarettes,NA
329723,1999,Never wore a helmet,NA,No,Never smoked a cigarette,0 days,Did not smoke cigarettes,NA
333638,1999,Never wore a helmet,NA,Yes,11 or 12 years old,All 30 days,6 to 10 cigarettes,NA
110333,1993,Did not ride a bicycle,NA,Yes,11 or 12 years old,1 or 2 days,2 to 5 cigarettes,NA
505260,2003,Never wore a helmet,NA,NA,NA,NA,NA,NA
331636,1999,Did not ride a bicycle,NA,Yes,13 or 14 years old,6 to 9 days,2 to 5 cigarettes,NA
767125,2007,Never wore a helmet,NA,No,Never smoked a cigarette,0 days,Did not smoke cigarettes,NA
189889,1995,Never wore a helmet,NA,No,Never smoked a cigarette,0 days,Did not smoke cigarettes,NA
768736,2007,Sometimes wore a helmet,NA,No,Never smoked a cigarette,0 days,Did not smoke cigarettes,NA
926128,2009,Sometimes wore a helmet,NA,No,Never smoked a cigarette,0 days,Did not smoke cigarettes,FALSE
259458,1997,Never wore a helmet,NA,No,Never smoked a cigarette,NA,NA,NA
409664,2001,Never wore a helmet,NA,Yes,13 or 14 years old,0 days,Did not smoke cigarettes,NA
110872,1993,Always wore a helmet,NA,Yes,13 or 14 years old,6 to 9 days,1 cigarette,NA
1305112,2013,Most of the time wore a helmet,I did not drive the past 30 days,No,Never smoked a cigarette,0 days,Did not smoke cigarettes,FALSE
263712,1997,Sometimes wore a helmet,NA,Yes,Never smoked a cigarette,0 days,Did not smoke cigarettes,NA
329759,1999,Did not ride a bicycle,NA,Yes,13 or 14 years old,0 days,Did not smoke cigarettes,NA
1305157,2013,Did not ride a bicycle,1 or 2 days,No,Never smoked a cigarette,0 days,Did not smoke cigarettes,FALSE
502665,2003,Rarely wore a helmet,NA,No,Never smoked a cigarette,0 days,Did not smoke cigarettes,NA
41206,1991,Never wore a helmet,NA,Yes,15 or 16 years old,1 or 2 days,Less than 1 cigarette,NA
322221,1999,Never wore a helmet,NA,Yes,11 or 12 years old,20 to 29 days,2 to 5 cigarettes,NA
629354,2005,Never wore a helmet,NA,No,Never smoked a cigarette,0 days,Did not smoke cigarettes,NA
108478,1993,Did not ride a bicycle,NA,No,Never smoked a cigarette,0 days,Did not smoke cigarettes,NA
764523,2007,Never wore a helmet,NA,Yes,13 or 14 years old,NA,NA,NA
37733,1991,Never wore a helmet,NA,No,Never smoked a cigarette,0 days,Did not smoke cigarettes,NA
404192,2001,Did not ride a bicycle,NA,No,Never smoked a cigarette,0 days,Did not smoke cigarettes,NA
263454,1997,Did not ride a bicycle,NA,Yes,Never smoked a cigarette,0 days,Did not smoke cigarettes,NA
936784,2009,Never wore a helmet,NA,No,Never smoked a cigarette,0 days,Did not smoke cigarettes,FALSE
189040,1995,Did not ride a bicycle,NA,Yes,Never smoked a cigarette,0 days,Did not smoke cigarettes,NA
760649,2007,Never wore a helmet,NA,Yes,Never smoked a cigarette,0 days,Did not smoke cigarettes,NA
397054,2001,Most of the time wore a helmet,NA,No,Never smoked a cigarette,0 days,Did not smoke cigarettes,NA
1307824,2013,Did not ride a bicycle,0 days,Yes,17 years old or older,0 days,Did not smoke cigarettes,FALSE
40424,1991,Did not ride a bicycle,NA,No,Never smoked a cigarette,0 days,Did not smoke cigarettes,NA
1103617,2011,Never wore a helmet,NA,Yes,13 or 14 years old,0 days,Did not smoke cigarettes,TRUE
181982,1995,Never wore a helmet,NA,Yes,13 or 14 years old,6 to 9 days,Less than 1 cigarette,NA
258270,1997,Always wore a helmet,NA,No,Never smoked a cigarette,0 days,Did not smoke cigarettes,NA
511993,2003,Rarely wore a helmet,NA,Yes,17 years old or older,0 days,Did not smoke cigarettes,NA
31280,1991,Never wore a helmet,NA,Yes,13 or 14 years old,0 days,Did not smoke cigarettes,NA
255873,1997,Never wore a helmet,NA,Yes,8 years old or younger,0 days,Did not smoke cigarettes,NA
1304938,2013,Did not ride a bicycle,I did not drive the past 30 days,No,NA,0 days,NA,FALSE
508215,2003,Never wore a helmet,NA,Yes,13 or 14 years old,NA,NA,NA
262961,1997,Never wore a helmet,NA,Yes,Never smoked a cigarette,0 days,Did not smoke cigarettes,NA
632548,2005,Never wore a helmet,NA,Yes,Never smoked a cigarette,0 days,Did not smoke cigarettes,NA
934963,2009,NA,NA,No,Never smoked a cigarette,0 days,Did not smoke cigarettes,NA
1309257,2013,Did not ride a bicycle,1 or 2 days,NA,NA,NA,NA,FALSE
331579,1999,Did not ride a bicycle,NA,Yes,13 or 14 years old,All 30 days,2 to 5 cigarettes,NA
1309100,2013,Never wore a helmet,NA,Yes,15 or 16 years old,20 to 29 days,2 to 5 cigarettes,FALSE
270824,1997,Did not ride a bicycle,NA,No,Never smoked a cigarette,0 days,Did not smoke cigarettes,NA
929119,2009,Did not ride a bicycle,NA,Yes,15 or 16 years old,0 days,Did not smoke cigarettes,FALSE
1103219,2011,Never wore a helmet,NA,No,Never smoked a cigarette,0 days,Did not smoke cigarettes,FALSE
115889,1993,Never wore a helmet,NA,Yes,13 or 14 years old,0 days,Did not smoke cigarettes,NA
1109569,2011,NA,NA,NA,Never smoked a cigarette,0 days,Did not smoke cigarettes,FALSE
642566,2005,Never wore a helmet,NA,Yes,15 or 16 years old,0 days,NA,NA
182630,1995,Did not ride a bicycle,NA,NA,15 or 16 years old,0 days,Did not smoke cigarettes,NA
186290,1995,Never wore a helmet,NA,No,Never smoked a cigarette,0 days,Did not smoke cigarettes,NA
120182,1993,Never wore a helmet,NA,No,Never smoked a cigarette,0 days,Did not smoke cigarettes,NA
261013,1997,Never wore a helmet,NA,Yes,8 years old or younger,All 30 days,2 to 5 cigarettes,NA
1312698,2013,Did not ride a bicycle,0 days,No,Never smoked a cigarette,0 days,Did not smoke cigarettes,FALSE
938259,2009,Did not ride a bicycle,NA,No,Never smoked a cigarette,0 days,Did not smoke cigarettes,FALSE
1102308,2011,Never wore a helmet,NA,Yes,11 or 12 years old,3 to 5 days,1 cigarette,FALSE
1311698,2013,Never wore a helmet,0 days,Yes,13 or 14 years old,20 to 29 days,2 to 5 cigarettes,FALSE
934411,2009,Did not ride a bicycle,NA,Yes,Never smoked a cigarette,0 days,Did not smoke cigarettes,FALSE
187973,1995,Never wore a helmet,NA,NA,11 or 12 years old,3 to 5 days,1 cigarette,NA
37415,1991,Never wore a helmet,NA,Yes,11 or 12 years old,All 30 days,2 to 5 cigarettes,NA
499806,2003,Did not ride a bicycle,NA,No,Never smoked a cigarette,0 days,Did not smoke cigarettes,NA
508237,2003,Did not ride a bicycle,NA,No,Never smoked a cigarette,0 days,Did not smoke cigarettes,NA
512634,2003,Did not ride a bicycle,NA,Yes,13 or 14 years old,1 or 2 days,Less than 1 cigarette,NA
511660,2003,Did not ride a bicycle,NA,Yes,15 or 16 years old,0 days,Did not smoke cigarettes,NA
404332,2001,Never wore a helmet,NA,Yes,Never smoked a cigarette,0 days,Did not smoke cigarettes,NA
508406,2003,Never wore a helmet,NA,Yes,Never smoked a cigarette,NA,NA,NA
1095312,2011,Sometimes wore a helmet,NA,No,Never smoked a cigarette,0 days,Did not smoke cigarettes,FALSE
925539,2009,Never wore a helmet,NA,NA,NA,0 days,Did not smoke cigarettes,FALSE
267470,1997,Did not ride a bicycle,NA,Yes,8 years old or younger,1 or 2 days,1 cigarette,NA
1107442,2011,Never wore a helmet,NA,Yes,15 or 16 years old,10 to 19 days,2 to 5 cigarettes,TRUE
325902,1999,Did not ride a bicycle,NA,Yes,Never smoked a cigarette,0 days,Did not smoke cigarettes,NA
1109345,2011,Did not ride a bicycle,NA,Yes,Never smoked a cigarette,0 days,Did not smoke cigarettes,TRUE
183492,1995,Never wore a helmet,NA,Yes,9 or 10 years old,All 30 days,11 to 20 cigarettes,NA
398409,2001,Did not ride a bicycle,NA,Yes,13 or 14 years old,0 days,Did not smoke cigarettes,NA
32444,1991,Never wore a helmet,NA,No,Never smoked a cigarette,0 days,Did not smoke cigarettes,NA
761684,2007,Sometimes wore a helmet,NA,No,Never smoked a cigarette,0 days,Did not smoke cigarettes,NA
326065,1999,Never wore a helmet,NA,Yes,NA,0 days,Did not smoke cigarettes,NA
1314565,2013,Never wore a helmet,6 to 9 days,No,NA,0 days,NA,FALSE
630733,2005,Sometimes wore a helmet,NA,No,Never smoked a cigarette,0 days,Did not smoke cigarettes,NA
333685,1999,Did not ride a bicycle,NA,NA,NA,0 days,Did not smoke cigarettes,NA
770446,2007,Did not ride a bicycle,NA,Yes,Never smoked a cigarette,0 days,Did not smoke cigarettes,NA
1304438,2013,Never wore a helmet,0 days,No,Never smoked a cigarette,0 days,Did not smoke cigarettes,FALSE
768385,2007,Never wore a helmet,NA,No,NA,0 days,Did not smoke cigarettes,NA
33954,1991,Never wore a helmet,NA,Yes,11 or 12 years old,0 days,Did not smoke cigarettes,NA
107175,1993,Did not ride a bicycle,NA,Yes,9 or 10 years old,3 to 5 days,1 cigarette,NA
505458,2003,NA,NA,Yes,11 or 12 years old,1 or 2 days,2 to 5 cigarettes,NA
1311886,2013,Never wore a helmet,I did not drive the past 30 days,No,Never smoked a cigarette,0 days,Did not smoke cigarettes,FALSE
761706,2007,Never wore a helmet,NA,Yes,8 years old or younger,0 days,Did not smoke cigarettes,NA
404133,2001,Never wore a helmet,NA,No,Never smoked a cigarette,0 days,Did not smoke cigarettes,NA
630248,2005,Always wore a helmet,NA,Yes,13 or 14 years old,0 days,Did not smoke cigarettes,NA
764888,2007,Never wore a helmet,NA,No,Never smoked a cigarette,0 days,Did not smoke cigarettes,NA
182063,1995,Never wore a helmet,NA,No,Never smoked a cigarette,0 days,Did not smoke cigarettes,NA
34292,1991,Rarely wore a helmet,NA,Yes,Never smoked a cigarette,0 days,Did not smoke cigarettes,NA
325772,1999,Did not ride a bicycle,NA,Yes,15 or 16 years old,1 or 2 days,Less than 1 cigarette,NA
182497,1995,Sometimes wore a helmet,NA,Yes,9 or 10 years old,0 days,Did not smoke cigarettes,NA
1099440,2011,Did not ride a bicycle,NA,No,Never smoked a cigarette,0 days,Did not smoke cigarettes,FALSE
183482,1995,Never wore a helmet,NA,Yes,8 years old or younger,All 30 days,2 to 5 cigarettes,NA
934617,2009,Never wore a helmet,NA,No,Never smoked a cigarette,0 days,Did not smoke cigarettes,FALSE
633186,2005,Did not ride a bicycle,NA,Yes,15 or 16 years old,3 to 5 days,1 cigarette,NA
628962,2005,Never wore a helmet,NA,Yes,9 or 10 years old,0 days,Did not smoke cigarettes,NA
1107338,2011,Never wore a helmet,NA,No,Never smoked a cigarette,0 days,Did not smoke cigarettes,TRUE
323746,1999,Never wore a helmet,NA,Yes,8 years old or younger,NA,NA,NA
500626,2003,Did not ride a bicycle,NA,No,Never smoked a cigarette,0 days,Did not smoke cigarettes,NA
331876,1999,Never wore a helmet,NA,No,Never smoked a cigarette,0 days,Did not smoke cigarettes,NA
186322,1995,Rarely wore a helmet,NA,Yes,NA,NA,Less than 1 cigarette,NA
1311591,2013,Never wore a helmet,0 days,No,Never smoked a cigarette,0 days,Did not smoke cigarettes,FALSE
399872,2001,Did not ride a bicycle,NA,Yes,Never smoked a cigarette,0 days,Did not smoke cigarettes,NA
630408,2005,Did not ride a bicycle,NA,Yes,Never smoked a cigarette,0 days,Did not smoke cigarettes,NA
333153,1999,Sometimes wore a helmet,NA,Yes,9 or 10 years old,3 to 5 days,2 to 5 cigarettes,NA
32310,1991,Never wore a helmet,NA,Yes,8 years old or younger,All 30 days,6 to 10 cigarettes,NA
504048,2003,Never wore a helmet,NA,Yes,15 or 16 years old,0 days,Did not smoke cigarettes,NA
330072,1999,Never wore a helmet,NA,Yes,11 or 12 years old,10 to 19 days,2 to 5 cigarettes,NA
109455,1993,Never wore a helmet,NA,Yes,9 or 10 years old,All 30 days,11 to 20 cigarettes,NA
187784,1995,Never wore a helmet,NA,Yes,Never smoked a cigarette,0 days,Did not smoke cigarettes,NA
107700,1993,Never wore a helmet,NA,Yes,Never smoked a cigarette,0 days,Did not smoke cigarettes,NA
1096149,2011,Did not ride a bicycle,NA,No,Never smoked a cigarette,0 days,Did not smoke cigarettes,FALSE
181994,1995,Never wore a helmet,NA,Yes,13 or 14 years old,0 days,Did not smoke cigarettes,NA
1312962,2013,NA,0 days,No,Never smoked a cigarette,0 days,Did not smoke cigarettes,FALSE
642330,2005,Rarely wore a helmet,NA,Yes,15 or 16 years old,0 days,Did not smoke cigarettes,NA
187624,1995,Did not ride a bicycle,NA,Yes,Never smoked a cigarette,0 days,Did not smoke cigarettes,NA
771688,2007,Always wore a helmet,NA,No,Never smoked a cigarette,0 days,Did not smoke cigarettes,NA
267393,1997,Did not ride a bicycle,NA,No,Never smoked a cigarette,0 days,Did not smoke cigarettes,NA
769099,2007,Rarely wore a helmet,NA,Yes,15 or 16 years old,1 or 2 days,Less than 1 cigarette,NA
1095758,2011,Never wore a helmet,NA,Yes,15 or 16 years old,0 days,Did not smoke cigarettes,FALSE
632999,2005,Did not ride a bicycle,NA,No,Never smoked a cigarette,0 days,Did not smoke cigarettes,NA
927923,2009,Always wore a helmet,NA,No,Never smoked a cigarette,0 days,Did not smoke cigarettes,TRUE
190642,1995,Did not ride a bicycle,NA,Yes,Never smoked a cigarette,0 days,Did not smoke cigarettes,NA
117516,1993,Most of the time wore a helmet,NA,No,Never smoked a cigarette,0 days,Did not smoke cigarettes,NA
257993,1997,Rarely wore a helmet,NA,Yes,NA,NA,NA,NA
407116,2001,Never wore a helmet,NA,Yes,15 or 16 years old,10 to 19 days,2 to 5 cigarettes,NA
640147,2005,Did not ride a bicycle,NA,NA,NA,NA,Did not smoke cigarettes,NA
1107457,2011,Sometimes wore a helmet,NA,No,Never smoked a cigarette,0 days,Did not smoke cigarettes,TRUE
1104395,2011,Never wore a helmet,NA,No,Never smoked a cigarette,0 days,Did not smoke cigarettes,TRUE
401070,2001,Most of the time wore a helmet,NA,Yes,Never smoked a cigarette,0 days,Did not smoke cigarettes,NA
936261,2009,Never wore a helmet,NA,No,Never smoked a cigarette,0 days,Did not smoke cigarettes,FALSE
262623,1997,Did not ride a bicycle,NA,No,Never smoked a cigarette,0 days,Did not smoke cigarettes,NA
38683,1991,Did not ride a bicycle,NA,Yes,13 or 14 years old,1 or 2 days,Less than 1 cigarette,NA
771854,2007,Did not ride a bicycle,NA,No,Never smoked a cigarette,0 days,Did not smoke cigarettes,NA
1308847,2013,Never wore a helmet,I did not drive the past 30 days,No,Never smoked a cigarette,0 days,Did not smoke cigarettes,FALSE
925323,2009,Did not ride a bicycle,NA,Yes,15 or 16 years old,0 days,Did not smoke cigarettes,TRUE
1313530,2013,Never wore a helmet,NA,No,Never smoked a cigarette,0 days,Did not smoke cigarettes,FALSE
762809,2007,NA,NA,Yes,8 years old or younger,0 days,Did not smoke cigarettes,NA
1303794,2013,Did not ride a bicycle,I did not drive the past 30 days,Yes,Never smoked a cigarette,0 days,Did not smoke cigarettes,FALSE
112689,1993,Never wore a helmet,NA,Yes,9 or 10 years old,All 30 days,2 to 5 cigarettes,NA
509739,2003,Never wore a helmet,NA,Yes,9 or 10 years old,All 30 days,2 to 5 cigarettes,NA
107323,1993,Never wore a helmet,NA,No,Never smoked a cigarette,0 days,Did not smoke cigarettes,NA
403651,2001,Never wore a helmet,NA,Yes,15 or 16 years old,0 days,Did not smoke cigarettes,NA
635970,2005,Sometimes wore a helmet,NA,Yes,Never smoked a cigarette,0 days,Did not smoke cigarettes,NA
1105160,2011,Did not ride a bicycle,NA,Yes,15 or 16 years old,0 days,Did not smoke cigarettes,FALSE
321626,1999,Never wore a helmet,NA,Yes,Never smoked a cigarette,0 days,Did not smoke cigarettes,NA
39056,1991,Did not ride a bicycle,NA,Yes,11 or 12 years old,0 days,Did not smoke cigarettes,NA
1316558,2013,Did not ride a bicycle,0 days,No,Never smoked a cigarette,0 days,Did not smoke cigarettes,FALSE
187902,1995,Never wore a helmet,NA,Yes,11 or 12 years old,6 to 9 days,2 to 5 cigarettes,NA
510238,2003,Did not ride a bicycle,NA,No,Never smoked a cigarette,0 days,Did not smoke cigarettes,NA
762519,2007,NA,NA,No,Never smoked a cigarette,0 days,NA,NA
925542,2009,Sometimes wore a helmet,NA,Yes,15 or 16 years old,1 or 2 days,Less than 1 cigarette,FALSE
1309091,2013,Never wore a helmet,I did not drive the past 30 days,Yes,Never smoked a cigarette,0 days,Did not smoke cigarettes,FALSE
1102624,2011,Rarely wore a helmet,NA,No,Never smoked a cigarette,0 days,Did not smoke cigarettes,FALSE
635042,2005,Did not ride a bicycle,NA,Yes,13 or 14 years old,NA,NA,NA
115366,1993,Did not ride a bicycle,NA,Yes,11 or 12 years old,0 days,Did not smoke cigarettes,NA
510701,2003,Did not ride a bicycle,NA,No,Never smoked a cigarette,0 days,Did not smoke cigarettes,NA
403833,2001,Rarely wore a helmet,NA,No,Never smoked a cigarette,0 days,Did not smoke cigarettes,NA
1311840,2013,Never wore a helmet,I did not drive the past 30 days,No,Never smoked a cigarette,0 days,Did not smoke cigarettes,FALSE
628700,2005,Never wore a helmet,NA,Yes,15 or 16 years old,1 or 2 days,2 to 5 cigarettes,NA
927921,2009,NA,NA,Yes,Never smoked a cigarette,0 days,Did not smoke cigarettes,FALSE
260265,1997,Did not ride a bicycle,NA,No,Never smoked a cigarette,0 days,Did not smoke cigarettes,NA
32969,1991,NA,NA,Yes,15 or 16 years old,0 days,Did not smoke cigarettes,NA
503803,2003,Did not ride a bicycle,NA,Yes,NA,NA,NA,NA
32376,1991,Never wore a helmet,NA,Yes,Never smoked a cigarette,0 days,Did not smoke cigarettes,NA
1305226,2013,Rarely wore a helmet,0 days,No,Never smoked a cigarette,0 days,Did not smoke cigarettes,FALSE
924465,2009,NA,NA,Yes,Never smoked a cigarette,0 days,Did not smoke cigarettes,NA
120317,1993,Never wore a helmet,NA,No,Never smoked a cigarette,0 days,Did not smoke cigarettes,NA
1311486,2013,Never wore a helmet,0 days,Yes,15 or 16 years old,1 or 2 days,Less than 1 cigarette,TRUE
326984,1999,Rarely wore a helmet,NA,Yes,Never smoked a cigarette,0 days,Did not smoke cigarettes,NA
121982,1993,Did not ride a bicycle,NA,Yes,15 or 16 years old,All 30 days,2 to 5 cigarettes,NA
1312257,2013,Never wore a helmet,0 days,Yes,Never smoked a cigarette,0 days,Did not smoke cigarettes,TRUE
112839,1993,Never wore a helmet,NA,No,Never smoked a cigarette,0 days,Did not smoke cigarettes,NA
513380,2003,Did not ride a bicycle,NA,No,Never smoked a cigarette,0 days,Did not smoke cigarettes,NA
927717,2009,Did not ride a bicycle,NA,Yes,Never smoked a cigarette,0 days,Did not smoke cigarettes,FALSE
1304494,2013,Never wore a helmet,I did not drive the past 30 days,Yes,11 or 12 years old,0 days,Did not smoke cigarettes,FALSE
399583,2001,Most of the time wore a helmet,NA,No,Never smoked a cigarette,0 days,Did not smoke cigarettes,NA
120164,1993,Never wore a helmet,NA,No,Never smoked a cigarette,0 days,Did not smoke cigarettes,NA
768482,2007,Always wore a helmet,NA,No,Never smoked a cigarette,0 days,Did not smoke cigarettes,NA
1094825,2011,Did not ride a bicycle,NA,Yes,Never smoked a cigarette,0 days,Did not smoke cigarettes,FALSE
766531,2007,Did not ride a bicycle,NA,No,Never smoked a cigarette,0 days,Did not smoke cigarettes,NA
1104567,2011,NA,NA,No,Never smoked a cigarette,0 days,Did not smoke cigarettes,NA
1101116,2011,Never wore a helmet,NA,No,Never smoked a cigarette,0 days,Did not smoke cigarettes,FALSE
1096158,2011,Never wore a helmet,NA,No,Never smoked a cigarette,0 days,Did not smoke cigarettes,TRUE
405465,2001,Always wore a helmet,NA,No,Never smoked a cigarette,0 days,Did not smoke cigarettes,NA
329878,1999,Never wore a helmet,NA,Yes,Never smoked a cigarette,NA,NA,NA
1303686,2013,Never wore a helmet,I did not drive the past 30 days,No,Never smoked a cigarette,0 days,Did not smoke cigarettes,FALSE
34308,1991,NA,NA,Yes,17 years old or older,NA,NA,NA
36583,1991,Rarely wore a helmet,NA,Yes,NA,All 30 days,More than 20 cigarettes,NA
407108,2001,Did not ride a bicycle,NA,Yes,17 years old or older,NA,NA,NA
327867,1999,Rarely wore a helmet,NA,No,Never smoked a cigarette,0 days,Did not smoke cigarettes,NA
323611,1999,Did not ride a bicycle,NA,Yes,Never smoked a cigarette,NA,NA,NA
41602,1991,Did not ride a bicycle,NA,Yes,8 years old or younger,0 days,Did not smoke cigarettes,NA
120490,1993,Did not ride a bicycle,NA,Yes,15 or 16 years old,0 days,Did not smoke cigarettes,NA
636532,2005,Never wore a helmet,NA,No,Never smoked a cigarette,0 days,Did not smoke cigarettes,NA
929966,2009,Always wore a helmet,NA,Yes,13 or 14 years old,0 days,Did not smoke cigarettes,FALSE
256393,1997,Never wore a helmet,NA,Yes,13 or 14 years old,0 days,Did not smoke cigarettes,NA
1307127,2013,Never wore a helmet,I did not drive the past 30 days,No,Never smoked a cigarette,0 days,Did not smoke cigarettes,TRUE
507298,2003,Did not ride a bicycle,NA,Yes,8 years old or younger,0 days,Did not smoke cigarettes,NA
402823,2001,Never wore a helmet,NA,No,Never smoked a cigarette,0 days,Did not smoke cigarettes,NA
331445,1999,Never wore a helmet,NA,No,Never smoked a cigarette,0 days,Did not smoke cigarettes,NA
641977,2005,Never wore a helmet,NA,Yes,13 or 14 years old,0 days,Did not smoke cigarettes,NA
1309489,2013,Never wore a helmet,0 days,No,Never smoked a cigarette,0 days,Did not smoke cigarettes,FALSE
1309313,2013,Rarely wore a helmet,3 to 5 days,Yes,9 or 10 years old,NA,NA,FALSE
1100527,2011,Rarely wore a helmet,NA,No,Never smoked a cigarette,0 days,Did not smoke cigarettes,FALSE
407327,2001,Never wore a helmet,NA,No,Never smoked a cigarette,0 days,Did not smoke cigarettes,NA
328493,1999,Never wore a helmet,NA,NA,NA,0 days,Did not smoke cigarettes,NA
1108018,2011,Never wore a helmet,NA,Yes,15 or 16 years old,0 days,Did not smoke cigarettes,TRUE
1107225,2011,Never wore a helmet,NA,Yes,15 or 16 years old,0 days,Did not smoke cigarettes,TRUE
926004,2009,Never wore a helmet,NA,Yes,8 years old or younger,1 or 2 days,2 to 5 cigarettes,FALSE
630985,2005,Most of the time wore a helmet,NA,No,Never smoked a cigarette,0 days,Did not smoke cigarettes,NA
326627,1999,Did not ride a bicycle,NA,Yes,15 or 16 years old,1 or 2 days,Less than 1 cigarette,NA
768857,2007,Never wore a helmet,NA,No,Never smoked a cigarette,0 days,Did not smoke cigarettes,NA
397988,2001,Always wore a helmet,NA,No,Never smoked a cigarette,0 days,Did not smoke cigarettes,NA
268175,1997,Sometimes wore a helmet,NA,Yes,13 or 14 years old,1 or 2 days,1 cigarette,NA
1315479,2013,Did not ride a bicycle,NA,No,Never smoked a cigarette,0 days,Did not smoke cigarettes,TRUE
184963,1995,Never wore a helmet,NA,No,Never smoked a cigarette,0 days,Did not smoke cigarettes,NA
509638,2003,Did not ride a bicycle,NA,Yes,Never smoked a cigarette,NA,NA,NA
514274,2003,Never wore a helmet,NA,Yes,13 or 14 years old,1 or 2 days,1 cigarette,NA
35918,1991,Always wore a helmet,NA,Yes,11 or 12 years old,All 30 days,2 to 5 cigarettes,NA
111487,1993,Never wore a helmet,NA,No,Never smoked a cigarette,0 days,Did not smoke cigarettes,NA
188389,1995,Rarely wore a helmet,NA,NA,Never smoked a cigarette,0 days,Did not smoke cigarettes,NA
267582,1997,Never wore a helmet,NA,No,Never smoked a cigarette,0 days,Did not smoke cigarettes,NA
115972,1993,Did not ride a bicycle,NA,Yes,9 or 10 years old,10 to 19 days,6 to 10 cigarettes,NA
1313051,2013,Did not ride a bicycle,I did not drive the past 30 days,No,Never smoked a cigarette,0 days,Did not smoke cigarettes,FALSE
37245,1991,Did not ride a bicycle,NA,No,Never smoked a cigarette,0 days,Did not smoke cigarettes,NA
185202,1995,Did not ride a bicycle,NA,No,Never smoked a cigarette,0 days,Did not smoke cigarettes,NA
35490,1991,Never wore a helmet,NA,Yes,13 or 14 years old,0 days,Did not smoke cigarettes,NA
327909,1999,Did not ride a bicycle,NA,No,Never smoked a cigarette,0 days,Did not smoke cigarettes,NA
398634,2001,Never wore a helmet,NA,No,Never smoked a cigarette,0 days,Did not smoke cigarettes,NA
1306533,2013,Sometimes wore a helmet,I did not drive the past 30 days,No,Never smoked a cigarette,0 days,Did not smoke cigarettes,TRUE
121218,1993,Did not ride a bicycle,NA,Yes,9 or 10 years old,0 days,Did not smoke cigarettes,NA
1316540,2013,Did not ride a bicycle,0 days,Yes,Never smoked a cigarette,NA,NA,FALSE
1317034,2013,Did not ride a bicycle,All 30 days,No,Never smoked a cigarette,0 days,Did not smoke cigarettes,FALSE
116382,1993,NA,NA,Yes,15 or 16 years old,20 to 29 days,2 to 5 cigarettes,NA
332377,1999,Did not ride a bicycle,NA,No,Never smoked a cigarette,0 days,Did not smoke cigarettes,NA
1102785,2011,NA,NA,NA,Never smoked a cigarette,0 days,Did not smoke cigarettes,TRUE
763186,2007,Never wore a helmet,NA,No,Never smoked a cigarette,0 days,Did not smoke cigarettes,NA
263564,1997,Rarely wore a helmet,NA,No,Never smoked a cigarette,0 days,Did not smoke cigarettes,NA
937713,2009,Never wore a helmet,NA,Yes,13 or 14 years old,1 or 2 days,Less than 1 cigarette,FALSE
1096055,2011,Did not ride a bicycle,NA,No,Never smoked a cigarette,0 days,Did not smoke cigarettes,FALSE
330976,1999,Rarely wore a helmet,NA,No,Never smoked a cigarette,0 days,Did not smoke cigarettes,NA
1104277,2011,Always wore a helmet,NA,NA,13 or 14 years old,1 or 2 days,NA,FALSE
33944,1991,Never wore a helmet,NA,No,Never smoked a cigarette,0 days,Did not smoke cigarettes,NA
635324,2005,Never wore a helmet,NA,NA,11 or 12 years old,10 to 19 days,NA,NA
1312978,2013,Did not ride a bicycle,0 days,No,Never smoked a cigarette,0 days,Did not smoke cigarettes,TRUE
938366,2009,Did not ride a bicycle,NA,NA,NA,0 days,NA,NA
1303595,2013,Never wore a helmet,I did not drive the past 30 days,No,Never smoked a cigarette,0 days,Did not smoke cigarettes,FALSE
329008,1999,Never wore a helmet,NA,Yes,11 or 12 years old,0 days,Did not smoke cigarettes,NA
771927,2007,Did not ride a bicycle,NA,Yes,Never smoked a cigarette,0 days,Did not smoke cigarettes,NA
180511,1995,Never wore a helmet,NA,Yes,11 or 12 years old,0 days,Did not smoke cigarettes,NA
641242,2005,Never wore a helmet,NA,No,Never smoked a cigarette,0 days,Did not smoke cigarettes,NA
501905,2003,Rarely wore a helmet,NA,No,Never smoked a cigarette,0 days,Did not smoke cigarettes,NA
929291,2009,Never wore a helmet,NA,Yes,Never smoked a cigarette,0 days,Did not smoke cigarettes,FALSE
633284,2005,Did not ride a bicycle,NA,NA,8 years old or younger,10 to 19 days,NA,NA
30751,1991,Never wore a helmet,NA,No,Never smoked a cigarette,0 days,Did not smoke cigarettes,NA
768519,2007,Never wore a helmet,NA,No,Never smoked a cigarette,0 days,Did not smoke cigarettes,NA
107150,1993,NA,NA,Yes,8 years old or younger,1 or 2 days,6 to 10 cigarettes,NA
1096558,2011,Never wore a helmet,NA,NA,NA,NA,NA,FALSE
1107198,2011,Did not ride a bicycle,NA,No,Never smoked a cigarette,0 days,Did not smoke cigarettes,TRUE
506621,2003,Did not ride a bicycle,NA,Yes,9 or 10 years old,All 30 days,6 to 10 cigarettes,NA
1109073,2011,Never wore a helmet,NA,No,Never smoked a cigarette,0 days,Did not smoke cigarettes,FALSE
507098,2003,Did not ride a bicycle,NA,No,Never smoked a cigarette,0 days,Did not smoke cigarettes,NA
1095684,2011,Never wore a helmet,NA,No,Never smoked a cigarette,0 days,Did not smoke cigarettes,FALSE
501988,2003,Did not ride a bicycle,NA,Yes,11 or 12 years old,3 to 5 days,2 to 5 cigarettes,NA
1306095,2013,Never wore a helmet,I did not drive the past 30 days,Yes,13 or 14 years old,0 days,Did not smoke cigarettes,FALSE
402861,2001,Most of the time wore a helmet,NA,No,Never smoked a cigarette,0 days,Did not smoke cigarettes,NA
120674,1993,Rarely wore a helmet,NA,Yes,11 or 12 years old,1 or 2 days,1 cigarette,NA
628811,2005,Never wore a helmet,NA,Yes,11 or 12 years old,0 days,Did not smoke cigarettes,NA
1315540,2013,Did not ride a bicycle,0 days,Yes,15 or 16 years old,0 days,Did not smoke cigarettes,FALSE
1303547,2013,NA,0 days,NA,NA,NA,NA,FALSE
925221,2009,Never wore a helmet,NA,No,Never smoked a cigarette,0 days,Did not smoke cigarettes,FALSE
639660,2005,Never wore a helmet,NA,Yes,15 or 16 years old,3 to 5 days,Less than 1 cigarette,NA
121016,1993,NA,NA,Yes,13 or 14 years old,All 30 days,6 to 10 cigarettes,NA
1308048,2013,Never wore a helmet,3 to 5 days,Yes,Never smoked a cigarette,0 days,Did not smoke cigarettes,FALSE
32789,1991,Never wore a helmet,NA,Yes,15 or 16 years old,1 or 2 days,Less than 1 cigarette,NA
769177,2007,Did not ride a bicycle,NA,Yes,Never smoked a cigarette,0 days,Did not smoke cigarettes,NA
508177,2003,NA,NA,Yes,Never smoked a cigarette,0 days,Did not smoke cigarettes,NA
1097301,2011,Never wore a helmet,NA,No,Never smoked a cigarette,0 days,Did not smoke cigarettes,FALSE
1304581,2013,Never wore a helmet,I did not drive the past 30 days,Yes,11 or 12 years old,10 to 19 days,Less than 1 cigarette,FALSE
261173,1997,Rarely wore a helmet,NA,Yes,17 years old or older,1 or 2 days,Less than 1 cigarette,NA
31471,1991,Never wore a helmet,NA,No,Never smoked a cigarette,0 days,Did not smoke cigarettes,NA
321734,1999,Did not ride a bicycle,NA,Yes,9 or 10 years old,6 to 9 days,2 to 5 cigarettes,NA
261131,1997,Did not ride a bicycle,NA,No,Never smoked a cigarette,0 days,Did not smoke cigarettes,NA
933947,2009,Never wore a helmet,NA,No,Never smoked a cigarette,0 days,Did not smoke cigarettes,FALSE
182130,1995,Never wore a helmet,NA,Yes,15 or 16 years old,1 or 2 days,Less than 1 cigarette,NA
34256,1991,Did not ride a bicycle,NA,Yes,Never smoked a cigarette,0 days,Did not smoke cigarettes,NA
641758,2005,Did not ride a bicycle,NA,No,Never smoked a cigarette,0 days,Did not smoke cigarettes,NA
1310128,2013,Did not ride a bicycle,All 30 days,NA,NA,0 days,Did not smoke cigarettes,FALSE
641652,2005,Did not ride a bicycle,NA,No,Never smoked a cigarette,0 days,Did not smoke cigarettes,NA
183279,1995,Did not ride a bicycle,NA,No,Never smoked a cigarette,0 days,Did not smoke cigarettes,NA
635474,2005,Never wore a helmet,NA,Yes,13 or 14 years old,3 to 5 days,1 cigarette,NA
927120,2009,Never wore a helmet,NA,Yes,15 or 16 years old,1 or 2 days,1 cigarette,FALSE
505738,2003,Did not ride a bicycle,NA,Yes,15 or 16 years old,0 days,Did not smoke cigarettes,NA
631549,2005,Sometimes wore a helmet,NA,No,Never smoked a cigarette,0 days,Did not smoke cigarettes,NA
922288,2009,Did not ride a bicycle,NA,NA,NA,NA,NA,FALSE
1106599,2011,Never wore a helmet,NA,Yes,Never smoked a cigarette,0 days,Did not smoke cigarettes,FALSE
407684,2001,Never wore a helmet,NA,No,Never smoked a cigarette,0 days,Did not smoke cigarettes,NA
119970,1993,Never wore a helmet,NA,Yes,Never smoked a cigarette,0 days,Did not smoke cigarettes,NA
271383,1997,Never wore a helmet,NA,Yes,8 years old or younger,NA,NA,NA
262342,1997,Never wore a helmet,NA,Yes,13 or 14 years old,6 to 9 days,2 to 5 cigarettes,NA
114481,1993,Did not ride a bicycle,NA,No,Never smoked a cigarette,0 days,Did not smoke cigarettes,NA
398172,2001,Did not ride a bicycle,NA,No,Never smoked a cigarette,0 days,Did not smoke cigarettes,NA
256427,1997,Never wore a helmet,NA,Yes,11 or 12 years old,All 30 days,11 to 20 cigarettes,NA
1316778,2013,Never wore a helmet,I did not drive the past 30 days,No,Never smoked a cigarette,0 days,Did not smoke cigarettes,FALSE
930107,2009,Did not ride a bicycle,NA,Yes,15 or 16 years old,0 days,Did not smoke cigarettes,FALSE
514157,2003,Rarely wore a helmet,NA,Yes,15 or 16 years old,0 days,Did not smoke cigarettes,NA
322604,1999,Never wore a helmet,NA,No,Never smoked a cigarette,0 days,Did not smoke cigarettes,NA
769958,2007,Never wore a helmet,NA,Yes,13 or 14 years old,0 days,Did not smoke cigarettes,NA
32651,1991,Never wore a helmet,NA,Yes,13 or 14 years old,NA,NA,NA
637275,2005,Rarely wore a helmet,NA,No,Never smoked a cigarette,0 days,Did not smoke cigarettes,NA
931340,2009,Never wore a helmet,NA,No,Never smoked a cigarette,0 days,Did not smoke cigarettes,FALSE
1309454,2013,Never wore a helmet,0 days,Yes,13 or 14 years old,6 to 9 days,1 cigarette,FALSE
36821,1991,Did not ride a bicycle,NA,Yes,13 or 14 years old,0 days,Did not smoke cigarettes,NA
191191,1995,Never wore a helmet,NA,No,Never smoked a cigarette,0 days,Did not smoke cigarettes,NA
264569,1997,Never wore a helmet,NA,Yes,Never smoked a cigarette,0 days,Did not smoke cigarettes,NA
922418,2009,Never wore a helmet,NA,No,Never smoked a cigarette,0 days,Did not smoke cigarettes,TRUE
258633,1997,Never wore a helmet,NA,No,Never smoked a cigarette,0 days,Did not smoke cigarettes,NA
770279,2007,Rarely wore a helmet,NA,Yes,Never smoked a cigarette,0 days,Did not smoke cigarettes,NA
499421,2003,Never wore a helmet,NA,No,Never smoked a cigarette,0 days,Did not smoke cigarettes,NA
262609,1997,Never wore a helmet,NA,Yes,13 or 14 years old,10 to 19 days,2 to 5 cigarettes,NA
263329,1997,Never wore a helmet,NA,Yes,17 years old or older,0 days,Did not smoke cigarettes,NA
184301,1995,Never wore a helmet,NA,Yes,15 or 16 years old,1 or 2 days,Less than 1 cigarette,NA
504889,2003,Most of the time wore a helmet,NA,No,Never smoked a cigarette,0 days,Did not smoke cigarettes,NA
255824,1997,Most of the time wore a helmet,NA,No,Never smoked a cigarette,0 days,Did not smoke cigarettes,NA
767397,2007,Did not ride a bicycle,NA,NA,NA,NA,NA,NA
109797,1993,Never wore a helmet,NA,No,Never smoked a cigarette,0 days,Did not smoke cigarettes,NA
508199,2003,Never wore a helmet,NA,No,Never smoked a cigarette,0 days,Did not smoke cigarettes,NA
180844,1995,Never wore a helmet,NA,No,Never smoked a cigarette,0 days,Did not smoke cigarettes,NA
40036,1991,NA,NA,No,Never smoked a cigarette,0 days,Did not smoke cigarettes,NA
1096690,2011,NA,NA,NA,Never smoked a cigarette,0 days,Did not smoke cigarettes,NA
937498,2009,Did not ride a bicycle,NA,Yes,17 years old or older,0 days,Did not smoke cigarettes,FALSE
925403,2009,Sometimes wore a helmet,NA,No,Never smoked a cigarette,0 days,Did not smoke cigarettes,FALSE
269902,1997,Did not ride a bicycle,NA,Yes,Never smoked a cigarette,0 days,Did not smoke cigarettes,NA
114990,1993,Never wore a helmet,NA,No,Never smoked a cigarette,0 days,Did not smoke cigarettes,NA
511064,2003,Sometimes wore a helmet,NA,No,Never smoked a cigarette,0 days,Did not smoke cigarettes,NA
1316265,2013,Never wore a helmet,I did not drive the past 30 days,Yes,15 or 16 years old,0 days,Did not smoke cigarettes,FALSE
409692,2001,Did not ride a bicycle,NA,Yes,15 or 16 years old,0 days,Did not smoke cigarettes,NA
37270,1991,Never wore a helmet,NA,No,Never smoked a cigarette,0 days,Did not smoke cigarettes,NA
763610,2007,Never wore a helmet,NA,NA,9 or 10 years old,All 30 days,NA,NA
189264,1995,Never wore a helmet,NA,Yes,13 or 14 years old,6 to 9 days,2 to 5 cigarettes,NA
1313568,2013,Never wore a helmet,0 days,No,Never smoked a cigarette,0 days,Did not smoke cigarettes,FALSE
1097788,2011,Most of the time wore a helmet,NA,No,Never smoked a cigarette,0 days,Did not smoke cigarettes,FALSE
32877,1991,Never wore a helmet,NA,Yes,13 or 14 years old,20 to 29 days,2 to 5 cigarettes,NA
31219,1991,Never wore a helmet,NA,Yes,Never smoked a cigarette,0 days,Did not smoke cigarettes,NA
1107928,2011,Always wore a helmet,NA,No,Never smoked a cigarette,0 days,Did not smoke cigarettes,TRUE
183605,1995,Did not ride a bicycle,NA,Yes,11 or 12 years old,All 30 days,6 to 10 cigarettes,NA
929099,2009,Did not ride a bicycle,NA,Yes,Never smoked a cigarette,0 days,Did not smoke cigarettes,FALSE
933375,2009,Did not ride a bicycle,NA,No,Never smoked a cigarette,0 days,Did not smoke cigarettes,FALSE
268450,1997,Never wore a helmet,NA,Yes,NA,NA,NA,NA
117864,1993,Did not ride a bicycle,NA,No,Never smoked a cigarette,0 days,Did not smoke cigarettes,NA
931711,2009,Never wore a helmet,NA,Yes,13 or 14 years old,0 days,Did not smoke cigarettes,TRUE
924329,2009,Rarely wore a helmet,NA,No,Never smoked a cigarette,0 days,Did not smoke cigarettes,FALSE
116061,1993,Never wore a helmet,NA,Yes,11 or 12 years old,1 or 2 days,1 cigarette,NA
1305396,2013,Never wore a helmet,NA,Yes,15 or 16 years old,0 days,Did not smoke cigarettes,FALSE
265535,1997,Did not ride a bicycle,NA,Yes,8 years old or younger,All 30 days,6 to 10 cigarettes,NA
507342,2003,Most of the time wore a helmet,NA,No,Never smoked a cigarette,0 days,Did not smoke cigarettes,NA
189361,1995,Did not ride a bicycle,NA,No,Never smoked a cigarette,0 days,Did not smoke cigarettes,NA
31259,1991,Never wore a helmet,NA,No,Never smoked a cigarette,0 days,Did not smoke cigarettes,NA
189344,1995,Did not ride a bicycle,NA,Yes,Never smoked a cigarette,0 days,Did not smoke cigarettes,NA
403786,2001,Did not ride a bicycle,NA,Yes,11 or 12 years old,1 or 2 days,1 cigarette,NA
188379,1995,Did not ride a bicycle,NA,Yes,9 or 10 years old,0 days,Did not smoke cigarettes,NA
322000,1999,Did not ride a bicycle,NA,No,Never smoked a cigarette,0 days,Did not smoke cigarettes,NA
632430,2005,Did not ride a bicycle,NA,No,Never smoked a cigarette,0 days,Did not smoke cigarettes,NA
631101,2005,Did not ride a bicycle,NA,No,Never smoked a cigarette,0 days,Did not smoke cigarettes,NA
511818,2003,Never wore a helmet,NA,No,Never smoked a cigarette,0 days,Did not smoke cigarettes,NA
113437,1993,Never wore a helmet,NA,Yes,8 years old or younger,All 30 days,6 to 10 cigarettes,NA
188128,1995,Did not ride a bicycle,NA,Yes,Never smoked a cigarette,0 days,Did not smoke cigarettes,NA
503391,2003,NA,NA,No,Never smoked a cigarette,0 days,Did not smoke cigarettes,NA
259563,1997,Did not ride a bicycle,NA,No,Never smoked a cigarette,NA,NA,NA
772484,2007,Always wore a helmet,NA,No,Never smoked a cigarette,0 days,Did not smoke cigarettes,NA
641810,2005,Never wore a helmet,NA,No,Never smoked a cigarette,0 days,Did not smoke cigarettes,NA
183781,1995,NA,NA,Yes,8 years old or younger,20 to 29 days,2 to 5 cigarettes,NA
113723,1993,Did not ride a bicycle,NA,Yes,11 or 12 years old,NA,NA,NA
1105940,2011,Did not ride a bicycle,NA,No,Never smoked a cigarette,0 days,Did not smoke cigarettes,FALSE
258768,1997,Did not ride a bicycle,NA,No,Never smoked a cigarette,0 days,Did not smoke cigarettes,NA
34304,1991,Never wore a helmet,NA,Yes,Never smoked a cigarette,0 days,Did not smoke cigarettes,NA
268488,1997,Did not ride a bicycle,NA,No,Never smoked a cigarette,0 days,Did not smoke cigarettes,NA
189112,1995,Never wore a helmet,NA,Yes,11 or 12 years old,0 days,Did not smoke cigarettes,NA
39080,1991,Never wore a helmet,NA,Yes,9 or 10 years old,3 to 5 days,1 cigarette,NA
34656,1991,Never wore a helmet,NA,Yes,15 or 16 years old,3 to 5 days,Less than 1 cigarette,NA
334225,1999,Did not ride a bicycle,NA,Yes,15 or 16 years old,1 or 2 days,1 cigarette,NA
266246,1997,Did not ride a bicycle,NA,No,Never smoked a cigarette,0 days,Did not smoke cigarettes,NA
30723,1991,Never wore a helmet,NA,No,Never smoked a cigarette,0 days,Did not smoke cigarettes,NA
629174,2005,Rarely wore a helmet,NA,No,Never smoked a cigarette,0 days,Did not smoke cigarettes,NA
323284,1999,Did not ride a bicycle,NA,No,Never smoked a cigarette,0 days,Did not smoke cigarettes,NA
636900,2005,Always wore a helmet,NA,No,Never smoked a cigarette,0 days,Did not smoke cigarettes,NA
1314601,2013,Never wore a helmet,I did not drive the past 30 days,Yes,15 or 16 years old,NA,NA,FALSE
263687,1997,Sometimes wore a helmet,NA,No,Never smoked a cigarette,0 days,Did not smoke cigarettes,NA
1099560,2011,Never wore a helmet,NA,No,Never smoked a cigarette,0 days,Did not smoke cigarettes,TRUE
925063,2009,Most of the time wore a helmet,NA,No,Never smoked a cigarette,0 days,Did not smoke cigarettes,FALSE
501786,2003,Sometimes wore a helmet,NA,No,Never smoked a cigarette,0 days,Did not smoke cigarettes,NA
1311880,2013,Did not ride a bicycle,0 days,No,Never smoked a cigarette,0 days,Did not smoke cigarettes,FALSE
257604,1997,Sometimes wore a helmet,NA,No,Never smoked a cigarette,0 days,Did not smoke cigarettes,NA
405318,2001,Did not ride a bicycle,NA,No,Never smoked a cigarette,0 days,NA,NA
409166,2001,Never wore a helmet,NA,Yes,13 or 14 years old,0 days,Did not smoke cigarettes,NA
1315558,2013,Rarely wore a helmet,0 days,No,Never smoked a cigarette,0 days,Did not smoke cigarettes,FALSE
183293,1995,NA,NA,NA,NA,0 days,Did not smoke cigarettes,NA
773200,2007,Never wore a helmet,NA,No,Never smoked a cigarette,0 days,Did not smoke cigarettes,NA
1103504,2011,Did not ride a bicycle,NA,Yes,15 or 16 years old,NA,NA,TRUE
113422,1993,Never wore a helmet,NA,Yes,Never smoked a cigarette,0 days,Did not smoke cigarettes,NA
34661,1991,NA,NA,Yes,15 or 16 years old,0 days,Did not smoke cigarettes,NA
184607,1995,Rarely wore a helmet,NA,Yes,15 or 16 years old,0 days,Did not smoke cigarettes,NA
187756,1995,Did not ride a bicycle,NA,No,Never smoked a cigarette,0 days,Did not smoke cigarettes,NA
1105552,2011,Never wore a helmet,NA,No,Never smoked a cigarette,0 days,Did not smoke cigarettes,FALSE
929976,2009,Did not ride a bicycle,NA,Yes,17 years old or older,3 to 5 days,Less than 1 cigarette,FALSE
262897,1997,Never wore a helmet,NA,Yes,13 or 14 years old,All 30 days,2 to 5 cigarettes,NA
634529,2005,Never wore a helmet,NA,No,Never smoked a cigarette,0 days,Did not smoke cigarettes,NA
42097,1991,Did not ride a bicycle,NA,Yes,Never smoked a cigarette,0 days,Did not smoke cigarettes,NA
764910,2007,Never wore a helmet,NA,Yes,Never smoked a cigarette,0 days,Did not smoke cigarettes,NA
760610,2007,Never wore a helmet,NA,Yes,11 or 12 years old,0 days,Did not smoke cigarettes,NA
513557,2003,Did not ride a bicycle,NA,Yes,13 or 14 years old,0 days,Did not smoke cigarettes,NA
187819,1995,Never wore a helmet,NA,Yes,13 or 14 years old,1 or 2 days,1 cigarette,NA
507942,2003,Did not ride a bicycle,NA,No,Never smoked a cigarette,0 days,Did not smoke cigarettes,NA
1313875,2013,Did not ride a bicycle,I did not drive the past 30 days,No,Never smoked a cigarette,0 days,Did not smoke cigarettes,FALSE
35732,1991,Never wore a helmet,NA,No,Never smoked a cigarette,0 days,Did not smoke cigarettes,NA
260242,1997,Never wore a helmet,NA,Yes,13 or 14 years old,All 30 days,2 to 5 cigarettes,NA
32292,1991,Never wore a helmet,NA,Yes,11 or 12 years old,0 days,Did not smoke cigarettes,NA
929469,2009,Never wore a helmet,NA,No,Never smoked a cigarette,0 days,Did not smoke cigarettes,TRUE
402055,2001,Did not ride a bicycle,NA,Yes,Never smoked a cigarette,0 days,Did not smoke cigarettes,NA
260401,1997,Did not ride a bicycle,NA,Yes,15 or 16 years old,1 or 2 days,1 cigarette,NA
935532,2009,Never wore a helmet,NA,Yes,11 or 12 years old,1 or 2 days,1 cigarette,TRUE
1096296,2011,NA,NA,No,Never smoked a cigarette,0 days,Did not smoke cigarettes,FALSE
266007,1997,Always wore a helmet,NA,No,Never smoked a cigarette,0 days,Did not smoke cigarettes,NA
1101270,2011,Always wore a helmet,NA,No,Never smoked a cigarette,0 days,Did not smoke cigarettes,TRUE
110313,1993,Did not ride a bicycle,NA,Yes,13 or 14 years old,10 to 19 days,Less than 1 cigarette,NA
637844,2005,Never wore a helmet,NA,Yes,13 or 14 years old,3 to 5 days,1 cigarette,NA
1095937,2011,Did not ride a bicycle,NA,Yes,13 or 14 years old,NA,NA,FALSE
640052,2005,Did not ride a bicycle,NA,Yes,9 or 10 years old,0 days,Did not smoke cigarettes,NA
1309792,2013,Never wore a helmet,0 days,No,Never smoked a cigarette,0 days,Did not smoke cigarettes,FALSE
334251,1999,Most of the time wore a helmet,NA,Yes,Never smoked a cigarette,0 days,Did not smoke cigarettes,NA
396764,2001,Never wore a helmet,NA,Yes,Never smoked a cigarette,0 days,Did not smoke cigarettes,NA
181149,1995,Never wore a helmet,NA,No,Never smoked a cigarette,0 days,Did not smoke cigarettes,NA
932582,2009,Rarely wore a helmet,NA,No,Never smoked a cigarette,0 days,Did not smoke cigarettes,FALSE
180780,1995,Never wore a helmet,NA,NA,Never smoked a cigarette,0 days,Did not smoke cigarettes,NA
39280,1991,Never wore a helmet,NA,No,Never smoked a cigarette,0 days,Did not smoke cigarettes,NA
183598,1995,Never wore a helmet,NA,Yes,Never smoked a cigarette,0 days,Did not smoke cigarettes,NA
1316937,2013,Did not ride a bicycle,1 or 2 days,Yes,11 or 12 years old,All 30 days,11 to 20 cigarettes,FALSE
405090,2001,Most of the time wore a helmet,NA,Yes,11 or 12 years old,1 or 2 days,2 to 5 cigarettes,NA
33824,1991,Did not ride a bicycle,NA,Yes,8 years old or younger,1 or 2 days,Less than 1 cigarette,NA
923786,2009,Did not ride a bicycle,NA,Yes,13 or 14 years old,10 to 19 days,2 to 5 cigarettes,FALSE
639053,2005,Sometimes wore a helmet,NA,No,Never smoked a cigarette,0 days,Did not smoke cigarettes,NA
930455,2009,Did not ride a bicycle,NA,No,Never smoked a cigarette,0 days,NA,FALSE
511489,2003,Did not ride a bicycle,NA,Yes,13 or 14 years old,0 days,Did not smoke cigarettes,NA
183325,1995,Always wore a helmet,NA,No,Never smoked a cigarette,0 days,Did not smoke cigarettes,NA
186489,1995,Never wore a helmet,NA,Yes,13 or 14 years old,0 days,Did not smoke cigarettes,NA
184166,1995,Did not ride a bicycle,NA,Yes,Never smoked a cigarette,0 days,Did not smoke cigarettes,NA
1107547,2011,Did not ride a bicycle,NA,Yes,13 or 14 years old,0 days,Did not smoke cigarettes,FALSE
329687,1999,Never wore a helmet,NA,Yes,Never smoked a cigarette,0 days,Did not smoke cigarettes,NA
1314198,2013,Rarely wore a helmet,1 or 2 days,No,Never smoked a cigarette,0 days,Did not smoke cigarettes,FALSE
180561,1995,Never wore a helmet,NA,Yes,13 or 14 years old,0 days,Did not smoke cigarettes,NA
180784,1995,Did not ride a bicycle,NA,NA,Never smoked a cigarette,0 days,Did not smoke cigarettes,NA
403540,2001,Never wore a helmet,NA,Yes,11 or 12 years old,10 to 19 days,2 to 5 cigarettes,NA
762927,2007,Never wore a helmet,NA,Yes,8 years old or younger,0 days,Did not smoke cigarettes,NA
774424,2007,Never wore a helmet,NA,Yes,13 or 14 years old,NA,NA,NA
396942,2001,Always wore a helmet,NA,No,Never smoked a cigarette,0 days,Did not smoke cigarettes,NA
191274,1995,Never wore a helmet,NA,NA,NA,0 days,Did not smoke cigarettes,NA
327679,1999,Did not ride a bicycle,NA,Yes,11 or 12 years old,0 days,Did not smoke cigarettes,NA
406225,2001,Always wore a helmet,NA,No,Never smoked a cigarette,0 days,Did not smoke cigarettes,NA
182143,1995,Never wore a helmet,NA,Yes,15 or 16 years old,1 or 2 days,1 cigarette,NA
1305447,2013,Never wore a helmet,I did not drive the past 30 days,Yes,13 or 14 years old,0 days,Did not smoke cigarettes,FALSE
401995,2001,Did not ride a bicycle,NA,Yes,Never smoked a cigarette,NA,NA,NA
504087,2003,Never wore a helmet,NA,Yes,13 or 14 years old,0 days,Did not smoke cigarettes,NA
107919,1993,Did not ride a bicycle,NA,Yes,11 or 12 years old,All 30 days,11 to 20 cigarettes,NA
499252,2003,NA,NA,Yes,13 or 14 years old,10 to 19 days,2 to 5 cigarettes,NA
255920,1997,Most of the time wore a helmet,NA,Yes,11 or 12 years old,0 days,Did not smoke cigarettes,NA
264533,1997,Rarely wore a helmet,NA,Yes,11 or 12 years old,10 to 19 days,6 to 10 cigarettes,NA
186374,1995,Never wore a helmet,NA,No,Never smoked a cigarette,0 days,Did not smoke cigarettes,NA
396177,2001,Never wore a helmet,NA,Yes,15 or 16 years old,1 or 2 days,1 cigarette,NA
265457,1997,Always wore a helmet,NA,No,Never smoked a cigarette,0 days,Did not smoke cigarettes,NA
266641,1997,Never wore a helmet,NA,Yes,13 or 14 years old,0 days,Did not smoke cigarettes,NA
1307558,2013,Did not ride a bicycle,0 days,No,Never smoked a cigarette,0 days,Did not smoke cigarettes,FALSE
397625,2001,Always wore a helmet,NA,No,Never smoked a cigarette,0 days,Did not smoke cigarettes,NA
1096453,2011,NA,NA,NA,Never smoked a cigarette,0 days,Did not smoke cigarettes,FALSE
260044,1997,NA,NA,Yes,9 or 10 years old,NA,NA,NA
1315418,2013,Did not ride a bicycle,I did not drive the past 30 days,No,Never smoked a cigarette,0 days,Did not smoke cigarettes,FALSE
266437,1997,Did not ride a bicycle,NA,Yes,9 or 10 years old,20 to 29 days,2 to 5 cigarettes,NA
266875,1997,NA,NA,NA,NA,NA,NA,NA
770217,2007,Never wore a helmet,NA,No,Never smoked a cigarette,0 days,Did not smoke cigarettes,NA
631121,2005,Rarely wore a helmet,NA,No,Never smoked a cigarette,0 days,Did not smoke cigarettes,NA
937965,2009,Never wore a helmet,NA,Yes,17 years old or older,NA,NA,FALSE
500183,2003,Did not ride a bicycle,NA,Yes,15 or 16 years old,NA,NA,NA
335818,1999,Did not ride a bicycle,NA,Yes,Never smoked a cigarette,0 days,Did not smoke cigarettes,NA
760553,2007,Never wore a helmet,NA,Yes,13 or 14 years old,1 or 2 days,1 cigarette,NA
767420,2007,Always wore a helmet,NA,No,Never smoked a cigarette,0 days,Did not smoke cigarettes,NA
32571,1991,Never wore a helmet,NA,Yes,Never smoked a cigarette,0 days,Did not smoke cigarettes,NA
766397,2007,Never wore a helmet,NA,Yes,Never smoked a cigarette,0 days,Did not smoke cigarettes,NA
257482,1997,Rarely wore a helmet,NA,No,Never smoked a cigarette,0 days,Did not smoke cigarettes,NA
329844,1999,Did not ride a bicycle,NA,Yes,13 or 14 years old,0 days,Did not smoke cigarettes,NA
269690,1997,Never wore a helmet,NA,Yes,13 or 14 years old,1 or 2 days,Less than 1 cigarette,NA
262197,1997,Rarely wore a helmet,NA,No,Never smoked a cigarette,0 days,Did not smoke cigarettes,NA
37310,1991,Never wore a helmet,NA,Yes,9 or 10 years old,0 days,Did not smoke cigarettes,NA
403114,2001,Never wore a helmet,NA,Yes,11 or 12 years old,0 days,Did not smoke cigarettes,NA
513568,2003,Did not ride a bicycle,NA,No,Never smoked a cigarette,0 days,Did not smoke cigarettes,NA
327271,1999,Never wore a helmet,NA,Yes,11 or 12 years old,0 days,Did not smoke cigarettes,NA
191188,1995,Rarely wore a helmet,NA,No,Never smoked a cigarette,0 days,Did not smoke cigarettes,NA
1094522,2011,NA,NA,Yes,Never smoked a cigarette,0 days,Did not smoke cigarettes,FALSE
772756,2007,Did not ride a bicycle,NA,Yes,17 years old or older,NA,NA,NA
109544,1993,Never wore a helmet,NA,Yes,Never smoked a cigarette,0 days,Did not smoke cigarettes,NA
332434,1999,Never wore a helmet,NA,Yes,NA,0 days,Did not smoke cigarettes,NA
326338,1999,Never wore a helmet,NA,No,NA,0 days,Did not smoke cigarettes,NA
183551,1995,Never wore a helmet,NA,No,Never smoked a cigarette,0 days,Did not smoke cigarettes,NA
630868,2005,Did not ride a bicycle,NA,Yes,9 or 10 years old,20 to 29 days,2 to 5 cigarettes,NA
262346,1997,Did not ride a bicycle,NA,No,Never smoked a cigarette,0 days,Did not smoke cigarettes,NA
771736,2007,Did not ride a bicycle,NA,Yes,11 or 12 years old,0 days,Did not smoke cigarettes,NA
402467,2001,Did not ride a bicycle,NA,No,Never smoked a cigarette,0 days,Did not smoke cigarettes,NA
327406,1999,Never wore a helmet,NA,No,Never smoked a cigarette,0 days,Did not smoke cigarettes,NA
635796,2005,Did not ride a bicycle,NA,No,Never smoked a cigarette,0 days,Did not smoke cigarettes,NA
258563,1997,Never wore a helmet,NA,No,Never smoked a cigarette,0 days,Did not smoke cigarettes,NA
1316304,2013,Never wore a helmet,20 to 29 days,No,NA,0 days,NA,FALSE
1108772,2011,Never wore a helmet,NA,NA,Never smoked a cigarette,0 days,NA,FALSE
773743,2007,Sometimes wore a helmet,NA,No,Never smoked a cigarette,0 days,Did not smoke cigarettes,NA
333895,1999,Did not ride a bicycle,NA,No,Never smoked a cigarette,0 days,Did not smoke cigarettes,NA
764169,2007,Never wore a helmet,NA,No,Never smoked a cigarette,0 days,Did not smoke cigarettes,NA
40436,1991,Did not ride a bicycle,NA,Yes,13 or 14 years old,0 days,Did not smoke cigarettes,NA
323382,1999,Did not ride a bicycle,NA,Yes,11 or 12 years old,0 days,Did not smoke cigarettes,NA
505446,2003,NA,NA,Yes,15 or 16 years old,0 days,Did not smoke cigarettes,NA
40875,1991,Never wore a helmet,NA,No,Never smoked a cigarette,0 days,Did not smoke cigarettes,NA
635586,2005,Sometimes wore a helmet,NA,No,Never smoked a cigarette,0 days,Did not smoke cigarettes,NA
763064,2007,Never wore a helmet,NA,No,Never smoked a cigarette,0 days,Did not smoke cigarettes,NA
42743,1991,Did not ride a bicycle,NA,Yes,13 or 14 years old,3 to 5 days,1 cigarette,NA
34743,1991,Did not ride a bicycle,NA,No,Never smoked a cigarette,0 days,Did not smoke cigarettes,NA
271647,1997,Did not ride a bicycle,NA,Yes,13 or 14 years old,0 days,Did not smoke cigarettes,NA
260737,1997,Did not ride a bicycle,NA,No,Never smoked a cigarette,0 days,Did not smoke cigarettes,NA
1106869,2011,NA,NA,NA,Never smoked a cigarette,0 days,Did not smoke cigarettes,FALSE
180649,1995,Never wore a helmet,NA,NA,Never smoked a cigarette,0 days,Did not smoke cigarettes,NA
630874,2005,Never wore a helmet,NA,Yes,8 years old or younger,0 days,Did not smoke cigarettes,NA
107216,1993,Always wore a helmet,NA,Yes,Never smoked a cigarette,0 days,Did not smoke cigarettes,NA
936931,2009,Never wore a helmet,NA,Yes,Never smoked a cigarette,0 days,Did not smoke cigarettes,TRUE
187618,1995,Never wore a helmet,NA,No,Never smoked a cigarette,0 days,Did not smoke cigarettes,NA
925021,2009,Never wore a helmet,NA,Yes,9 or 10 years old,NA,2 to 5 cigarettes,FALSE
265290,1997,Never wore a helmet,NA,No,Never smoked a cigarette,0 days,Did not smoke cigarettes,NA
184553,1995,Rarely wore a helmet,NA,Yes,Never smoked a cigarette,0 days,Did not smoke cigarettes,NA
1306270,2013,NA,I did not drive the past 30 days,Yes,11 or 12 years old,0 days,Did not smoke cigarettes,FALSE
635164,2005,Sometimes wore a helmet,NA,No,Never smoked a cigarette,0 days,Did not smoke cigarettes,NA
110984,1993,Did not ride a bicycle,NA,Yes,9 or 10 years old,0 days,Did not smoke cigarettes,NA
188431,1995,Never wore a helmet,NA,No,Never smoked a cigarette,0 days,Did not smoke cigarettes,NA
1096622,2011,Most of the time wore a helmet,NA,No,Never smoked a cigarette,0 days,Did not smoke cigarettes,FALSE
330560,1999,Did not ride a bicycle,NA,Yes,11 or 12 years old,3 to 5 days,2 to 5 cigarettes,NA
769950,2007,Never wore a helmet,NA,Yes,13 or 14 years old,10 to 19 days,2 to 5 cigarettes,NA
766373,2007,Never wore a helmet,NA,Yes,9 or 10 years old,10 to 19 days,2 to 5 cigarettes,NA
1306929,2013,Never wore a helmet,0 days,No,Never smoked a cigarette,0 days,Did not smoke cigarettes,FALSE
401736,2001,Never wore a helmet,NA,Yes,15 or 16 years old,10 to 19 days,2 to 5 cigarettes,NA
122745,1993,Sometimes wore a helmet,NA,No,Never smoked a cigarette,0 days,Did not smoke cigarettes,NA
1105258,2011,Never wore a helmet,NA,Yes,Never smoked a cigarette,0 days,Did not smoke cigarettes,FALSE
1104928,2011,Never wore a helmet,NA,Yes,Never smoked a cigarette,0 days,Did not smoke cigarettes,FALSE
1308856,2013,Did not ride a bicycle,I did not drive the past 30 days,Yes,9 or 10 years old,0 days,Did not smoke cigarettes,FALSE
926218,2009,Did not ride a bicycle,NA,Yes,15 or 16 years old,0 days,Did not smoke cigarettes,FALSE
1315720,2013,Never wore a helmet,0 days,No,Never smoked a cigarette,0 days,Did not smoke cigarettes,TRUE
926834,2009,Never wore a helmet,NA,Yes,15 or 16 years old,0 days,Did not smoke cigarettes,NA
331930,1999,Did not ride a bicycle,NA,Yes,11 or 12 years old,1 or 2 days,Less than 1 cigarette,NA
331483,1999,Never wore a helmet,NA,No,Never smoked a cigarette,0 days,Did not smoke cigarettes,NA
507111,2003,Did not ride a bicycle,NA,No,Never smoked a cigarette,0 days,Did not smoke cigarettes,NA
257381,1997,Did not ride a bicycle,NA,Yes,13 or 14 years old,1 or 2 days,Less than 1 cigarette,NA
764990,2007,Did not ride a bicycle,NA,Yes,13 or 14 years old,1 or 2 days,2 to 5 cigarettes,NA
190632,1995,Never wore a helmet,NA,No,Never smoked a cigarette,0 days,Did not smoke cigarettes,NA
259016,1997,Never wore a helmet,NA,No,Never smoked a cigarette,0 days,Did not smoke cigarettes,NA
323647,1999,Sometimes wore a helmet,NA,No,Never smoked a cigarette,0 days,Did not smoke cigarettes,NA
1315279,2013,Never wore a helmet,0 days,Yes,17 years old or older,10 to 19 days,2 to 5 cigarettes,FALSE
1097827,2011,Rarely wore a helmet,NA,Yes,Never smoked a cigarette,0 days,Did not smoke cigarettes,FALSE
1108060,2011,Sometimes wore a helmet,NA,No,Never smoked a cigarette,0 days,Did not smoke cigarettes,TRUE
186369,1995,Never wore a helmet,NA,No,Never smoked a cigarette,0 days,Did not smoke cigarettes,NA
1098679,2011,NA,NA,Yes,15 or 16 years old,6 to 9 days,Less than 1 cigarette,NA
1103298,2011,Did not ride a bicycle,NA,No,NA,0 days,Did not smoke cigarettes,FALSE
927614,2009,Never wore a helmet,NA,No,Never smoked a cigarette,0 days,Did not smoke cigarettes,FALSE
937477,2009,Did not ride a bicycle,NA,Yes,15 or 16 years old,1 or 2 days,Less than 1 cigarette,FALSE
407102,2001,Never wore a helmet,NA,Yes,11 or 12 years old,20 to 29 days,2 to 5 cigarettes,NA
398544,2001,Did not ride a bicycle,NA,No,Never smoked a cigarette,0 days,Did not smoke cigarettes,NA
500715,2003,Sometimes wore a helmet,NA,No,Never smoked a cigarette,0 days,Did not smoke cigarettes,NA
189318,1995,Did not ride a bicycle,NA,Yes,15 or 16 years old,0 days,Did not smoke cigarettes,NA
767706,2007,Never wore a helmet,NA,Yes,11 or 12 years old,0 days,Did not smoke cigarettes,NA
255734,1997,Never wore a helmet,NA,Yes,8 years old or younger,0 days,Did not smoke cigarettes,NA
642369,2005,Did not ride a bicycle,NA,NA,NA,0 days,Did not smoke cigarettes,NA
396600,2001,Did not ride a bicycle,NA,No,Never smoked a cigarette,0 days,Did not smoke cigarettes,NA
1098731,2011,Never wore a helmet,NA,Yes,15 or 16 years old,0 days,Did not smoke cigarettes,FALSE
398097,2001,Never wore a helmet,NA,No,Never smoked a cigarette,0 days,Did not smoke cigarettes,NA
116333,1993,Did not ride a bicycle,NA,No,Never smoked a cigarette,0 days,Did not smoke cigarettes,NA
932377,2009,Rarely wore a helmet,NA,Yes,Never smoked a cigarette,0 days,Did not smoke cigarettes,TRUE
403709,2001,Sometimes wore a helmet,NA,Yes,13 or 14 years old,3 to 5 days,2 to 5 cigarettes,NA
35478,1991,Did not ride a bicycle,NA,Yes,8 years old or younger,0 days,Did not smoke cigarettes,NA
638435,2005,Never wore a helmet,NA,Yes,Never smoked a cigarette,0 days,Did not smoke cigarettes,NA
642360,2005,Never wore a helmet,NA,Yes,15 or 16 years old,NA,NA,NA
766902,2007,Never wore a helmet,NA,No,Never smoked a cigarette,0 days,Did not smoke cigarettes,NA
774067,2007,Never wore a helmet,NA,Yes,8 years old or younger,All 30 days,6 to 10 cigarettes,NA
765513,2007,Never wore a helmet,NA,Yes,8 years old or younger,All 30 days,More than 20 cigarettes,NA
1101102,2011,Never wore a helmet,NA,Yes,Never smoked a cigarette,0 days,Did not smoke cigarettes,TRUE
1307112,2013,Never wore a helmet,I did not drive the past 30 days,Yes,13 or 14 years old,6 to 9 days,2 to 5 cigarettes,FALSE
184716,1995,NA,NA,No,Never smoked a cigarette,0 days,Did not smoke cigarettes,NA
928881,2009,Always wore a helmet,NA,No,Never smoked a cigarette,0 days,Did not smoke cigarettes,FALSE
111957,1993,Never wore a helmet,NA,Yes,Never smoked a cigarette,0 days,Did not smoke cigarettes,NA
42187,1991,NA,NA,Yes,13 or 14 years old,0 days,Did not smoke cigarettes,NA
261836,1997,Did not ride a bicycle,NA,NA,Never smoked a cigarette,NA,NA,NA
761559,2007,Never wore a helmet,NA,Yes,13 or 14 years old,0 days,Did not smoke cigarettes,NA
118911,1993,Did not ride a bicycle,NA,Yes,15 or 16 years old,0 days,Did not smoke cigarettes,NA
768148,2007,Sometimes wore a helmet,NA,NA,NA,0 days,Did not smoke cigarettes,NA
1107397,2011,Never wore a helmet,NA,Yes,17 years old or older,3 to 5 days,1 cigarette,TRUE
329489,1999,Did not ride a bicycle,NA,No,Never smoked a cigarette,0 days,Did not smoke cigarettes,NA
256799,1997,Never wore a helmet,NA,No,Never smoked a cigarette,0 days,Did not smoke cigarettes,NA
191200,1995,Rarely wore a helmet,NA,Yes,17 years old or older,0 days,Did not smoke cigarettes,NA
324097,1999,Sometimes wore a helmet,NA,No,Never smoked a cigarette,0 days,Did not smoke cigarettes,NA
923573,2009,Always wore a helmet,NA,No,Never smoked a cigarette,0 days,Did not smoke cigarettes,TRUE
331612,1999,Never wore a helmet,NA,Yes,13 or 14 years old,0 days,Did not smoke cigarettes,NA
327762,1999,Never wore a helmet,NA,No,Never smoked a cigarette,0 days,Did not smoke cigarettes,NA
636300,2005,Sometimes wore a helmet,NA,No,Never smoked a cigarette,0 days,Did not smoke cigarettes,NA
760531,2007,Did not ride a bicycle,NA,Yes,13 or 14 years old,NA,NA,NA
640876,2005,Did not ride a bicycle,NA,Yes,15 or 16 years old,1 or 2 days,Less than 1 cigarette,NA
183429,1995,Never wore a helmet,NA,Yes,9 or 10 years old,All 30 days,6 to 10 cigarettes,NA
262783,1997,Did not ride a bicycle,NA,Yes,13 or 14 years old,All 30 days,2 to 5 cigarettes,NA
404085,2001,Did not ride a bicycle,NA,No,Never smoked a cigarette,0 days,Did not smoke cigarettes,NA
634716,2005,Did not ride a bicycle,NA,Yes,13 or 14 years old,3 to 5 days,1 cigarette,NA
327516,1999,Never wore a helmet,NA,Yes,11 or 12 years old,0 days,Did not smoke cigarettes,NA
331447,1999,Rarely wore a helmet,NA,No,Never smoked a cigarette,0 days,Did not smoke cigarettes,NA
322838,1999,Never wore a helmet,NA,No,Never smoked a cigarette,0 days,Did not smoke cigarettes,NA
396539,2001,Never wore a helmet,NA,Yes,Never smoked a cigarette,0 days,Did not smoke cigarettes,NA
762758,2007,Always wore a helmet,NA,Yes,Never smoked a cigarette,0 days,Did not smoke cigarettes,NA
398915,2001,Never wore a helmet,NA,Yes,9 or 10 years old,10 to 19 days,2 to 5 cigarettes,NA
36836,1991,Always wore a helmet,NA,No,Never smoked a cigarette,0 days,Did not smoke cigarettes,NA
511548,2003,Did not ride a bicycle,NA,No,Never smoked a cigarette,0 days,Did not smoke cigarettes,NA
509786,2003,Never wore a helmet,NA,Yes,11 or 12 years old,1 or 2 days,Less than 1 cigarette,NA
323646,1999,Did not ride a bicycle,NA,Yes,8 years old or younger,10 to 19 days,2 to 5 cigarettes,NA
37176,1991,Never wore a helmet,NA,No,Never smoked a cigarette,0 days,Did not smoke cigarettes,NA
38955,1991,NA,NA,Yes,Never smoked a cigarette,0 days,Did not smoke cigarettes,NA
932751,2009,Did not ride a bicycle,NA,No,Never smoked a cigarette,0 days,Did not smoke cigarettes,NA
1100677,2011,NA,NA,Yes,Never smoked a cigarette,0 days,Did not smoke cigarettes,NA
1314221,2013,Never wore a helmet,NA,NA,NA,3 to 5 days,NA,FALSE
937074,2009,NA,NA,No,Never smoked a cigarette,0 days,Did not smoke cigarettes,NA
40035,1991,Did not ride a bicycle,NA,Yes,11 or 12 years old,10 to 19 days,2 to 5 cigarettes,NA
42188,1991,NA,NA,Yes,13 or 14 years old,6 to 9 days,2 to 5 cigarettes,NA
502896,2003,Most of the time wore a helmet,NA,Yes,Never smoked a cigarette,0 days,Did not smoke cigarettes,NA
927240,2009,Never wore a helmet,NA,No,Never smoked a cigarette,0 days,Did not smoke cigarettes,FALSE
270458,1997,Never wore a helmet,NA,Yes,8 years old or younger,All 30 days,More than 20 cigarettes,NA
34508,1991,Did not ride a bicycle,NA,NA,NA,NA,NA,NA
1095341,2011,Never wore a helmet,NA,NA,NA,0 days,Did not smoke cigarettes,FALSE
1095635,2011,Did not ride a bicycle,NA,Yes,13 or 14 years old,1 or 2 days,Less than 1 cigarette,FALSE
108390,1993,Never wore a helmet,NA,No,Never smoked a cigarette,0 days,Did not smoke cigarettes,NA
507080,2003,Never wore a helmet,NA,Yes,13 or 14 years old,0 days,Did not smoke cigarettes,NA
121091,1993,Did not ride a bicycle,NA,Yes,13 or 14 years old,All 30 days,11 to 20 cigarettes,NA
327574,1999,Did not ride a bicycle,NA,Yes,Never smoked a cigarette,0 days,Did not smoke cigarettes,NA
321403,1999,Never wore a helmet,NA,Yes,17 years old or older,0 days,Did not smoke cigarettes,NA
113911,1993,Did not ride a bicycle,NA,No,Never smoked a cigarette,0 days,Did not smoke cigarettes,NA
638369,2005,Did not ride a bicycle,NA,NA,Never smoked a cigarette,0 days,NA,NA
1106896,2011,Did not ride a bicycle,NA,Yes,13 or 14 years old,3 to 5 days,Less than 1 cigarette,FALSE
41878,1991,Did not ride a bicycle,NA,Yes,11 or 12 years old,0 days,Did not smoke cigarettes,NA
187231,1995,Did not ride a bicycle,NA,Yes,13 or 14 years old,1 or 2 days,1 cigarette,NA
937656,2009,Did not ride a bicycle,NA,Yes,13 or 14 years old,1 or 2 days,Less than 1 cigarette,FALSE
108538,1993,Always wore a helmet,NA,Yes,Never smoked a cigarette,0 days,Did not smoke cigarettes,NA
926676,2009,Never wore a helmet,NA,Yes,9 or 10 years old,0 days,Did not smoke cigarettes,FALSE
1102822,2011,NA,NA,NA,Never smoked a cigarette,0 days,Did not smoke cigarettes,TRUE
1098702,2011,NA,NA,No,Never smoked a cigarette,0 days,Did not smoke cigarettes,NA
1313414,2013,Did not ride a bicycle,All 30 days,Yes,8 years old or younger,6 to 9 days,2 to 5 cigarettes,TRUE
764820,2007,Did not ride a bicycle,NA,Yes,8 years old or younger,0 days,Did not smoke cigarettes,NA
631375,2005,Never wore a helmet,NA,Yes,13 or 14 years old,0 days,Did not smoke cigarettes,NA
114599,1993,Never wore a helmet,NA,No,Never smoked a cigarette,0 days,Did not smoke cigarettes,NA
183227,1995,Never wore a helmet,NA,Yes,9 or 10 years old,0 days,Did not smoke cigarettes,NA
629045,2005,Did not ride a bicycle,NA,No,Never smoked a cigarette,0 days,Did not smoke cigarettes,NA
641295,2005,Did not ride a bicycle,NA,Yes,Never smoked a cigarette,0 days,Did not smoke cigarettes,NA
1097593,2011,Did not ride a bicycle,NA,No,Never smoked a cigarette,0 days,Did not smoke cigarettes,FALSE
186741,1995,Sometimes wore a helmet,NA,No,Never smoked a cigarette,0 days,Did not smoke cigarettes,NA
931413,2009,Never wore a helmet,NA,No,Never smoked a cigarette,0 days,Did not smoke cigarettes,TRUE
767551,2007,Never wore a helmet,NA,Yes,Never smoked a cigarette,0 days,Did not smoke cigarettes,NA
187652,1995,Never wore a helmet,NA,Yes,13 or 14 years old,All 30 days,6 to 10 cigarettes,NA
1311717,2013,Never wore a helmet,I did not drive the past 30 days,Yes,13 or 14 years old,0 days,Did not smoke cigarettes,FALSE
933670,2009,Did not ride a bicycle,NA,No,Never smoked a cigarette,0 days,Did not smoke cigarettes,TRUE
1097654,2011,Did not ride a bicycle,NA,No,Never smoked a cigarette,0 days,Did not smoke cigarettes,FALSE
325327,1999,Rarely wore a helmet,NA,Yes,15 or 16 years old,3 to 5 days,Less than 1 cigarette,NA
1100035,2011,Never wore a helmet,NA,Yes,11 or 12 years old,NA,1 cigarette,FALSE
332147,1999,Rarely wore a helmet,NA,No,Never smoked a cigarette,0 days,Did not smoke cigarettes,NA
408988,2001,Never wore a helmet,NA,No,Never smoked a cigarette,0 days,Did not smoke cigarettes,NA
1102838,2011,Never wore a helmet,NA,No,Never smoked a cigarette,0 days,Did not smoke cigarettes,FALSE
761307,2007,Never wore a helmet,NA,No,Never smoked a cigarette,0 days,Did not smoke cigarettes,NA
183678,1995,Never wore a helmet,NA,No,Never smoked a cigarette,0 days,Did not smoke cigarettes,NA
400016,2001,Never wore a helmet,NA,No,Never smoked a cigarette,0 days,Did not smoke cigarettes,NA
503918,2003,Never wore a helmet,NA,No,Never smoked a cigarette,0 days,Did not smoke cigarettes,NA
409146,2001,Never wore a helmet,NA,No,Never smoked a cigarette,0 days,Did not smoke cigarettes,NA
773555,2007,Never wore a helmet,NA,No,Never smoked a cigarette,0 days,Did not smoke cigarettes,NA
266374,1997,Never wore a helmet,NA,Yes,13 or 14 years old,20 to 29 days,2 to 5 cigarettes,NA
264751,1997,Never wore a helmet,NA,No,Never smoked a cigarette,0 days,Did not smoke cigarettes,NA
184913,1995,Did not ride a bicycle,NA,No,NA,0 days,Did not smoke cigarettes,NA
1306740,2013,Never wore a helmet,I did not drive the past 30 days,Yes,15 or 16 years old,0 days,Did not smoke cigarettes,FALSE
1311337,2013,Did not ride a bicycle,NA,No,Never smoked a cigarette,0 days,Did not smoke cigarettes,FALSE
642293,2005,Always wore a helmet,NA,NA,NA,NA,NA,NA
1102516,2011,Did not ride a bicycle,NA,No,Never smoked a cigarette,0 days,Did not smoke cigarettes,FALSE
768381,2007,NA,NA,Yes,Never smoked a cigarette,0 days,Did not smoke cigarettes,NA
628891,2005,Never wore a helmet,NA,No,Never smoked a cigarette,0 days,Did not smoke cigarettes,NA
1314042,2013,Never wore a helmet,1 or 2 days,No,Never smoked a cigarette,0 days,Did not smoke cigarettes,FALSE
189466,1995,Did not ride a bicycle,NA,Yes,13 or 14 years old,0 days,Did not smoke cigarettes,NA
259895,1997,NA,NA,No,Never smoked a cigarette,0 days,Did not smoke cigarettes,NA
927752,2009,Did not ride a bicycle,NA,Yes,13 or 14 years old,All 30 days,6 to 10 cigarettes,TRUE
336551,1999,Did not ride a bicycle,NA,Yes,15 or 16 years old,0 days,Did not smoke cigarettes,NA
931814,2009,Did not ride a bicycle,NA,No,Never smoked a cigarette,0 days,Did not smoke cigarettes,FALSE
768583,2007,Never wore a helmet,NA,No,Never smoked a cigarette,0 days,Did not smoke cigarettes,NA
1304757,2013,Rarely wore a helmet,I did not drive the past 30 days,Yes,8 years old or younger,0 days,Did not smoke cigarettes,FALSE
187958,1995,Never wore a helmet,NA,No,Never smoked a cigarette,0 days,Did not smoke cigarettes,NA
1105782,2011,Rarely wore a helmet,NA,No,Never smoked a cigarette,0 days,Did not smoke cigarettes,FALSE
1312101,2013,Did not ride a bicycle,I did not drive the past 30 days,Yes,13 or 14 years old,0 days,Did not smoke cigarettes,FALSE
934942,2009,NA,NA,Yes,Never smoked a cigarette,0 days,Did not smoke cigarettes,NA
34287,1991,Never wore a helmet,NA,Yes,8 years old or younger,20 to 29 days,11 to 20 cigarettes,NA
641207,2005,Never wore a helmet,NA,No,Never smoked a cigarette,NA,Did not smoke cigarettes,NA
396597,2001,Did not ride a bicycle,NA,Yes,11 or 12 years old,0 days,Did not smoke cigarettes,NA
937180,2009,Did not ride a bicycle,NA,Yes,Never smoked a cigarette,0 days,Did not smoke cigarettes,FALSE
186343,1995,Did not ride a bicycle,NA,No,Never smoked a cigarette,0 days,Did not smoke cigarettes,NA
399174,2001,Sometimes wore a helmet,NA,Yes,13 or 14 years old,0 days,Did not smoke cigarettes,NA
764378,2007,Never wore a helmet,NA,Yes,11 or 12 years old,0 days,Did not smoke cigarettes,NA
1099194,2011,Never wore a helmet,NA,No,Never smoked a cigarette,0 days,Did not smoke cigarettes,FALSE
33848,1991,Did not ride a bicycle,NA,Yes,11 or 12 years old,All 30 days,6 to 10 cigarettes,NA
107284,1993,Never wore a helmet,NA,NA,NA,NA,NA,NA
1109326,2011,Did not ride a bicycle,NA,No,Never smoked a cigarette,0 days,Did not smoke cigarettes,FALSE
1306477,2013,Did not ride a bicycle,0 days,No,Never smoked a cigarette,0 days,Did not smoke cigarettes,TRUE
331892,1999,Always wore a helmet,NA,No,Never smoked a cigarette,0 days,Did not smoke cigarettes,NA
260210,1997,Never wore a helmet,NA,Yes,Never smoked a cigarette,0 days,Did not smoke cigarettes,NA
505548,2003,Always wore a helmet,NA,No,Never smoked a cigarette,0 days,Did not smoke cigarettes,NA
397467,2001,Did not ride a bicycle,NA,No,Never smoked a cigarette,0 days,Did not smoke cigarettes,NA
765413,2007,Always wore a helmet,NA,No,Never smoked a cigarette,0 days,Did not smoke cigarettes,NA
259173,1997,Never wore a helmet,NA,No,Never smoked a cigarette,0 days,Did not smoke cigarettes,NA
774079,2007,Never wore a helmet,NA,No,Never smoked a cigarette,0 days,Did not smoke cigarettes,NA
509926,2003,Did not ride a bicycle,NA,No,Never smoked a cigarette,0 days,Did not smoke cigarettes,NA
769844,2007,Did not ride a bicycle,NA,Yes,Never smoked a cigarette,0 days,Did not smoke cigarettes,NA
507994,2003,Did not ride a bicycle,NA,Yes,11 or 12 years old,0 days,Did not smoke cigarettes,NA
926627,2009,Rarely wore a helmet,NA,Yes,Never smoked a cigarette,0 days,Did not smoke cigarettes,FALSE
766502,2007,Did not ride a bicycle,NA,No,Never smoked a cigarette,0 days,Did not smoke cigarettes,NA
761888,2007,Did not ride a bicycle,NA,Yes,9 or 10 years old,All 30 days,6 to 10 cigarettes,NA
401767,2001,Did not ride a bicycle,NA,Yes,13 or 14 years old,0 days,Did not smoke cigarettes,NA
928245,2009,Never wore a helmet,NA,No,Never smoked a cigarette,0 days,Did not smoke cigarettes,FALSE
930693,2009,Did not ride a bicycle,NA,No,Never smoked a cigarette,0 days,Did not smoke cigarettes,TRUE
641922,2005,Never wore a helmet,NA,No,Never smoked a cigarette,0 days,Did not smoke cigarettes,NA
1095362,2011,Never wore a helmet,NA,No,Never smoked a cigarette,0 days,Did not smoke cigarettes,FALSE
186127,1995,Did not ride a bicycle,NA,Yes,11 or 12 years old,3 to 5 days,Less than 1 cigarette,NA
186090,1995,Rarely wore a helmet,NA,Yes,13 or 14 years old,0 days,Did not smoke cigarettes,NA
629602,2005,Rarely wore a helmet,NA,NA,NA,NA,NA,NA
641182,2005,Did not ride a bicycle,NA,No,Never smoked a cigarette,0 days,Did not smoke cigarettes,NA
32333,1991,Never wore a helmet,NA,Yes,13 or 14 years old,1 or 2 days,Less than 1 cigarette,NA
1101030,2011,Never wore a helmet,NA,Yes,13 or 14 years old,6 to 9 days,6 to 10 cigarettes,FALSE
42798,1991,Did not ride a bicycle,NA,Yes,15 or 16 years old,0 days,Did not smoke cigarettes,NA
122471,1993,NA,NA,Yes,Never smoked a cigarette,0 days,Did not smoke cigarettes,NA
768233,2007,Sometimes wore a helmet,NA,No,Never smoked a cigarette,0 days,Did not smoke cigarettes,NA
408829,2001,Did not ride a bicycle,NA,No,Never smoked a cigarette,0 days,Did not smoke cigarettes,NA
1106993,2011,Never wore a helmet,NA,Yes,13 or 14 years old,1 or 2 days,Less than 1 cigarette,TRUE
1313968,2013,Never wore a helmet,6 to 9 days,No,Never smoked a cigarette,0 days,Did not smoke cigarettes,FALSE
396284,2001,Always wore a helmet,NA,No,Never smoked a cigarette,0 days,Did not smoke cigarettes,NA
638377,2005,Did not ride a bicycle,NA,NA,15 or 16 years old,0 days,NA,NA
511725,2003,Did not ride a bicycle,NA,Yes,Never smoked a cigarette,0 days,Did not smoke cigarettes,NA
1106233,2011,Never wore a helmet,NA,Yes,Never smoked a cigarette,0 days,Did not smoke cigarettes,TRUE
771743,2007,Did not ride a bicycle,NA,Yes,NA,1 or 2 days,Less than 1 cigarette,NA
933282,2009,Did not ride a bicycle,NA,No,Never smoked a cigarette,0 days,Did not smoke cigarettes,FALSE
329183,1999,Rarely wore a helmet,NA,Yes,Never smoked a cigarette,0 days,Did not smoke cigarettes,NA
1095269,2011,Never wore a helmet,NA,Yes,13 or 14 years old,0 days,Did not smoke cigarettes,FALSE
38894,1991,Never wore a helmet,NA,Yes,9 or 10 years old,1 or 2 days,2 to 5 cigarettes,NA
182004,1995,Never wore a helmet,NA,No,Never smoked a cigarette,0 days,Did not smoke cigarettes,NA
185018,1995,Never wore a helmet,NA,Yes,9 or 10 years old,All 30 days,More than 20 cigarettes,NA
511702,2003,Did not ride a bicycle,NA,No,Never smoked a cigarette,0 days,Did not smoke cigarettes,NA
770381,2007,Never wore a helmet,NA,No,Never smoked a cigarette,0 days,Did not smoke cigarettes,NA
186577,1995,Did not ride a bicycle,NA,Yes,13 or 14 years old,All 30 days,2 to 5 cigarettes,NA
932709,2009,Most of the time wore a helmet,NA,No,Never smoked a cigarette,0 days,Did not smoke cigarettes,FALSE
184491,1995,Never wore a helmet,NA,NA,NA,0 days,Did not smoke cigarettes,NA
1313752,2013,Never wore a helmet,I did not drive the past 30 days,Yes,15 or 16 years old,0 days,Did not smoke cigarettes,TRUE
402811,2001,Never wore a helmet,NA,Yes,11 or 12 years old,All 30 days,6 to 10 cigarettes,NA
506916,2003,Most of the time wore a helmet,NA,Yes,Never smoked a cigarette,0 days,Did not smoke cigarettes,NA
408862,2001,Always wore a helmet,NA,Yes,17 years old or older,0 days,Did not smoke cigarettes,NA
180876,1995,Never wore a helmet,NA,NA,Never smoked a cigarette,0 days,Did not smoke cigarettes,NA
37157,1991,NA,NA,No,Never smoked a cigarette,0 days,Did not smoke cigarettes,NA
512156,2003,Never wore a helmet,NA,No,Never smoked a cigarette,0 days,Did not smoke cigarettes,NA
403321,2001,Never wore a helmet,NA,Yes,9 or 10 years old,0 days,Did not smoke cigarettes,NA
1316266,2013,Did not ride a bicycle,1 or 2 days,No,Never smoked a cigarette,0 days,Did not smoke cigarettes,FALSE
1306285,2013,Never wore a helmet,0 days,Yes,15 or 16 years old,20 to 29 days,2 to 5 cigarettes,FALSE
1097052,2011,Never wore a helmet,NA,No,Never smoked a cigarette,0 days,Did not smoke cigarettes,TRUE
770376,2007,NA,NA,No,Never smoked a cigarette,0 days,Did not smoke cigarettes,NA
1314658,2013,Never wore a helmet,1 or 2 days,No,Never smoked a cigarette,0 days,Did not smoke cigarettes,FALSE
336657,1999,Did not ride a bicycle,NA,No,Never smoked a cigarette,0 days,Did not smoke cigarettes,NA
764146,2007,Did not ride a bicycle,NA,No,Never smoked a cigarette,0 days,Did not smoke cigarettes,NA
398273,2001,Never wore a helmet,NA,Yes,13 or 14 years old,0 days,Did not smoke cigarettes,NA
933521,2009,Did not ride a bicycle,NA,No,Never smoked a cigarette,0 days,Did not smoke cigarettes,FALSE
115415,1993,Never wore a helmet,NA,No,Never smoked a cigarette,0 days,Did not smoke cigarettes,NA
268816,1997,Never wore a helmet,NA,No,Never smoked a cigarette,0 days,Did not smoke cigarettes,NA
187611,1995,Did not ride a bicycle,NA,No,Never smoked a cigarette,0 days,Did not smoke cigarettes,NA
262488,1997,Never wore a helmet,NA,Yes,11 or 12 years old,0 days,Did not smoke cigarettes,NA
191020,1995,Did not ride a bicycle,NA,Yes,9 or 10 years old,NA,2 to 5 cigarettes,NA
513489,2003,Never wore a helmet,NA,No,Never smoked a cigarette,0 days,Did not smoke cigarettes,NA
266599,1997,Did not ride a bicycle,NA,Yes,15 or 16 years old,0 days,Did not smoke cigarettes,NA
405441,2001,Did not ride a bicycle,NA,No,Never smoked a cigarette,0 days,Did not smoke cigarettes,NA
1095144,2011,Did not ride a bicycle,NA,No,Never smoked a cigarette,0 days,Did not smoke cigarettes,TRUE
324048,1999,Did not ride a bicycle,NA,Yes,11 or 12 years old,20 to 29 days,2 to 5 cigarettes,NA
259595,1997,Never wore a helmet,NA,No,Never smoked a cigarette,0 days,Did not smoke cigarettes,NA
926604,2009,Never wore a helmet,NA,No,Never smoked a cigarette,0 days,Did not smoke cigarettes,TRUE
632563,2005,Never wore a helmet,NA,Yes,11 or 12 years old,0 days,Did not smoke cigarettes,NA
271023,1997,Never wore a helmet,NA,No,Never smoked a cigarette,0 days,Did not smoke cigarettes,NA
329695,1999,Most of the time wore a helmet,NA,Yes,11 or 12 years old,1 or 2 days,Less than 1 cigarette,NA
405502,2001,Never wore a helmet,NA,Yes,13 or 14 years old,20 to 29 days,2 to 5 cigarettes,NA
1103342,2011,Never wore a helmet,NA,Yes,Never smoked a cigarette,0 days,Did not smoke cigarettes,TRUE
330764,1999,Rarely wore a helmet,NA,Yes,11 or 12 years old,0 days,Did not smoke cigarettes,NA
333603,1999,Never wore a helmet,NA,Yes,9 or 10 years old,0 days,Did not smoke cigarettes,NA
768588,2007,Never wore a helmet,NA,No,Never smoked a cigarette,0 days,Did not smoke cigarettes,NA
638331,2005,Never wore a helmet,NA,Yes,13 or 14 years old,0 days,Did not smoke cigarettes,NA
1097336,2011,Never wore a helmet,NA,No,Never smoked a cigarette,0 days,Did not smoke cigarettes,FALSE
638198,2005,Did not ride a bicycle,NA,Yes,13 or 14 years old,10 to 19 days,Less than 1 cigarette,NA
408180,2001,Did not ride a bicycle,NA,Yes,Never smoked a cigarette,0 days,Did not smoke cigarettes,NA
1102241,2011,Rarely wore a helmet,NA,NA,NA,NA,NA,FALSE
32471,1991,Never wore a helmet,NA,No,Never smoked a cigarette,0 days,Did not smoke cigarettes,NA
639913,2005,Did not ride a bicycle,NA,Yes,Never smoked a cigarette,0 days,Did not smoke cigarettes,NA
322083,1999,Never wore a helmet,NA,Yes,Never smoked a cigarette,0 days,Did not smoke cigarettes,NA
501104,2003,Always wore a helmet,NA,No,Never smoked a cigarette,0 days,Did not smoke cigarettes,NA
113653,1993,Never wore a helmet,NA,Yes,13 or 14 years old,0 days,Did not smoke cigarettes,NA
637155,2005,Sometimes wore a helmet,NA,Yes,13 or 14 years old,0 days,Did not smoke cigarettes,NA
1097754,2011,Sometimes wore a helmet,NA,No,Never smoked a cigarette,0 days,Did not smoke cigarettes,FALSE
327045,1999,Never wore a helmet,NA,No,Never smoked a cigarette,0 days,Did not smoke cigarettes,NA
1307292,2013,Never wore a helmet,All 30 days,No,Never smoked a cigarette,0 days,Did not smoke cigarettes,TRUE
933370,2009,Did not ride a bicycle,NA,Yes,15 or 16 years old,0 days,Did not smoke cigarettes,FALSE
762935,2007,Did not ride a bicycle,NA,Yes,NA,NA,NA,NA
1094988,2011,Rarely wore a helmet,NA,No,Never smoked a cigarette,0 days,Did not smoke cigarettes,TRUE
628866,2005,Rarely wore a helmet,NA,No,Never smoked a cigarette,0 days,Did not smoke cigarettes,NA
334377,1999,Did not ride a bicycle,NA,Yes,8 years old or younger,6 to 9 days,Less than 1 cigarette,NA
407356,2001,Sometimes wore a helmet,NA,No,Never smoked a cigarette,0 days,Did not smoke cigarettes,NA
108944,1993,NA,NA,Yes,13 or 14 years old,0 days,Did not smoke cigarettes,NA
186430,1995,Never wore a helmet,NA,Yes,13 or 14 years old,20 to 29 days,2 to 5 cigarettes,NA
331575,1999,Did not ride a bicycle,NA,Yes,11 or 12 years old,All 30 days,6 to 10 cigarettes,NA
186534,1995,Never wore a helmet,NA,Yes,11 or 12 years old,1 or 2 days,Less than 1 cigarette,NA
1108674,2011,Never wore a helmet,NA,No,Never smoked a cigarette,0 days,Did not smoke cigarettes,FALSE
772148,2007,Did not ride a bicycle,NA,Yes,Never smoked a cigarette,NA,NA,NA
1315765,2013,Never wore a helmet,I did not drive the past 30 days,No,Never smoked a cigarette,0 days,Did not smoke cigarettes,FALSE
32152,1991,Never wore a helmet,NA,Yes,13 or 14 years old,20 to 29 days,11 to 20 cigarettes,NA
770218,2007,Never wore a helmet,NA,Yes,15 or 16 years old,3 to 5 days,Less than 1 cigarette,NA
924033,2009,Never wore a helmet,NA,Yes,8 years old or younger,All 30 days,11 to 20 cigarettes,TRUE
499467,2003,Never wore a helmet,NA,No,Never smoked a cigarette,0 days,Did not smoke cigarettes,NA
637908,2005,Did not ride a bicycle,NA,Yes,13 or 14 years old,10 to 19 days,1 cigarette,NA
121492,1993,Rarely wore a helmet,NA,Yes,Never smoked a cigarette,0 days,Did not smoke cigarettes,NA
772139,2007,Never wore a helmet,NA,Yes,11 or 12 years old,All 30 days,6 to 10 cigarettes,NA
630661,2005,Rarely wore a helmet,NA,NA,13 or 14 years old,10 to 19 days,2 to 5 cigarettes,NA
1312912,2013,Did not ride a bicycle,0 days,No,Never smoked a cigarette,0 days,Did not smoke cigarettes,FALSE
930405,2009,Did not ride a bicycle,NA,Yes,13 or 14 years old,0 days,Did not smoke cigarettes,FALSE
922351,2009,Never wore a helmet,NA,Yes,13 or 14 years old,1 or 2 days,Less than 1 cigarette,FALSE
323008,1999,NA,NA,Yes,9 or 10 years old,All 30 days,6 to 10 cigarettes,NA
112878,1993,Did not ride a bicycle,NA,No,Never smoked a cigarette,0 days,Did not smoke cigarettes,NA
184755,1995,Never wore a helmet,NA,NA,Never smoked a cigarette,0 days,Did not smoke cigarettes,NA
922483,2009,Never wore a helmet,NA,Yes,13 or 14 years old,0 days,Did not smoke cigarettes,FALSE
771733,2007,Never wore a helmet,NA,No,Never smoked a cigarette,0 days,Did not smoke cigarettes,NA
500102,2003,Never wore a helmet,NA,Yes,13 or 14 years old,0 days,Did not smoke cigarettes,NA
106973,1993,Never wore a helmet,NA,Yes,Never smoked a cigarette,0 days,Did not smoke cigarettes,NA
325731,1999,Did not ride a bicycle,NA,Yes,8 years old or younger,1 or 2 days,Less than 1 cigarette,NA
1307990,2013,Did not ride a bicycle,0 days,No,Never smoked a cigarette,0 days,Did not smoke cigarettes,FALSE
120248,1993,Did not ride a bicycle,NA,No,Never smoked a cigarette,0 days,Did not smoke cigarettes,NA
40311,1991,Never wore a helmet,NA,Yes,Never smoked a cigarette,0 days,Did not smoke cigarettes,NA
500323,2003,Never wore a helmet,NA,Yes,11 or 12 years old,6 to 9 days,Less than 1 cigarette,NA
938227,2009,Never wore a helmet,NA,Yes,Never smoked a cigarette,0 days,Did not smoke cigarettes,FALSE
403776,2001,Did not ride a bicycle,NA,No,Never smoked a cigarette,0 days,Did not smoke cigarettes,NA
333995,1999,Never wore a helmet,NA,Yes,13 or 14 years old,10 to 19 days,1 cigarette,NA
119877,1993,Did not ride a bicycle,NA,Yes,13 or 14 years old,All 30 days,11 to 20 cigarettes,NA
323658,1999,Never wore a helmet,NA,Yes,8 years old or younger,0 days,Did not smoke cigarettes,NA
923875,2009,Did not ride a bicycle,NA,Yes,13 or 14 years old,0 days,Did not smoke cigarettes,FALSE
396874,2001,Never wore a helmet,NA,No,Never smoked a cigarette,0 days,Did not smoke cigarettes,NA
1313679,2013,Never wore a helmet,0 days,No,Never smoked a cigarette,0 days,Did not smoke cigarettes,FALSE
31276,1991,Never wore a helmet,NA,Yes,Never smoked a cigarette,0 days,Did not smoke cigarettes,NA
1310621,2013,Did not ride a bicycle,I did not drive the past 30 days,No,Never smoked a cigarette,0 days,Did not smoke cigarettes,TRUE
631154,2005,Rarely wore a helmet,NA,Yes,Never smoked a cigarette,0 days,Did not smoke cigarettes,NA
932886,2009,Did not ride a bicycle,NA,NA,NA,0 days,Did not smoke cigarettes,FALSE
115303,1993,Did not ride a bicycle,NA,No,Never smoked a cigarette,0 days,Did not smoke cigarettes,NA
396910,2001,Most of the time wore a helmet,NA,Yes,8 years old or younger,NA,NA,NA
40459,1991,Never wore a helmet,NA,Yes,15 or 16 years old,0 days,Did not smoke cigarettes,NA
256177,1997,Never wore a helmet,NA,Yes,11 or 12 years old,0 days,Did not smoke cigarettes,NA
406130,2001,Did not ride a bicycle,NA,No,Never smoked a cigarette,0 days,Did not smoke cigarettes,NA
507866,2003,Did not ride a bicycle,NA,Yes,8 years old or younger,0 days,Did not smoke cigarettes,NA
191219,1995,Did not ride a bicycle,NA,Yes,15 or 16 years old,1 or 2 days,Less than 1 cigarette,NA
931121,2009,Sometimes wore a helmet,NA,NA,Never smoked a cigarette,NA,NA,TRUE
181250,1995,Rarely wore a helmet,NA,No,Never smoked a cigarette,0 days,Did not smoke cigarettes,NA
633398,2005,Did not ride a bicycle,NA,No,Never smoked a cigarette,0 days,Did not smoke cigarettes,NA
266352,1997,Never wore a helmet,NA,Yes,Never smoked a cigarette,0 days,Did not smoke cigarettes,NA
923516,2009,Never wore a helmet,NA,No,Never smoked a cigarette,0 days,Did not smoke cigarettes,TRUE
1096606,2011,NA,NA,NA,Never smoked a cigarette,0 days,Did not smoke cigarettes,NA
767737,2007,Never wore a helmet,NA,Yes,13 or 14 years old,NA,NA,NA
1307090,2013,Did not ride a bicycle,0 days,No,Never smoked a cigarette,0 days,Did not smoke cigarettes,TRUE
1105389,2011,Did not ride a bicycle,NA,Yes,15 or 16 years old,10 to 19 days,Less than 1 cigarette,TRUE
511914,2003,Did not ride a bicycle,NA,No,Never smoked a cigarette,0 days,Did not smoke cigarettes,NA
773637,2007,Did not ride a bicycle,NA,Yes,15 or 16 years old,1 or 2 days,1 cigarette,NA
639705,2005,Rarely wore a helmet,NA,No,Never smoked a cigarette,0 days,Did not smoke cigarettes,NA
121930,1993,Did not ride a bicycle,NA,No,Never smoked a cigarette,0 days,Did not smoke cigarettes,NA
774226,2007,Never wore a helmet,NA,No,Never smoked a cigarette,0 days,Did not smoke cigarettes,NA
1312636,2013,Never wore a helmet,1 or 2 days,NA,Never smoked a cigarette,0 days,NA,FALSE
764794,2007,Never wore a helmet,NA,Yes,11 or 12 years old,0 days,Did not smoke cigarettes,NA
931489,2009,Never wore a helmet,NA,No,Never smoked a cigarette,0 days,Did not smoke cigarettes,FALSE
924458,2009,Always wore a helmet,NA,No,Never smoked a cigarette,0 days,Did not smoke cigarettes,FALSE
403523,2001,Never wore a helmet,NA,Yes,13 or 14 years old,1 or 2 days,1 cigarette,NA
513374,2003,Never wore a helmet,NA,Yes,13 or 14 years old,0 days,Did not smoke cigarettes,NA
1311603,2013,Sometimes wore a helmet,I did not drive the past 30 days,No,Never smoked a cigarette,0 days,Did not smoke cigarettes,FALSE
40987,1991,Never wore a helmet,NA,Yes,13 or 14 years old,0 days,Did not smoke cigarettes,NA
761315,2007,Never wore a helmet,NA,Yes,Never smoked a cigarette,0 days,Did not smoke cigarettes,NA
923346,2009,Never wore a helmet,NA,Yes,Never smoked a cigarette,0 days,Did not smoke cigarettes,FALSE
38689,1991,Never wore a helmet,NA,Yes,15 or 16 years old,All 30 days,6 to 10 cigarettes,NA
634361,2005,Never wore a helmet,NA,Yes,Never smoked a cigarette,0 days,Did not smoke cigarettes,NA
255697,1997,Never wore a helmet,NA,Yes,11 or 12 years old,All 30 days,6 to 10 cigarettes,NA
511677,2003,Never wore a helmet,NA,Yes,Never smoked a cigarette,0 days,Did not smoke cigarettes,NA
769249,2007,Rarely wore a helmet,NA,No,Never smoked a cigarette,0 days,Did not smoke cigarettes,NA
1097805,2011,Sometimes wore a helmet,NA,No,Never smoked a cigarette,0 days,Did not smoke cigarettes,FALSE
1100571,2011,NA,NA,NA,8 years old or younger,0 days,Did not smoke cigarettes,NA
331153,1999,Sometimes wore a helmet,NA,Yes,Never smoked a cigarette,0 days,Did not smoke cigarettes,NA
323958,1999,Did not ride a bicycle,NA,NA,NA,NA,NA,NA
636740,2005,Never wore a helmet,NA,Yes,11 or 12 years old,6 to 9 days,Less than 1 cigarette,NA
116646,1993,Did not ride a bicycle,NA,No,Never smoked a cigarette,0 days,Did not smoke cigarettes,NA
324291,1999,Never wore a helmet,NA,No,Never smoked a cigarette,0 days,Did not smoke cigarettes,NA
188036,1995,NA,NA,Yes,13 or 14 years old,NA,NA,NA
400908,2001,Never wore a helmet,NA,Yes,9 or 10 years old,All 30 days,11 to 20 cigarettes,NA
404962,2001,NA,NA,Yes,11 or 12 years old,0 days,Did not smoke cigarettes,NA
762849,2007,Never wore a helmet,NA,Yes,15 or 16 years old,0 days,Did not smoke cigarettes,NA
330166,1999,Did not ride a bicycle,NA,No,Never smoked a cigarette,0 days,Did not smoke cigarettes,NA
1101501,2011,Rarely wore a helmet,NA,No,Never smoked a cigarette,0 days,Did not smoke cigarettes,FALSE
120222,1993,Did not ride a bicycle,NA,Yes,15 or 16 years old,All 30 days,6 to 10 cigarettes,NA
186029,1995,Never wore a helmet,NA,Yes,9 or 10 years old,0 days,Did not smoke cigarettes,NA
264582,1997,Sometimes wore a helmet,NA,No,Never smoked a cigarette,0 days,Did not smoke cigarettes,NA
407346,2001,Did not ride a bicycle,NA,No,Never smoked a cigarette,0 days,Did not smoke cigarettes,NA
1099247,2011,Did not ride a bicycle,NA,Yes,9 or 10 years old,0 days,Did not smoke cigarettes,FALSE
636795,2005,Did not ride a bicycle,NA,No,Never smoked a cigarette,0 days,Did not smoke cigarettes,NA
397881,2001,Most of the time wore a helmet,NA,Yes,Never smoked a cigarette,0 days,Did not smoke cigarettes,NA
1094714,2011,Never wore a helmet,NA,Yes,13 or 14 years old,0 days,Did not smoke cigarettes,FALSE
271757,1997,NA,NA,Yes,13 or 14 years old,1 or 2 days,Less than 1 cigarette,NA
768654,2007,Rarely wore a helmet,NA,No,Never smoked a cigarette,0 days,Did not smoke cigarettes,NA
402854,2001,Sometimes wore a helmet,NA,No,Never smoked a cigarette,0 days,Did not smoke cigarettes,NA
405233,2001,Never wore a helmet,NA,Yes,13 or 14 years old,0 days,Did not smoke cigarettes,NA
406572,2001,NA,NA,No,Never smoked a cigarette,0 days,Did not smoke cigarettes,NA
112075,1993,Never wore a helmet,NA,Yes,8 years old or younger,0 days,Did not smoke cigarettes,NA
257900,1997,NA,NA,Yes,9 or 10 years old,NA,NA,NA
771181,2007,Did not ride a bicycle,NA,NA,NA,0 days,Did not smoke cigarettes,NA
934745,2009,Never wore a helmet,NA,NA,NA,0 days,Did not smoke cigarettes,FALSE
1306590,2013,Never wore a helmet,0 days,No,Never smoked a cigarette,0 days,Did not smoke cigarettes,FALSE
500976,2003,Did not ride a bicycle,NA,No,Never smoked a cigarette,0 days,Did not smoke cigarettes,NA
504089,2003,Never wore a helmet,NA,No,Never smoked a cigarette,0 days,Did not smoke cigarettes,NA
1304797,2013,Never wore a helmet,I did not drive the past 30 days,No,Never smoked a cigarette,0 days,Did not smoke cigarettes,FALSE
399980,2001,Did not ride a bicycle,NA,Yes,15 or 16 years old,All 30 days,2 to 5 cigarettes,NA
400758,2001,Never wore a helmet,NA,Yes,15 or 16 years old,0 days,Did not smoke cigarettes,NA
267219,1997,Did not ride a bicycle,NA,Yes,15 or 16 years old,NA,NA,NA
260987,1997,Did not ride a bicycle,NA,Yes,Never smoked a cigarette,0 days,Did not smoke cigarettes,NA
38167,1991,Did not ride a bicycle,NA,Yes,11 or 12 years old,0 days,Did not smoke cigarettes,NA
34087,1991,Did not ride a bicycle,NA,Yes,Never smoked a cigarette,0 days,Did not smoke cigarettes,NA
330158,1999,Never wore a helmet,NA,No,Never smoked a cigarette,0 days,Did not smoke cigarettes,NA
335600,1999,Did not ride a bicycle,NA,Yes,8 years old or younger,All 30 days,2 to 5 cigarettes,NA
630348,2005,Always wore a helmet,NA,No,Never smoked a cigarette,0 days,Did not smoke cigarettes,NA
639926,2005,Did not ride a bicycle,NA,No,Never smoked a cigarette,0 days,Did not smoke cigarettes,NA
1104051,2011,Never wore a helmet,NA,Yes,13 or 14 years old,1 or 2 days,Less than 1 cigarette,FALSE
327967,1999,Never wore a helmet,NA,NA,NA,0 days,Did not smoke cigarettes,NA
34042,1991,Never wore a helmet,NA,Yes,Never smoked a cigarette,0 days,Did not smoke cigarettes,NA
1103163,2011,Never wore a helmet,NA,No,Never smoked a cigarette,0 days,Did not smoke cigarettes,TRUE
323844,1999,Never wore a helmet,NA,Yes,9 or 10 years old,0 days,Did not smoke cigarettes,NA
1095390,2011,Never wore a helmet,NA,Yes,9 or 10 years old,0 days,Did not smoke cigarettes,FALSE
402929,2001,Did not ride a bicycle,NA,Yes,Never smoked a cigarette,NA,NA,NA
109519,1993,Never wore a helmet,NA,No,Never smoked a cigarette,0 days,Did not smoke cigarettes,NA
180910,1995,Never wore a helmet,NA,Yes,15 or 16 years old,3 to 5 days,1 cigarette,NA
1107615,2011,Did not ride a bicycle,NA,Yes,13 or 14 years old,All 30 days,6 to 10 cigarettes,TRUE
325721,1999,Never wore a helmet,NA,Yes,13 or 14 years old,20 to 29 days,2 to 5 cigarettes,NA
403335,2001,Always wore a helmet,NA,Yes,11 or 12 years old,0 days,Did not smoke cigarettes,NA
35926,1991,Did not ride a bicycle,NA,No,Never smoked a cigarette,0 days,Did not smoke cigarettes,NA
1313936,2013,Never wore a helmet,All 30 days,No,Never smoked a cigarette,0 days,Did not smoke cigarettes,FALSE
641556,2005,Did not ride a bicycle,NA,No,Never smoked a cigarette,0 days,Did not smoke cigarettes,NA
933729,2009,Did not ride a bicycle,NA,No,Never smoked a cigarette,0 days,Did not smoke cigarettes,FALSE
931958,2009,Did not ride a bicycle,NA,Yes,Never smoked a cigarette,0 days,Did not smoke cigarettes,FALSE
508071,2003,Did not ride a bicycle,NA,No,Never smoked a cigarette,0 days,Did not smoke cigarettes,NA
1311307,2013,Rarely wore a helmet,I did not drive the past 30 days,NA,NA,0 days,Did not smoke cigarettes,FALSE
31549,1991,Never wore a helmet,NA,No,Never smoked a cigarette,0 days,Did not smoke cigarettes,NA
1315187,2013,Did not ride a bicycle,0 days,No,Never smoked a cigarette,0 days,Did not smoke cigarettes,FALSE
39172,1991,Never wore a helmet,NA,No,Never smoked a cigarette,0 days,Did not smoke cigarettes,NA
262443,1997,Never wore a helmet,NA,Yes,13 or 14 years old,All 30 days,2 to 5 cigarettes,NA
1312119,2013,Did not ride a bicycle,I did not drive the past 30 days,No,Never smoked a cigarette,0 days,Did not smoke cigarettes,TRUE
1106608,2011,Most of the time wore a helmet,NA,Yes,13 or 14 years old,NA,NA,FALSE
763007,2007,Always wore a helmet,NA,No,Never smoked a cigarette,0 days,Did not smoke cigarettes,NA
36536,1991,NA,NA,Yes,9 or 10 years old,0 days,Did not smoke cigarettes,NA
508291,2003,Never wore a helmet,NA,Yes,15 or 16 years old,NA,NA,NA
1305296,2013,Never wore a helmet,0 days,No,Never smoked a cigarette,0 days,Did not smoke cigarettes,TRUE
266053,1997,Did not ride a bicycle,NA,NA,Never smoked a cigarette,0 days,Did not smoke cigarettes,NA
407546,2001,Did not ride a bicycle,NA,No,Never smoked a cigarette,0 days,Did not smoke cigarettes,NA
33387,1991,Did not ride a bicycle,NA,No,Never smoked a cigarette,0 days,Did not smoke cigarettes,NA
511580,2003,Did not ride a bicycle,NA,Yes,13 or 14 years old,10 to 19 days,Less than 1 cigarette,NA
37339,1991,Never wore a helmet,NA,Yes,11 or 12 years old,All 30 days,2 to 5 cigarettes,NA
185926,1995,Never wore a helmet,NA,Yes,Never smoked a cigarette,0 days,Did not smoke cigarettes,NA
256853,1997,Never wore a helmet,NA,Yes,13 or 14 years old,0 days,Did not smoke cigarettes,NA
634057,2005,Did not ride a bicycle,NA,NA,15 or 16 years old,0 days,NA,NA
924220,2009,Did not ride a bicycle,NA,No,Never smoked a cigarette,0 days,Did not smoke cigarettes,FALSE
271472,1997,Did not ride a bicycle,NA,No,Never smoked a cigarette,0 days,Did not smoke cigarettes,NA
38825,1991,Did not ride a bicycle,NA,No,Never smoked a cigarette,0 days,Did not smoke cigarettes,NA
264101,1997,Never wore a helmet,NA,No,Never smoked a cigarette,0 days,Did not smoke cigarettes,NA
403422,2001,Never wore a helmet,NA,NA,11 or 12 years old,20 to 29 days,2 to 5 cigarettes,NA
1106650,2011,Did not ride a bicycle,NA,No,Never smoked a cigarette,0 days,Did not smoke cigarettes,FALSE
930526,2009,Did not ride a bicycle,NA,No,Never smoked a cigarette,0 days,Did not smoke cigarettes,FALSE
266338,1997,Never wore a helmet,NA,Yes,13 or 14 years old,0 days,Did not smoke cigarettes,NA
1307202,2013,Did not ride a bicycle,I did not drive the past 30 days,No,NA,0 days,NA,FALSE
396260,2001,Rarely wore a helmet,NA,No,Never smoked a cigarette,0 days,Did not smoke cigarettes,NA
111552,1993,NA,NA,Yes,9 or 10 years old,0 days,Did not smoke cigarettes,NA
404145,2001,Always wore a helmet,NA,Yes,11 or 12 years old,0 days,Did not smoke cigarettes,NA
1102812,2011,Did not ride a bicycle,NA,No,Never smoked a cigarette,0 days,Did not smoke cigarettes,FALSE
1102312,2011,Never wore a helmet,NA,No,Never smoked a cigarette,0 days,Did not smoke cigarettes,FALSE
183714,1995,Never wore a helmet,NA,Yes,9 or 10 years old,All 30 days,11 to 20 cigarettes,NA
268782,1997,Did not ride a bicycle,NA,Yes,15 or 16 years old,0 days,Did not smoke cigarettes,NA
187597,1995,Never wore a helmet,NA,No,Never smoked a cigarette,0 days,Did not smoke cigarettes,NA
937116,2009,NA,NA,No,Never smoked a cigarette,0 days,Did not smoke cigarettes,NA
638749,2005,Never wore a helmet,NA,NA,Never smoked a cigarette,0 days,NA,NA
32395,1991,Never wore a helmet,NA,Yes,8 years old or younger,All 30 days,6 to 10 cigarettes,NA
255858,1997,Never wore a helmet,NA,Yes,9 or 10 years old,All 30 days,1 cigarette,NA
334048,1999,Did not ride a bicycle,NA,Yes,11 or 12 years old,3 to 5 days,2 to 5 cigarettes,NA
400345,2001,Did not ride a bicycle,NA,No,Never smoked a cigarette,0 days,Did not smoke cigarettes,NA
499437,2003,Did not ride a bicycle,NA,Yes,Never smoked a cigarette,0 days,Did not smoke cigarettes,NA
399442,2001,Did not ride a bicycle,NA,Yes,15 or 16 years old,1 or 2 days,Less than 1 cigarette,NA
932321,2009,Never wore a helmet,NA,Yes,13 or 14 years old,3 to 5 days,1 cigarette,TRUE
931625,2009,Did not ride a bicycle,NA,Yes,9 or 10 years old,0 days,Did not smoke cigarettes,FALSE
511239,2003,NA,NA,Yes,13 or 14 years old,0 days,Did not smoke cigarettes,NA
118057,1993,Never wore a helmet,NA,Yes,13 or 14 years old,0 days,Did not smoke cigarettes,NA
330012,1999,Never wore a helmet,NA,Yes,15 or 16 years old,0 days,Did not smoke cigarettes,NA
106901,1993,Never wore a helmet,NA,No,Never smoked a cigarette,0 days,Did not smoke cigarettes,NA
768847,2007,Most of the time wore a helmet,NA,No,Never smoked a cigarette,0 days,Did not smoke cigarettes,NA
403888,2001,Did not ride a bicycle,NA,No,Never smoked a cigarette,0 days,Did not smoke cigarettes,NA
629889,2005,Never wore a helmet,NA,Yes,9 or 10 years old,6 to 9 days,Less than 1 cigarette,NA
263276,1997,Never wore a helmet,NA,Yes,8 years old or younger,All 30 days,6 to 10 cigarettes,NA
770164,2007,Never wore a helmet,NA,No,Never smoked a cigarette,0 days,Did not smoke cigarettes,NA
1307866,2013,Did not ride a bicycle,All 30 days,Yes,Never smoked a cigarette,0 days,Did not smoke cigarettes,FALSE
30835,1991,Never wore a helmet,NA,No,Never smoked a cigarette,0 days,Did not smoke cigarettes,NA
933955,2009,Never wore a helmet,NA,Yes,11 or 12 years old,3 to 5 days,1 cigarette,TRUE
513524,2003,Did not ride a bicycle,NA,Yes,17 years old or older,1 or 2 days,1 cigarette,NA
321491,1999,Never wore a helmet,NA,Yes,8 years old or younger,All 30 days,More than 20 cigarettes,NA
629606,2005,Never wore a helmet,NA,No,Never smoked a cigarette,0 days,Did not smoke cigarettes,NA
408810,2001,Did not ride a bicycle,NA,No,Never smoked a cigarette,0 days,Did not smoke cigarettes,NA
402877,2001,Never wore a helmet,NA,Yes,NA,0 days,Did not smoke cigarettes,NA
331703,1999,Never wore a helmet,NA,Yes,Never smoked a cigarette,0 days,Did not smoke cigarettes,NA
116629,1993,Rarely wore a helmet,NA,Yes,13 or 14 years old,0 days,Did not smoke cigarettes,NA
633006,2005,Did not ride a bicycle,NA,No,Never smoked a cigarette,0 days,Did not smoke cigarettes,NA
926574,2009,NA,NA,Yes,Never smoked a cigarette,1 or 2 days,Less than 1 cigarette,NA
935797,2009,Never wore a helmet,NA,No,Never smoked a cigarette,0 days,Did not smoke cigarettes,TRUE
937493,2009,Did not ride a bicycle,NA,No,Never smoked a cigarette,0 days,Did not smoke cigarettes,FALSE
926720,2009,Never wore a helmet,NA,Yes,15 or 16 years old,1 or 2 days,1 cigarette,TRUE
323897,1999,Did not ride a bicycle,NA,Yes,13 or 14 years old,3 to 5 days,1 cigarette,NA
189972,1995,Did not ride a bicycle,NA,No,Never smoked a cigarette,0 days,Did not smoke cigarettes,NA
1104175,2011,NA,NA,NA,Never smoked a cigarette,0 days,Did not smoke cigarettes,FALSE
641959,2005,Did not ride a bicycle,NA,No,Never smoked a cigarette,0 days,Did not smoke cigarettes,NA
325582,1999,Did not ride a bicycle,NA,Yes,13 or 14 years old,0 days,Did not smoke cigarettes,NA
107024,1993,Never wore a helmet,NA,Yes,Never smoked a cigarette,0 days,Did not smoke cigarettes,NA
638035,2005,Never wore a helmet,NA,No,Never smoked a cigarette,0 days,Did not smoke cigarettes,NA
1315984,2013,Never wore a helmet,All 30 days,Yes,11 or 12 years old,0 days,Did not smoke cigarettes,FALSE
408777,2001,Did not ride a bicycle,NA,No,Never smoked a cigarette,0 days,Did not smoke cigarettes,NA
933648,2009,Rarely wore a helmet,NA,Yes,Never smoked a cigarette,0 days,Did not smoke cigarettes,FALSE
774033,2007,Did not ride a bicycle,NA,Yes,13 or 14 years old,0 days,Did not smoke cigarettes,NA
1106189,2011,Did not ride a bicycle,NA,NA,Never smoked a cigarette,0 days,NA,FALSE
633027,2005,Did not ride a bicycle,NA,Yes,13 or 14 years old,6 to 9 days,2 to 5 cigarettes,NA
763900,2007,Did not ride a bicycle,NA,No,Never smoked a cigarette,0 days,Did not smoke cigarettes,NA
107042,1993,Never wore a helmet,NA,No,Never smoked a cigarette,0 days,Did not smoke cigarettes,NA
107097,1993,Most of the time wore a helmet,NA,No,Never smoked a cigarette,0 days,Did not smoke cigarettes,NA
185924,1995,Never wore a helmet,NA,No,Never smoked a cigarette,0 days,Did not smoke cigarettes,NA
936774,2009,Did not ride a bicycle,NA,Yes,Never smoked a cigarette,0 days,Did not smoke cigarettes,TRUE
932100,2009,Never wore a helmet,NA,No,Never smoked a cigarette,0 days,Did not smoke cigarettes,FALSE
1306421,2013,Never wore a helmet,0 days,Yes,Never smoked a cigarette,0 days,Did not smoke cigarettes,FALSE
765190,2007,Never wore a helmet,NA,No,Never smoked a cigarette,0 days,Did not smoke cigarettes,NA
400833,2001,Did not ride a bicycle,NA,No,Never smoked a cigarette,0 days,Did not smoke cigarettes,NA
263634,1997,Never wore a helmet,NA,Yes,8 years old or younger,All 30 days,More than 20 cigarettes,NA
334361,1999,Never wore a helmet,NA,No,Never smoked a cigarette,0 days,Did not smoke cigarettes,NA
330745,1999,Always wore a helmet,NA,No,Never smoked a cigarette,0 days,Did not smoke cigarettes,NA
766089,2007,Rarely wore a helmet,NA,No,Never smoked a cigarette,0 days,Did not smoke cigarettes,NA
108718,1993,Did not ride a bicycle,NA,Yes,9 or 10 years old,0 days,Did not smoke cigarettes,NA
632710,2005,Never wore a helmet,NA,Yes,13 or 14 years old,0 days,Did not smoke cigarettes,NA
1308056,2013,Did not ride a bicycle,0 days,Yes,15 or 16 years old,0 days,Did not smoke cigarettes,FALSE
403811,2001,Never wore a helmet,NA,Yes,13 or 14 years old,3 to 5 days,Less than 1 cigarette,NA
190781,1995,Did not ride a bicycle,NA,Yes,15 or 16 years old,0 days,Did not smoke cigarettes,NA
1109243,2011,Did not ride a bicycle,NA,No,Never smoked a cigarette,0 days,Did not smoke cigarettes,FALSE
761903,2007,NA,NA,NA,NA,0 days,Did not smoke cigarettes,NA
258872,1997,Never wore a helmet,NA,No,Never smoked a cigarette,0 days,Did not smoke cigarettes,NA
187169,1995,Always wore a helmet,NA,Yes,Never smoked a cigarette,0 days,Did not smoke cigarettes,NA
1097649,2011,Never wore a helmet,NA,No,Never smoked a cigarette,0 days,Did not smoke cigarettes,FALSE
931404,2009,Never wore a helmet,NA,NA,Never smoked a cigarette,NA,NA,TRUE
331222,1999,Never wore a helmet,NA,NA,Never smoked a cigarette,0 days,Did not smoke cigarettes,NA
34126,1991,Never wore a helmet,NA,No,Never smoked a cigarette,0 days,Did not smoke cigarettes,NA
503911,2003,Did not ride a bicycle,NA,Yes,15 or 16 years old,1 or 2 days,1 cigarette,NA
114341,1993,NA,NA,NA,NA,NA,NA,NA
631243,2005,Did not ride a bicycle,NA,Yes,8 years old or younger,0 days,Did not smoke cigarettes,NA
500184,2003,Sometimes wore a helmet,NA,No,Never smoked a cigarette,0 days,Did not smoke cigarettes,NA
629860,2005,Never wore a helmet,NA,No,Never smoked a cigarette,0 days,Did not smoke cigarettes,NA
1306704,2013,Never wore a helmet,0 days,No,Never smoked a cigarette,0 days,Did not smoke cigarettes,FALSE
115896,1993,Never wore a helmet,NA,Yes,13 or 14 years old,6 to 9 days,2 to 5 cigarettes,NA
513378,2003,Did not ride a bicycle,NA,Yes,Never smoked a cigarette,0 days,Did not smoke cigarettes,NA
115603,1993,Never wore a helmet,NA,No,Never smoked a cigarette,0 days,Did not smoke cigarettes,NA
1095918,2011,Sometimes wore a helmet,NA,No,Never smoked a cigarette,0 days,Did not smoke cigarettes,TRUE
36496,1991,Did not ride a bicycle,NA,Yes,17 years old or older,0 days,Did not smoke cigarettes,NA
765731,2007,Never wore a helmet,NA,No,Never smoked a cigarette,0 days,Did not smoke cigarettes,NA
1310926,2013,Never wore a helmet,I did not drive the past 30 days,No,Never smoked a cigarette,0 days,Did not smoke cigarettes,FALSE
1314669,2013,Did not ride a bicycle,0 days,No,Never smoked a cigarette,0 days,Did not smoke cigarettes,FALSE
1310117,2013,Did not ride a bicycle,NA,Yes,15 or 16 years old,0 days,Did not smoke cigarettes,FALSE
935757,2009,Did not ride a bicycle,NA,No,Never smoked a cigarette,0 days,Did not smoke cigarettes,FALSE
769366,2007,Did not ride a bicycle,NA,No,Never smoked a cigarette,0 days,Did not smoke cigarettes,NA
190556,1995,Never wore a helmet,NA,Yes,15 or 16 years old,0 days,Did not smoke cigarettes,NA
1102319,2011,Sometimes wore a helmet,NA,Yes,13 or 14 years old,0 days,Did not smoke cigarettes,FALSE
324156,1999,Never wore a helmet,NA,Yes,13 or 14 years old,0 days,Did not smoke cigarettes,NA
321514,1999,Never wore a helmet,NA,Yes,11 or 12 years old,6 to 9 days,2 to 5 cigarettes,NA
931402,2009,Never wore a helmet,NA,Yes,Never smoked a cigarette,0 days,Did not smoke cigarettes,FALSE
401578,2001,Never wore a helmet,NA,No,Never smoked a cigarette,0 days,Did not smoke cigarettes,NA
399390,2001,Never wore a helmet,NA,No,Never smoked a cigarette,0 days,Did not smoke cigarettes,NA
258781,1997,Did not ride a bicycle,NA,No,Never smoked a cigarette,0 days,Did not smoke cigarettes,NA
116163,1993,Did not ride a bicycle,NA,Yes,13 or 14 years old,0 days,Did not smoke cigarettes,NA
631670,2005,Never wore a helmet,NA,Yes,13 or 14 years old,0 days,Did not smoke cigarettes,NA
326573,1999,Never wore a helmet,NA,No,Never smoked a cigarette,0 days,Did not smoke cigarettes,NA
408966,2001,Did not ride a bicycle,NA,Yes,Never smoked a cigarette,0 days,Did not smoke cigarettes,NA
330205,1999,Did not ride a bicycle,NA,Yes,13 or 14 years old,1 or 2 days,1 cigarette,NA
188471,1995,Did not ride a bicycle,NA,Yes,11 or 12 years old,NA,1 cigarette,NA
1306368,2013,Never wore a helmet,I did not drive the past 30 days,No,Never smoked a cigarette,0 days,Did not smoke cigarettes,TRUE
770092,2007,Did not ride a bicycle,NA,No,Never smoked a cigarette,0 days,Did not smoke cigarettes,NA
635139,2005,Did not ride a bicycle,NA,Yes,Never smoked a cigarette,0 days,Did not smoke cigarettes,NA
40778,1991,Never wore a helmet,NA,No,Never smoked a cigarette,0 days,Did not smoke cigarettes,NA
767586,2007,Never wore a helmet,NA,No,Never smoked a cigarette,0 days,Did not smoke cigarettes,NA
499372,2003,Never wore a helmet,NA,Yes,Never smoked a cigarette,0 days,Did not smoke cigarettes,NA
261653,1997,Did not ride a bicycle,NA,Yes,Never smoked a cigarette,0 days,Did not smoke cigarettes,NA
34100,1991,Did not ride a bicycle,NA,No,Never smoked a cigarette,0 days,Did not smoke cigarettes,NA
767481,2007,Never wore a helmet,NA,Yes,11 or 12 years old,0 days,Did not smoke cigarettes,NA
114661,1993,Never wore a helmet,NA,No,Never smoked a cigarette,0 days,Did not smoke cigarettes,NA
1108439,2011,NA,NA,NA,Never smoked a cigarette,0 days,Did not smoke cigarettes,NA
185806,1995,Did not ride a bicycle,NA,NA,NA,NA,NA,NA
189051,1995,Never wore a helmet,NA,No,Never smoked a cigarette,0 days,Did not smoke cigarettes,NA
183682,1995,NA,NA,Yes,11 or 12 years old,0 days,Did not smoke cigarettes,NA
332661,1999,Always wore a helmet,NA,No,Never smoked a cigarette,0 days,Did not smoke cigarettes,NA
931491,2009,Never wore a helmet,NA,Yes,13 or 14 years old,0 days,Did not smoke cigarettes,FALSE
37399,1991,Never wore a helmet,NA,Yes,11 or 12 years old,1 or 2 days,1 cigarette,NA
1304109,2013,Never wore a helmet,I did not drive the past 30 days,Yes,8 years old or younger,20 to 29 days,6 to 10 cigarettes,FALSE
407645,2001,Did not ride a bicycle,NA,Yes,Never smoked a cigarette,0 days,Did not smoke cigarettes,NA
33845,1991,Never wore a helmet,NA,Yes,15 or 16 years old,1 or 2 days,2 to 5 cigarettes,NA
1304145,2013,Never wore a helmet,0 days,No,Never smoked a cigarette,0 days,Did not smoke cigarettes,FALSE
328039,1999,Did not ride a bicycle,NA,No,Never smoked a cigarette,0 days,Did not smoke cigarettes,NA
766448,2007,Did not ride a bicycle,NA,Yes,Never smoked a cigarette,0 days,Did not smoke cigarettes,NA
107558,1993,Never wore a helmet,NA,Yes,11 or 12 years old,0 days,Did not smoke cigarettes,NA
397042,2001,Rarely wore a helmet,NA,No,Never smoked a cigarette,0 days,Did not smoke cigarettes,NA
407083,2001,Did not ride a bicycle,NA,Yes,Never smoked a cigarette,0 days,Did not smoke cigarettes,NA
1315736,2013,Did not ride a bicycle,1 or 2 days,Yes,15 or 16 years old,0 days,Did not smoke cigarettes,FALSE
768420,2007,Never wore a helmet,NA,Yes,11 or 12 years old,10 to 19 days,2 to 5 cigarettes,NA
1313387,2013,Never wore a helmet,20 to 29 days,No,Never smoked a cigarette,0 days,Did not smoke cigarettes,FALSE
514167,2003,Did not ride a bicycle,NA,Yes,11 or 12 years old,6 to 9 days,1 cigarette,NA
36749,1991,Rarely wore a helmet,NA,No,Never smoked a cigarette,0 days,Did not smoke cigarettes,NA
1305159,2013,Did not ride a bicycle,0 days,No,Never smoked a cigarette,0 days,Did not smoke cigarettes,FALSE
762870,2007,Never wore a helmet,NA,No,Never smoked a cigarette,0 days,Did not smoke cigarettes,NA
929208,2009,Never wore a helmet,NA,Yes,13 or 14 years old,3 to 5 days,Less than 1 cigarette,TRUE
115757,1993,Never wore a helmet,NA,Yes,11 or 12 years old,0 days,Did not smoke cigarettes,NA
762937,2007,Never wore a helmet,NA,NA,NA,0 days,Did not smoke cigarettes,NA
934285,2009,Most of the time wore a helmet,NA,Yes,13 or 14 years old,0 days,Did not smoke cigarettes,TRUE
1101171,2011,Never wore a helmet,NA,No,Never smoked a cigarette,0 days,Did not smoke cigarettes,FALSE
1316944,2013,Rarely wore a helmet,6 to 9 days,Yes,17 years old or older,0 days,Did not smoke cigarettes,FALSE
39661,1991,Never wore a helmet,NA,Yes,Never smoked a cigarette,0 days,Did not smoke cigarettes,NA
762961,2007,Always wore a helmet,NA,Yes,11 or 12 years old,All 30 days,2 to 5 cigarettes,NA
329859,1999,Did not ride a bicycle,NA,Yes,13 or 14 years old,0 days,Did not smoke cigarettes,NA
329218,1999,Never wore a helmet,NA,No,Never smoked a cigarette,0 days,Did not smoke cigarettes,NA
330989,1999,Never wore a helmet,NA,No,Never smoked a cigarette,0 days,Did not smoke cigarettes,NA
334879,1999,Sometimes wore a helmet,NA,Yes,13 or 14 years old,0 days,Did not smoke cigarettes,NA
926537,2009,NA,NA,No,Never smoked a cigarette,0 days,Did not smoke cigarettes,NA
634467,2005,Sometimes wore a helmet,NA,No,Never smoked a cigarette,0 days,Did not smoke cigarettes,NA
258463,1997,Never wore a helmet,NA,Yes,15 or 16 years old,3 to 5 days,2 to 5 cigarettes,NA
1308888,2013,Did not ride a bicycle,I did not drive the past 30 days,No,Never smoked a cigarette,0 days,Did not smoke cigarettes,FALSE
1106575,2011,Did not ride a bicycle,NA,Yes,13 or 14 years old,0 days,Did not smoke cigarettes,TRUE
634817,2005,Never wore a helmet,NA,No,Never smoked a cigarette,0 days,Did not smoke cigarettes,NA
30606,1991,Never wore a helmet,NA,NA,NA,NA,NA,NA
326875,1999,Always wore a helmet,NA,No,Never smoked a cigarette,0 days,Did not smoke cigarettes,NA
767561,2007,Most of the time wore a helmet,NA,No,Never smoked a cigarette,0 days,Did not smoke cigarettes,NA
42475,1991,NA,NA,Yes,11 or 12 years old,0 days,Did not smoke cigarettes,NA
769683,2007,Sometimes wore a helmet,NA,NA,11 or 12 years old,All 30 days,NA,NA
405343,2001,Did not ride a bicycle,NA,Yes,11 or 12 years old,0 days,Did not smoke cigarettes,NA
640869,2005,Did not ride a bicycle,NA,Yes,15 or 16 years old,3 to 5 days,1 cigarette,NA
1099956,2011,Did not ride a bicycle,NA,Yes,15 or 16 years old,6 to 9 days,1 cigarette,FALSE
187687,1995,Did not ride a bicycle,NA,Yes,9 or 10 years old,All 30 days,6 to 10 cigarettes,NA
182213,1995,Never wore a helmet,NA,Yes,11 or 12 years old,1 or 2 days,Less than 1 cigarette,NA
38230,1991,Never wore a helmet,NA,No,Never smoked a cigarette,0 days,Did not smoke cigarettes,NA
768471,2007,Never wore a helmet,NA,Yes,11 or 12 years old,0 days,Did not smoke cigarettes,NA
1308762,2013,Never wore a helmet,0 days,No,Never smoked a cigarette,0 days,Did not smoke cigarettes,FALSE
769074,2007,Always wore a helmet,NA,No,Never smoked a cigarette,0 days,Did not smoke cigarettes,NA
190052,1995,Never wore a helmet,NA,No,Never smoked a cigarette,0 days,Did not smoke cigarettes,NA
267753,1997,Rarely wore a helmet,NA,Yes,13 or 14 years old,0 days,Did not smoke cigarettes,NA
190877,1995,Never wore a helmet,NA,Yes,NA,NA,NA,NA
404534,2001,Never wore a helmet,NA,Yes,Never smoked a cigarette,0 days,Did not smoke cigarettes,NA
118539,1993,Never wore a helmet,NA,Yes,Never smoked a cigarette,0 days,Did not smoke cigarettes,NA
1315663,2013,Never wore a helmet,NA,Yes,13 or 14 years old,0 days,Did not smoke cigarettes,FALSE
266749,1997,Did not ride a bicycle,NA,Yes,Never smoked a cigarette,0 days,Did not smoke cigarettes,NA
261066,1997,Did not ride a bicycle,NA,Yes,15 or 16 years old,0 days,Did not smoke cigarettes,NA
264787,1997,Never wore a helmet,NA,No,Never smoked a cigarette,0 days,Did not smoke cigarettes,NA
42082,1991,Never wore a helmet,NA,No,Never smoked a cigarette,0 days,Did not smoke cigarettes,NA
634305,2005,Did not ride a bicycle,NA,No,Never smoked a cigarette,0 days,Did not smoke cigarettes,NA
110567,1993,Always wore a helmet,NA,No,Never smoked a cigarette,0 days,Did not smoke cigarettes,NA
501554,2003,Rarely wore a helmet,NA,Yes,13 or 14 years old,0 days,Did not smoke cigarettes,NA
120095,1993,Never wore a helmet,NA,Yes,15 or 16 years old,1 or 2 days,1 cigarette,NA
398087,2001,Never wore a helmet,NA,Yes,Never smoked a cigarette,0 days,Did not smoke cigarettes,NA
1304396,2013,Never wore a helmet,I did not drive the past 30 days,Yes,13 or 14 years old,0 days,Did not smoke cigarettes,TRUE
1304044,2013,Did not ride a bicycle,0 days,Yes,9 or 10 years old,0 days,Did not smoke cigarettes,FALSE
404633,2001,Did not ride a bicycle,NA,Yes,Never smoked a cigarette,0 days,Did not smoke cigarettes,NA
500470,2003,Did not ride a bicycle,NA,Yes,15 or 16 years old,0 days,Did not smoke cigarettes,NA
399993,2001,Most of the time wore a helmet,NA,No,Never smoked a cigarette,0 days,Did not smoke cigarettes,NA
639328,2005,Did not ride a bicycle,NA,No,Never smoked a cigarette,0 days,Did not smoke cigarettes,NA
1099536,2011,Rarely wore a helmet,NA,No,Never smoked a cigarette,0 days,Did not smoke cigarettes,FALSE
118735,1993,Did not ride a bicycle,NA,No,Never smoked a cigarette,0 days,Did not smoke cigarettes,NA
38784,1991,Never wore a helmet,NA,Yes,15 or 16 years old,0 days,Did not smoke cigarettes,NA
764402,2007,Rarely wore a helmet,NA,No,Never smoked a cigarette,0 days,Did not smoke cigarettes,NA
40383,1991,Did not ride a bicycle,NA,Yes,13 or 14 years old,20 to 29 days,2 to 5 cigarettes,NA
335641,1999,Did not ride a bicycle,NA,Yes,17 years old or older,0 days,Did not smoke cigarettes,NA
407840,2001,Rarely wore a helmet,NA,Yes,11 or 12 years old,NA,NA,NA
513537,2003,Never wore a helmet,NA,No,Never smoked a cigarette,0 days,Did not smoke cigarettes,NA
257554,1997,Did not ride a bicycle,NA,No,Never smoked a cigarette,0 days,Did not smoke cigarettes,NA
401258,2001,Did not ride a bicycle,NA,No,Never smoked a cigarette,0 days,Did not smoke cigarettes,NA
35725,1991,Never wore a helmet,NA,Yes,8 years old or younger,All 30 days,2 to 5 cigarettes,NA
1307624,2013,Did not ride a bicycle,I did not drive the past 30 days,No,Never smoked a cigarette,0 days,Did not smoke cigarettes,FALSE
335447,1999,Did not ride a bicycle,NA,No,Never smoked a cigarette,0 days,Did not smoke cigarettes,NA
111632,1993,Never wore a helmet,NA,Yes,15 or 16 years old,All 30 days,2 to 5 cigarettes,NA
401617,2001,Never wore a helmet,NA,Yes,15 or 16 years old,0 days,Did not smoke cigarettes,NA
261917,1997,Did not ride a bicycle,NA,Yes,13 or 14 years old,10 to 19 days,2 to 5 cigarettes,NA
265404,1997,Did not ride a bicycle,NA,No,Never smoked a cigarette,0 days,Did not smoke cigarettes,NA
1103663,2011,Did not ride a bicycle,NA,Yes,13 or 14 years old,NA,NA,TRUE
185564,1995,Never wore a helmet,NA,No,Never smoked a cigarette,0 days,Did not smoke cigarettes,NA
764772,2007,Sometimes wore a helmet,NA,Yes,15 or 16 years old,0 days,Did not smoke cigarettes,NA
763501,2007,Never wore a helmet,NA,Yes,8 years old or younger,NA,NA,NA
629811,2005,Did not ride a bicycle,NA,No,Never smoked a cigarette,0 days,Did not smoke cigarettes,NA
403624,2001,Never wore a helmet,NA,Yes,11 or 12 years old,0 days,Did not smoke cigarettes,NA
260590,1997,Did not ride a bicycle,NA,Yes,8 years old or younger,All 30 days,More than 20 cigarettes,NA
763576,2007,Never wore a helmet,NA,No,Never smoked a cigarette,0 days,Did not smoke cigarettes,NA
637248,2005,Did not ride a bicycle,NA,No,Never smoked a cigarette,0 days,Did not smoke cigarettes,NA
405994,2001,Did not ride a bicycle,NA,No,Never smoked a cigarette,0 days,Did not smoke cigarettes,NA
1316286,2013,Never wore a helmet,0 days,Yes,15 or 16 years old,0 days,Did not smoke cigarettes,FALSE
927631,2009,Did not ride a bicycle,NA,NA,NA,NA,NA,FALSE
326209,1999,Never wore a helmet,NA,Yes,15 or 16 years old,All 30 days,2 to 5 cigarettes,NA
1310399,2013,Never wore a helmet,10 to 19 days,No,Never smoked a cigarette,0 days,Did not smoke cigarettes,TRUE
32796,1991,Did not ride a bicycle,NA,No,Never smoked a cigarette,0 days,Did not smoke cigarettes,NA
323820,1999,Never wore a helmet,NA,Yes,11 or 12 years old,10 to 19 days,6 to 10 cigarettes,NA
501299,2003,Always wore a helmet,NA,NA,NA,NA,NA,NA
409422,2001,Never wore a helmet,NA,Yes,Never smoked a cigarette,0 days,Did not smoke cigarettes,NA
511595,2003,Never wore a helmet,NA,Yes,Never smoked a cigarette,0 days,Did not smoke cigarettes,NA
766129,2007,Never wore a helmet,NA,NA,8 years old or younger,NA,NA,NA
501110,2003,Did not ride a bicycle,NA,Yes,15 or 16 years old,1 or 2 days,1 cigarette,NA
1098021,2011,Did not ride a bicycle,NA,Yes,15 or 16 years old,0 days,Did not smoke cigarettes,FALSE
1097444,2011,Did not ride a bicycle,NA,No,Never smoked a cigarette,0 days,Did not smoke cigarettes,FALSE
41647,1991,Did not ride a bicycle,NA,No,Never smoked a cigarette,0 days,Did not smoke cigarettes,NA
512377,2003,Never wore a helmet,NA,Yes,13 or 14 years old,10 to 19 days,11 to 20 cigarettes,NA
325802,1999,Did not ride a bicycle,NA,Yes,13 or 14 years old,0 days,Did not smoke cigarettes,NA
511555,2003,Did not ride a bicycle,NA,Yes,Never smoked a cigarette,0 days,Did not smoke cigarettes,NA
409189,2001,Never wore a helmet,NA,Yes,Never smoked a cigarette,0 days,Did not smoke cigarettes,NA
183686,1995,Never wore a helmet,NA,Yes,15 or 16 years old,10 to 19 days,2 to 5 cigarettes,NA
1306033,2013,Always wore a helmet,0 days,No,Never smoked a cigarette,0 days,Did not smoke cigarettes,FALSE
507433,2003,Never wore a helmet,NA,Yes,11 or 12 years old,1 or 2 days,Less than 1 cigarette,NA
184840,1995,Never wore a helmet,NA,Yes,13 or 14 years old,All 30 days,11 to 20 cigarettes,NA
923618,2009,Sometimes wore a helmet,NA,No,Never smoked a cigarette,0 days,Did not smoke cigarettes,TRUE
1097856,2011,Never wore a helmet,NA,No,Never smoked a cigarette,0 days,Did not smoke cigarettes,FALSE
637807,2005,Never wore a helmet,NA,No,Never smoked a cigarette,0 days,Did not smoke cigarettes,NA
34186,1991,NA,NA,Yes,11 or 12 years old,0 days,Did not smoke cigarettes,NA
36511,1991,Never wore a helmet,NA,Yes,13 or 14 years old,All 30 days,6 to 10 cigarettes,NA
402985,2001,Most of the time wore a helmet,NA,No,Never smoked a cigarette,0 days,Did not smoke cigarettes,NA
923537,2009,Never wore a helmet,NA,Yes,11 or 12 years old,0 days,Did not smoke cigarettes,FALSE
115307,1993,Did not ride a bicycle,NA,No,Never smoked a cigarette,0 days,Did not smoke cigarettes,NA
109567,1993,Did not ride a bicycle,NA,No,Never smoked a cigarette,0 days,Did not smoke cigarettes,NA
933408,2009,Did not ride a bicycle,NA,No,Never smoked a cigarette,0 days,Did not smoke cigarettes,FALSE
266799,1997,Did not ride a bicycle,NA,No,Never smoked a cigarette,0 days,Did not smoke cigarettes,NA
405442,2001,Never wore a helmet,NA,No,Never smoked a cigarette,0 days,Did not smoke cigarettes,NA
331642,1999,Never wore a helmet,NA,Yes,Never smoked a cigarette,0 days,Did not smoke cigarettes,NA
508001,2003,Never wore a helmet,NA,Yes,13 or 14 years old,3 to 5 days,2 to 5 cigarettes,NA
40684,1991,Did not ride a bicycle,NA,No,Never smoked a cigarette,0 days,Did not smoke cigarettes,NA
933995,2009,Never wore a helmet,NA,Yes,13 or 14 years old,0 days,Did not smoke cigarettes,TRUE
773532,2007,Did not ride a bicycle,NA,No,Never smoked a cigarette,0 days,Did not smoke cigarettes,NA
186630,1995,Never wore a helmet,NA,Yes,9 or 10 years old,NA,NA,NA
260460,1997,Never wore a helmet,NA,Yes,NA,NA,NA,NA
332138,1999,Did not ride a bicycle,NA,NA,NA,0 days,Did not smoke cigarettes,NA
402289,2001,Never wore a helmet,NA,Yes,13 or 14 years old,All 30 days,2 to 5 cigarettes,NA
36698,1991,Never wore a helmet,NA,Yes,Never smoked a cigarette,0 days,Did not smoke cigarettes,NA
1107079,2011,Did not ride a bicycle,NA,Yes,15 or 16 years old,3 to 5 days,1 cigarette,FALSE
507750,2003,Never wore a helmet,NA,Yes,13 or 14 years old,0 days,Did not smoke cigarettes,NA
511599,2003,Never wore a helmet,NA,Yes,Never smoked a cigarette,0 days,Did not smoke cigarettes,NA
398225,2001,Did not ride a bicycle,NA,Yes,13 or 14 years old,0 days,Did not smoke cigarettes,NA
35565,1991,Did not ride a bicycle,NA,No,Never smoked a cigarette,0 days,Did not smoke cigarettes,NA
397294,2001,Sometimes wore a helmet,NA,No,Never smoked a cigarette,0 days,Did not smoke cigarettes,NA
187924,1995,Did not ride a bicycle,NA,Yes,15 or 16 years old,0 days,Did not smoke cigarettes,NA
322646,1999,Never wore a helmet,NA,No,Never smoked a cigarette,0 days,Did not smoke cigarettes,NA
1104095,2011,Never wore a helmet,NA,Yes,13 or 14 years old,0 days,Did not smoke cigarettes,FALSE
500339,2003,Never wore a helmet,NA,No,Never smoked a cigarette,0 days,Did not smoke cigarettes,NA
121888,1993,Sometimes wore a helmet,NA,Yes,13 or 14 years old,0 days,Did not smoke cigarettes,NA
766667,2007,NA,NA,No,Never smoked a cigarette,0 days,Did not smoke cigarettes,NA
403565,2001,Always wore a helmet,NA,No,Never smoked a cigarette,0 days,Did not smoke cigarettes,NA
406606,2001,Sometimes wore a helmet,NA,Yes,13 or 14 years old,0 days,Did not smoke cigarettes,NA
1315902,2013,Rarely wore a helmet,I did not drive the past 30 days,No,Never smoked a cigarette,0 days,Did not smoke cigarettes,TRUE
1316272,2013,Did not ride a bicycle,0 days,Yes,15 or 16 years old,0 days,Did not smoke cigarettes,FALSE
119921,1993,Never wore a helmet,NA,Yes,15 or 16 years old,0 days,Did not smoke cigarettes,NA
408962,2001,Did not ride a bicycle,NA,Yes,Never smoked a cigarette,0 days,Did not smoke cigarettes,NA
1311293,2013,NA,I did not drive the past 30 days,No,Never smoked a cigarette,0 days,Did not smoke cigarettes,FALSE
31929,1991,Never wore a helmet,NA,No,Never smoked a cigarette,0 days,Did not smoke cigarettes,NA
773589,2007,Did not ride a bicycle,NA,No,Never smoked a cigarette,0 days,Did not smoke cigarettes,NA
257826,1997,Never wore a helmet,NA,Yes,13 or 14 years old,1 or 2 days,Less than 1 cigarette,NA
502883,2003,Never wore a helmet,NA,Yes,13 or 14 years old,10 to 19 days,Less than 1 cigarette,NA
927392,2009,Did not ride a bicycle,NA,No,Never smoked a cigarette,0 days,Did not smoke cigarettes,FALSE
932516,2009,Never wore a helmet,NA,No,Never smoked a cigarette,0 days,Did not smoke cigarettes,TRUE
180517,1995,Rarely wore a helmet,NA,Yes,13 or 14 years old,6 to 9 days,Less than 1 cigarette,NA
771994,2007,Did not ride a bicycle,NA,Yes,15 or 16 years old,0 days,Did not smoke cigarettes,NA
511227,2003,NA,NA,No,Never smoked a cigarette,0 days,NA,NA
33080,1991,Never wore a helmet,NA,Yes,15 or 16 years old,10 to 19 days,2 to 5 cigarettes,NA
1105044,2011,Did not ride a bicycle,NA,No,Never smoked a cigarette,0 days,Did not smoke cigarettes,TRUE
330787,1999,Sometimes wore a helmet,NA,No,Never smoked a cigarette,0 days,Did not smoke cigarettes,NA
334766,1999,Did not ride a bicycle,NA,Yes,15 or 16 years old,10 to 19 days,2 to 5 cigarettes,NA
1304784,2013,Rarely wore a helmet,NA,No,Never smoked a cigarette,0 days,Did not smoke cigarettes,FALSE
118529,1993,Always wore a helmet,NA,No,Never smoked a cigarette,0 days,Did not smoke cigarettes,NA
191212,1995,Never wore a helmet,NA,No,Never smoked a cigarette,0 days,Did not smoke cigarettes,NA
403119,2001,Did not ride a bicycle,NA,No,Never smoked a cigarette,0 days,Did not smoke cigarettes,NA
36394,1991,Rarely wore a helmet,NA,No,Never smoked a cigarette,0 days,Did not smoke cigarettes,NA
34110,1991,Rarely wore a helmet,NA,No,Never smoked a cigarette,0 days,Did not smoke cigarettes,NA
270648,1997,Never wore a helmet,NA,Yes,13 or 14 years old,All 30 days,6 to 10 cigarettes,NA
409674,2001,Sometimes wore a helmet,NA,Yes,Never smoked a cigarette,0 days,Did not smoke cigarettes,NA
935135,2009,Rarely wore a helmet,NA,Yes,13 or 14 years old,All 30 days,More than 20 cigarettes,FALSE
767510,2007,Did not ride a bicycle,NA,Yes,11 or 12 years old,All 30 days,6 to 10 cigarettes,NA
398594,2001,Never wore a helmet,NA,No,Never smoked a cigarette,0 days,Did not smoke cigarettes,NA
1306537,2013,Did not ride a bicycle,I did not drive the past 30 days,No,Never smoked a cigarette,0 days,Did not smoke cigarettes,FALSE
109486,1993,Never wore a helmet,NA,Yes,15 or 16 years old,All 30 days,2 to 5 cigarettes,NA
509528,2003,Did not ride a bicycle,NA,No,Never smoked a cigarette,0 days,Did not smoke cigarettes,NA
184863,1995,Never wore a helmet,NA,Yes,Never smoked a cigarette,0 days,Did not smoke cigarettes,NA
503377,2003,Never wore a helmet,NA,NA,NA,0 days,Did not smoke cigarettes,NA
116827,1993,Did not ride a bicycle,NA,Yes,11 or 12 years old,NA,NA,NA
511520,2003,Did not ride a bicycle,NA,No,Never smoked a cigarette,0 days,Did not smoke cigarettes,NA
509838,2003,Rarely wore a helmet,NA,Yes,Never smoked a cigarette,0 days,Did not smoke cigarettes,NA
635542,2005,Did not ride a bicycle,NA,Yes,Never smoked a cigarette,0 days,Did not smoke cigarettes,NA
630167,2005,Always wore a helmet,NA,No,Never smoked a cigarette,0 days,Did not smoke cigarettes,NA
40575,1991,Did not ride a bicycle,NA,No,Never smoked a cigarette,0 days,Did not smoke cigarettes,NA
108334,1993,Did not ride a bicycle,NA,No,Never smoked a cigarette,0 days,Did not smoke cigarettes,NA
1313648,2013,Never wore a helmet,NA,No,Never smoked a cigarette,0 days,Did not smoke cigarettes,FALSE
773981,2007,Always wore a helmet,NA,No,Never smoked a cigarette,0 days,Did not smoke cigarettes,NA
764334,2007,NA,NA,No,Never smoked a cigarette,0 days,Did not smoke cigarettes,NA
1108774,2011,Did not ride a bicycle,NA,NA,15 or 16 years old,6 to 9 days,NA,TRUE
41825,1991,Did not ride a bicycle,NA,Yes,NA,0 days,Did not smoke cigarettes,NA
32425,1991,Never wore a helmet,NA,No,Never smoked a cigarette,0 days,Did not smoke cigarettes,NA
767536,2007,Rarely wore a helmet,NA,No,Never smoked a cigarette,0 days,Did not smoke cigarettes,NA
1311926,2013,Did not ride a bicycle,0 days,No,Never smoked a cigarette,0 days,Did not smoke cigarettes,FALSE
933667,2009,Did not ride a bicycle,NA,Yes,13 or 14 years old,0 days,Did not smoke cigarettes,FALSE
259400,1997,Never wore a helmet,NA,Yes,11 or 12 years old,0 days,Did not smoke cigarettes,NA
631599,2005,Did not ride a bicycle,NA,Yes,Never smoked a cigarette,0 days,Did not smoke cigarettes,NA
768285,2007,Never wore a helmet,NA,Yes,Never smoked a cigarette,0 days,Did not smoke cigarettes,NA
403618,2001,Always wore a helmet,NA,NA,NA,0 days,Did not smoke cigarettes,NA
331730,1999,Never wore a helmet,NA,Yes,15 or 16 years old,0 days,Did not smoke cigarettes,NA
1097956,2011,Did not ride a bicycle,NA,Yes,13 or 14 years old,0 days,Did not smoke cigarettes,FALSE
325756,1999,Never wore a helmet,NA,Yes,9 or 10 years old,0 days,Did not smoke cigarettes,NA
929709,2009,Did not ride a bicycle,NA,No,Never smoked a cigarette,0 days,Did not smoke cigarettes,FALSE
1099513,2011,Never wore a helmet,NA,No,Never smoked a cigarette,0 days,Did not smoke cigarettes,FALSE
271477,1997,Did not ride a bicycle,NA,No,Never smoked a cigarette,0 days,Did not smoke cigarettes,NA
641761,2005,Did not ride a bicycle,NA,Yes,Never smoked a cigarette,0 days,Did not smoke cigarettes,NA
761070,2007,Sometimes wore a helmet,NA,Yes,Never smoked a cigarette,0 days,Did not smoke cigarettes,NA
1105016,2011,Never wore a helmet,NA,No,Never smoked a cigarette,0 days,Did not smoke cigarettes,TRUE
189087,1995,Never wore a helmet,NA,Yes,15 or 16 years old,0 days,Did not smoke cigarettes,NA
1099297,2011,Did not ride a bicycle,NA,Yes,11 or 12 years old,6 to 9 days,2 to 5 cigarettes,FALSE
938053,2009,Did not ride a bicycle,NA,Yes,15 or 16 years old,1 or 2 days,6 to 10 cigarettes,FALSE
636480,2005,Never wore a helmet,NA,Yes,13 or 14 years old,0 days,Did not smoke cigarettes,NA
1096179,2011,Did not ride a bicycle,NA,No,Never smoked a cigarette,0 days,Did not smoke cigarettes,FALSE
637727,2005,Never wore a helmet,NA,NA,NA,0 days,Did not smoke cigarettes,NA
407508,2001,Never wore a helmet,NA,No,Never smoked a cigarette,0 days,Did not smoke cigarettes,NA
34342,1991,Never wore a helmet,NA,No,Never smoked a cigarette,0 days,Did not smoke cigarettes,NA
923904,2009,Did not ride a bicycle,NA,Yes,15 or 16 years old,10 to 19 days,2 to 5 cigarettes,FALSE
115413,1993,Did not ride a bicycle,NA,Yes,11 or 12 years old,0 days,Did not smoke cigarettes,NA
635873,2005,Rarely wore a helmet,NA,No,Never smoked a cigarette,0 days,Did not smoke cigarettes,NA
258377,1997,Did not ride a bicycle,NA,Yes,13 or 14 years old,All 30 days,11 to 20 cigarettes,NA
931385,2009,Rarely wore a helmet,NA,Yes,Never smoked a cigarette,0 days,Did not smoke cigarettes,TRUE
407600,2001,Never wore a helmet,NA,Yes,11 or 12 years old,1 or 2 days,1 cigarette,NA
32470,1991,Never wore a helmet,NA,No,Never smoked a cigarette,0 days,Did not smoke cigarettes,NA
1109670,2011,NA,NA,NA,8 years old or younger,All 30 days,More than 20 cigarettes,NA
1104543,2011,Did not ride a bicycle,NA,Yes,13 or 14 years old,0 days,Did not smoke cigarettes,FALSE
327778,1999,Always wore a helmet,NA,Yes,17 years old or older,0 days,Did not smoke cigarettes,NA
331895,1999,Did not ride a bicycle,NA,No,Never smoked a cigarette,0 days,Did not smoke cigarettes,NA
928888,2009,Always wore a helmet,NA,No,Never smoked a cigarette,0 days,Did not smoke cigarettes,TRUE
256495,1997,Did not ride a bicycle,NA,No,Never smoked a cigarette,0 days,Did not smoke cigarettes,NA
404871,2001,Did not ride a bicycle,NA,No,Never smoked a cigarette,0 days,Did not smoke cigarettes,NA
107920,1993,Always wore a helmet,NA,Yes,13 or 14 years old,3 to 5 days,More than 20 cigarettes,NA
189940,1995,Never wore a helmet,NA,No,Never smoked a cigarette,0 days,Did not smoke cigarettes,NA
932611,2009,Did not ride a bicycle,NA,No,Never smoked a cigarette,0 days,Did not smoke cigarettes,FALSE
407847,2001,Never wore a helmet,NA,Yes,13 or 14 years old,3 to 5 days,Less than 1 cigarette,NA
329901,1999,Did not ride a bicycle,NA,No,Never smoked a cigarette,0 days,Did not smoke cigarettes,NA
40366,1991,Never wore a helmet,NA,Yes,11 or 12 years old,1 or 2 days,Less than 1 cigarette,NA
111611,1993,Never wore a helmet,NA,Yes,Never smoked a cigarette,0 days,Did not smoke cigarettes,NA
335071,1999,Did not ride a bicycle,NA,Yes,13 or 14 years old,All 30 days,6 to 10 cigarettes,NA
1307585,2013,Never wore a helmet,I did not drive the past 30 days,No,Never smoked a cigarette,0 days,Did not smoke cigarettes,FALSE
260613,1997,Never wore a helmet,NA,No,Never smoked a cigarette,0 days,Did not smoke cigarettes,NA
935482,2009,Always wore a helmet,NA,No,Never smoked a cigarette,0 days,Did not smoke cigarettes,TRUE
261975,1997,NA,NA,Yes,Never smoked a cigarette,0 days,Did not smoke cigarettes,NA
641568,2005,Never wore a helmet,NA,No,Never smoked a cigarette,0 days,Did not smoke cigarettes,NA
189202,1995,Did not ride a bicycle,NA,No,Never smoked a cigarette,0 days,Did not smoke cigarettes,NA
322240,1999,Always wore a helmet,NA,No,Never smoked a cigarette,0 days,Did not smoke cigarettes,NA
34443,1991,Never wore a helmet,NA,No,Never smoked a cigarette,0 days,Did not smoke cigarettes,NA
1308580,2013,Never wore a helmet,0 days,Yes,Never smoked a cigarette,0 days,Did not smoke cigarettes,FALSE
327898,1999,Never wore a helmet,NA,Yes,15 or 16 years old,All 30 days,NA,NA
331523,1999,Never wore a helmet,NA,NA,NA,NA,NA,NA
1105829,2011,Never wore a helmet,NA,No,Never smoked a cigarette,0 days,Did not smoke cigarettes,FALSE
1107149,2011,Never wore a helmet,NA,No,Never smoked a cigarette,0 days,Did not smoke cigarettes,FALSE
762995,2007,Did not ride a bicycle,NA,No,Never smoked a cigarette,0 days,Did not smoke cigarettes,NA
336557,1999,Did not ride a bicycle,NA,No,Never smoked a cigarette,0 days,Did not smoke cigarettes,NA
762024,2007,Never wore a helmet,NA,No,Never smoked a cigarette,0 days,Did not smoke cigarettes,NA
107436,1993,Always wore a helmet,NA,No,Never smoked a cigarette,0 days,Did not smoke cigarettes,NA
1104434,2011,NA,NA,NA,Never smoked a cigarette,0 days,Did not smoke cigarettes,NA
763204,2007,Did not ride a bicycle,NA,Yes,15 or 16 years old,0 days,Did not smoke cigarettes,NA
773470,2007,Did not ride a bicycle,NA,Yes,15 or 16 years old,0 days,Did not smoke cigarettes,NA
922255,2009,NA,NA,No,Never smoked a cigarette,0 days,Did not smoke cigarettes,FALSE
256840,1997,Never wore a helmet,NA,No,Never smoked a cigarette,0 days,Did not smoke cigarettes,NA
111331,1993,Never wore a helmet,NA,Yes,15 or 16 years old,0 days,Did not smoke cigarettes,NA
116942,1993,Never wore a helmet,NA,No,Never smoked a cigarette,0 days,Did not smoke cigarettes,NA
502518,2003,Never wore a helmet,NA,Yes,13 or 14 years old,All 30 days,6 to 10 cigarettes,NA
1099064,2011,Never wore a helmet,NA,Yes,Never smoked a cigarette,0 days,Did not smoke cigarettes,FALSE
335802,1999,Did not ride a bicycle,NA,Yes,Never smoked a cigarette,0 days,Did not smoke cigarettes,NA
760945,2007,Rarely wore a helmet,NA,Yes,13 or 14 years old,1 or 2 days,Less than 1 cigarette,NA
267133,1997,NA,NA,Yes,Never smoked a cigarette,0 days,Did not smoke cigarettes,NA
183467,1995,Never wore a helmet,NA,Yes,Never smoked a cigarette,0 days,Did not smoke cigarettes,NA
1307067,2013,Did not ride a bicycle,NA,Yes,9 or 10 years old,NA,NA,TRUE
115985,1993,Did not ride a bicycle,NA,Yes,9 or 10 years old,0 days,Did not smoke cigarettes,NA
122122,1993,Did not ride a bicycle,NA,No,Never smoked a cigarette,0 days,Did not smoke cigarettes,NA
184994,1995,NA,NA,Yes,Never smoked a cigarette,0 days,Did not smoke cigarettes,NA
504629,2003,Did not ride a bicycle,NA,No,Never smoked a cigarette,0 days,Did not smoke cigarettes,NA
408799,2001,Did not ride a bicycle,NA,Yes,11 or 12 years old,All 30 days,6 to 10 cigarettes,NA
39307,1991,Did not ride a bicycle,NA,Yes,Never smoked a cigarette,0 days,Did not smoke cigarettes,NA
770688,2007,Did not ride a bicycle,NA,Yes,9 or 10 years old,All 30 days,11 to 20 cigarettes,NA
110841,1993,Did not ride a bicycle,NA,No,Never smoked a cigarette,0 days,Did not smoke cigarettes,NA
109688,1993,Did not ride a bicycle,NA,Yes,13 or 14 years old,0 days,Did not smoke cigarettes,NA
640156,2005,Never wore a helmet,NA,No,Never smoked a cigarette,0 days,Did not smoke cigarettes,NA
42279,1991,Never wore a helmet,NA,No,Never smoked a cigarette,0 days,Did not smoke cigarettes,NA
188598,1995,Never wore a helmet,NA,Yes,9 or 10 years old,0 days,Did not smoke cigarettes,NA
396807,2001,Never wore a helmet,NA,No,Never smoked a cigarette,0 days,Did not smoke cigarettes,NA
1313980,2013,Never wore a helmet,NA,No,Never smoked a cigarette,0 days,Did not smoke cigarettes,FALSE
509426,2003,Did not ride a bicycle,NA,Yes,15 or 16 years old,3 to 5 days,1 cigarette,NA
408442,2001,Did not ride a bicycle,NA,Yes,11 or 12 years old,0 days,Did not smoke cigarettes,NA
633895,2005,Did not ride a bicycle,NA,NA,Never smoked a cigarette,0 days,Did not smoke cigarettes,NA
1094909,2011,Never wore a helmet,NA,No,Never smoked a cigarette,0 days,Did not smoke cigarettes,TRUE
32344,1991,Never wore a helmet,NA,No,Never smoked a cigarette,0 days,Did not smoke cigarettes,NA
39159,1991,Never wore a helmet,NA,No,Never smoked a cigarette,0 days,Did not smoke cigarettes,NA
403757,2001,Did not ride a bicycle,NA,Yes,11 or 12 years old,NA,NA,NA
1311457,2013,Did not ride a bicycle,I did not drive the past 30 days,No,Never smoked a cigarette,0 days,Did not smoke cigarettes,FALSE
1310610,2013,Never wore a helmet,I did not drive the past 30 days,No,Never smoked a cigarette,0 days,Did not smoke cigarettes,FALSE
636337,2005,Rarely wore a helmet,NA,NA,Never smoked a cigarette,0 days,NA,NA
924685,2009,Sometimes wore a helmet,NA,No,Never smoked a cigarette,0 days,Did not smoke cigarettes,TRUE
630979,2005,Never wore a helmet,NA,No,Never smoked a cigarette,0 days,Did not smoke cigarettes,NA
180748,1995,Never wore a helmet,NA,No,Never smoked a cigarette,0 days,Did not smoke cigarettes,NA
396257,2001,Rarely wore a helmet,NA,Yes,11 or 12 years old,3 to 5 days,1 cigarette,NA
633497,2005,Did not ride a bicycle,NA,No,Never smoked a cigarette,0 days,Did not smoke cigarettes,NA
774132,2007,Most of the time wore a helmet,NA,Yes,13 or 14 years old,0 days,Did not smoke cigarettes,NA
1104013,2011,Sometimes wore a helmet,NA,No,Never smoked a cigarette,0 days,Did not smoke cigarettes,FALSE
638863,2005,Never wore a helmet,NA,No,Never smoked a cigarette,0 days,Did not smoke cigarettes,NA
404568,2001,Rarely wore a helmet,NA,Yes,Never smoked a cigarette,0 days,Did not smoke cigarettes,NA
763321,2007,Never wore a helmet,NA,No,Never smoked a cigarette,0 days,Did not smoke cigarettes,NA
266604,1997,Did not ride a bicycle,NA,No,Never smoked a cigarette,0 days,Did not smoke cigarettes,NA
630914,2005,Never wore a helmet,NA,Yes,8 years old or younger,All 30 days,6 to 10 cigarettes,NA
1094492,2011,NA,NA,No,Never smoked a cigarette,0 days,Did not smoke cigarettes,FALSE
637103,2005,Sometimes wore a helmet,NA,No,Never smoked a cigarette,0 days,Did not smoke cigarettes,NA
405674,2001,Sometimes wore a helmet,NA,No,Never smoked a cigarette,0 days,Did not smoke cigarettes,NA
327582,1999,Never wore a helmet,NA,Yes,Never smoked a cigarette,0 days,Did not smoke cigarettes,NA
261414,1997,Never wore a helmet,NA,NA,Never smoked a cigarette,NA,NA,NA
111706,1993,Did not ride a bicycle,NA,Yes,9 or 10 years old,All 30 days,6 to 10 cigarettes,NA
1310706,2013,Never wore a helmet,I did not drive the past 30 days,Yes,13 or 14 years old,1 or 2 days,Less than 1 cigarette,TRUE
271739,1997,Never wore a helmet,NA,Yes,Never smoked a cigarette,0 days,Did not smoke cigarettes,NA
403085,2001,Did not ride a bicycle,NA,Yes,Never smoked a cigarette,0 days,Did not smoke cigarettes,NA
182172,1995,Never wore a helmet,NA,Yes,11 or 12 years old,20 to 29 days,2 to 5 cigarettes,NA
634550,2005,Did not ride a bicycle,NA,Yes,15 or 16 years old,0 days,Did not smoke cigarettes,NA
925706,2009,Did not ride a bicycle,NA,No,Never smoked a cigarette,0 days,Did not smoke cigarettes,TRUE
265772,1997,Did not ride a bicycle,NA,Yes,Never smoked a cigarette,0 days,Did not smoke cigarettes,NA
33017,1991,Rarely wore a helmet,NA,Yes,Never smoked a cigarette,0 days,Did not smoke cigarettes,NA
111396,1993,Did not ride a bicycle,NA,Yes,8 years old or younger,All 30 days,11 to 20 cigarettes,NA
764161,2007,Never wore a helmet,NA,No,Never smoked a cigarette,0 days,Did not smoke cigarettes,NA
36596,1991,Never wore a helmet,NA,NA,NA,NA,NA,NA
932299,2009,Never wore a helmet,NA,Yes,8 years old or younger,20 to 29 days,2 to 5 cigarettes,TRUE
507211,2003,Rarely wore a helmet,NA,No,Never smoked a cigarette,0 days,Did not smoke cigarettes,NA
767495,2007,Never wore a helmet,NA,No,Never smoked a cigarette,0 days,Did not smoke cigarettes,NA
511502,2003,Most of the time wore a helmet,NA,No,Never smoked a cigarette,0 days,Did not smoke cigarettes,NA
1316429,2013,Did not ride a bicycle,0 days,No,Never smoked a cigarette,0 days,Did not smoke cigarettes,TRUE
1308933,2013,Did not ride a bicycle,0 days,Yes,8 years old or younger,1 or 2 days,1 cigarette,FALSE
187650,1995,Never wore a helmet,NA,NA,Never smoked a cigarette,0 days,Did not smoke cigarettes,NA
511796,2003,Did not ride a bicycle,NA,Yes,15 or 16 years old,1 or 2 days,Less than 1 cigarette,NA
405899,2001,Did not ride a bicycle,NA,Yes,Never smoked a cigarette,0 days,Did not smoke cigarettes,NA
1310500,2013,Sometimes wore a helmet,I did not drive the past 30 days,No,Never smoked a cigarette,0 days,Did not smoke cigarettes,FALSE
189298,1995,Did not ride a bicycle,NA,Yes,15 or 16 years old,1 or 2 days,1 cigarette,NA
324264,1999,Rarely wore a helmet,NA,Yes,Never smoked a cigarette,0 days,Did not smoke cigarettes,NA
183444,1995,Never wore a helmet,NA,Yes,11 or 12 years old,0 days,Did not smoke cigarettes,NA
118365,1993,Did not ride a bicycle,NA,Yes,Never smoked a cigarette,0 days,Did not smoke cigarettes,NA
182548,1995,Never wore a helmet,NA,No,Never smoked a cigarette,0 days,Did not smoke cigarettes,NA
109815,1993,Always wore a helmet,NA,Yes,Never smoked a cigarette,0 days,Did not smoke cigarettes,NA
633649,2005,Never wore a helmet,NA,No,Never smoked a cigarette,0 days,Did not smoke cigarettes,NA
1106637,2011,Did not ride a bicycle,NA,Yes,13 or 14 years old,0 days,Did not smoke cigarettes,FALSE
1313269,2013,Never wore a helmet,I did not drive the past 30 days,Yes,15 or 16 years old,0 days,Did not smoke cigarettes,FALSE
400924,2001,Did not ride a bicycle,NA,No,Never smoked a cigarette,0 days,Did not smoke cigarettes,NA
34039,1991,Never wore a helmet,NA,Yes,13 or 14 years old,3 to 5 days,Less than 1 cigarette,NA
406494,2001,Sometimes wore a helmet,NA,No,Never smoked a cigarette,0 days,Did not smoke cigarettes,NA
183802,1995,Never wore a helmet,NA,Yes,Never smoked a cigarette,0 days,Did not smoke cigarettes,NA
402294,2001,Never wore a helmet,NA,Yes,15 or 16 years old,6 to 9 days,1 cigarette,NA
122221,1993,Never wore a helmet,NA,Yes,13 or 14 years old,0 days,Did not smoke cigarettes,NA
928070,2009,Sometimes wore a helmet,NA,No,Never smoked a cigarette,0 days,Did not smoke cigarettes,FALSE
398476,2001,Never wore a helmet,NA,NA,NA,0 days,Did not smoke cigarettes,NA
922648,2009,Never wore a helmet,NA,No,Never smoked a cigarette,0 days,Did not smoke cigarettes,FALSE
631401,2005,Did not ride a bicycle,NA,Yes,15 or 16 years old,1 or 2 days,Less than 1 cigarette,NA
180543,1995,Never wore a helmet,NA,Yes,11 or 12 years old,0 days,Did not smoke cigarettes,NA
182658,1995,Never wore a helmet,NA,No,Never smoked a cigarette,0 days,Did not smoke cigarettes,NA
767804,2007,Never wore a helmet,NA,No,Never smoked a cigarette,0 days,Did not smoke cigarettes,NA
513135,2003,Rarely wore a helmet,NA,Yes,13 or 14 years old,0 days,Did not smoke cigarettes,NA
640984,2005,Never wore a helmet,NA,Yes,Never smoked a cigarette,0 days,Did not smoke cigarettes,NA
502326,2003,Did not ride a bicycle,NA,No,Never smoked a cigarette,0 days,Did not smoke cigarettes,NA
397407,2001,Never wore a helmet,NA,No,Never smoked a cigarette,0 days,Did not smoke cigarettes,NA
266549,1997,Rarely wore a helmet,NA,Yes,8 years old or younger,All 30 days,11 to 20 cigarettes,NA
632204,2005,Rarely wore a helmet,NA,NA,8 years old or younger,NA,NA,NA
266450,1997,Never wore a helmet,NA,No,Never smoked a cigarette,0 days,Did not smoke cigarettes,NA
507724,2003,Did not ride a bicycle,NA,Yes,9 or 10 years old,All 30 days,11 to 20 cigarettes,NA
34184,1991,Did not ride a bicycle,NA,Yes,Never smoked a cigarette,0 days,Did not smoke cigarettes,NA
321880,1999,Did not ride a bicycle,NA,No,Never smoked a cigarette,0 days,Did not smoke cigarettes,NA
34721,1991,Always wore a helmet,NA,Yes,13 or 14 years old,NA,NA,NA
181818,1995,NA,NA,No,Never smoked a cigarette,0 days,Did not smoke cigarettes,NA
187946,1995,Did not ride a bicycle,NA,No,Never smoked a cigarette,0 days,Did not smoke cigarettes,NA
182153,1995,Never wore a helmet,NA,Yes,13 or 14 years old,0 days,Did not smoke cigarettes,NA
328110,1999,Never wore a helmet,NA,Yes,13 or 14 years old,6 to 9 days,2 to 5 cigarettes,NA
182827,1995,Did not ride a bicycle,NA,Yes,13 or 14 years old,6 to 9 days,2 to 5 cigarettes,NA
929804,2009,Never wore a helmet,NA,NA,NA,NA,NA,NA
331449,1999,Most of the time wore a helmet,NA,No,Never smoked a cigarette,0 days,Did not smoke cigarettes,NA
1100978,2011,NA,NA,NA,15 or 16 years old,NA,1 cigarette,FALSE
1103329,2011,Did not ride a bicycle,NA,No,Never smoked a cigarette,0 days,Did not smoke cigarettes,FALSE
1099257,2011,Never wore a helmet,NA,Yes,13 or 14 years old,20 to 29 days,1 cigarette,FALSE
929704,2009,Did not ride a bicycle,NA,Yes,Never smoked a cigarette,0 days,Did not smoke cigarettes,TRUE
931566,2009,Rarely wore a helmet,NA,No,Never smoked a cigarette,0 days,Did not smoke cigarettes,FALSE
182192,1995,Never wore a helmet,NA,NA,NA,0 days,Did not smoke cigarettes,NA
398379,2001,Never wore a helmet,NA,No,Never smoked a cigarette,0 days,Did not smoke cigarettes,NA
1313289,2013,Never wore a helmet,I did not drive the past 30 days,Yes,Never smoked a cigarette,0 days,Did not smoke cigarettes,TRUE
1103191,2011,Did not ride a bicycle,NA,No,Never smoked a cigarette,0 days,Did not smoke cigarettes,FALSE
265587,1997,Rarely wore a helmet,NA,Yes,11 or 12 years old,20 to 29 days,2 to 5 cigarettes,NA
632858,2005,Did not ride a bicycle,NA,No,Never smoked a cigarette,0 days,Did not smoke cigarettes,NA
110118,1993,Never wore a helmet,NA,Yes,13 or 14 years old,All 30 days,6 to 10 cigarettes,NA
113385,1993,NA,NA,No,Never smoked a cigarette,0 days,Did not smoke cigarettes,NA
634605,2005,Rarely wore a helmet,NA,Yes,11 or 12 years old,0 days,Did not smoke cigarettes,NA
1103299,2011,Never wore a helmet,NA,No,Never smoked a cigarette,0 days,Did not smoke cigarettes,TRUE
186842,1995,Never wore a helmet,NA,Yes,9 or 10 years old,All 30 days,2 to 5 cigarettes,NA
513587,2003,Did not ride a bicycle,NA,Yes,Never smoked a cigarette,0 days,Did not smoke cigarettes,NA
189598,1995,NA,NA,Yes,13 or 14 years old,All 30 days,6 to 10 cigarettes,NA
37143,1991,Did not ride a bicycle,NA,No,Never smoked a cigarette,0 days,Did not smoke cigarettes,NA
1307207,2013,Never wore a helmet,0 days,Yes,13 or 14 years old,0 days,Did not smoke cigarettes,FALSE
634916,2005,Did not ride a bicycle,NA,No,Never smoked a cigarette,0 days,Did not smoke cigarettes,NA
1316018,2013,Did not ride a bicycle,0 days,No,Never smoked a cigarette,0 days,Did not smoke cigarettes,FALSE
322304,1999,Never wore a helmet,NA,Yes,15 or 16 years old,1 or 2 days,Less than 1 cigarette,NA
641502,2005,Rarely wore a helmet,NA,Yes,Never smoked a cigarette,0 days,Did not smoke cigarettes,NA
1108889,2011,Did not ride a bicycle,NA,Yes,Never smoked a cigarette,0 days,Did not smoke cigarettes,FALSE
509182,2003,Never wore a helmet,NA,NA,Never smoked a cigarette,0 days,NA,NA
270905,1997,Did not ride a bicycle,NA,Yes,Never smoked a cigarette,0 days,Did not smoke cigarettes,NA
408834,2001,Did not ride a bicycle,NA,No,Never smoked a cigarette,0 days,Did not smoke cigarettes,NA
35367,1991,Never wore a helmet,NA,Yes,Never smoked a cigarette,0 days,Did not smoke cigarettes,NA
629423,2005,Never wore a helmet,NA,No,Never smoked a cigarette,0 days,Did not smoke cigarettes,NA
766707,2007,Did not ride a bicycle,NA,No,Never smoked a cigarette,0 days,Did not smoke cigarettes,NA
187607,1995,Did not ride a bicycle,NA,Yes,Never smoked a cigarette,0 days,Did not smoke cigarettes,NA
186622,1995,Never wore a helmet,NA,NA,Never smoked a cigarette,0 days,Did not smoke cigarettes,NA
112422,1993,Never wore a helmet,NA,No,Never smoked a cigarette,0 days,Did not smoke cigarettes,NA
1306171,2013,Never wore a helmet,1 or 2 days,No,Never smoked a cigarette,0 days,Did not smoke cigarettes,NA
399610,2001,Did not ride a bicycle,NA,Yes,9 or 10 years old,0 days,Did not smoke cigarettes,NA
933554,2009,Never wore a helmet,NA,Yes,13 or 14 years old,0 days,Did not smoke cigarettes,FALSE
118008,1993,Did not ride a bicycle,NA,No,Never smoked a cigarette,0 days,Did not smoke cigarettes,NA
1309001,2013,Never wore a helmet,All 30 days,No,Never smoked a cigarette,0 days,Did not smoke cigarettes,FALSE
922280,2009,Never wore a helmet,NA,No,Never smoked a cigarette,0 days,Did not smoke cigarettes,FALSE
267980,1997,Never wore a helmet,NA,Yes,13 or 14 years old,0 days,Did not smoke cigarettes,NA
760621,2007,Never wore a helmet,NA,No,Never smoked a cigarette,0 days,Did not smoke cigarettes,NA
1102716,2011,Did not ride a bicycle,NA,No,Never smoked a cigarette,0 days,Did not smoke cigarettes,FALSE
330722,1999,Never wore a helmet,NA,No,Never smoked a cigarette,0 days,Did not smoke cigarettes,NA
762895,2007,Never wore a helmet,NA,No,Never smoked a cigarette,0 days,Did not smoke cigarettes,NA
257615,1997,Did not ride a bicycle,NA,Yes,Never smoked a cigarette,0 days,Did not smoke cigarettes,NA
40426,1991,Did not ride a bicycle,NA,Yes,13 or 14 years old,3 to 5 days,1 cigarette,NA
110437,1993,Did not ride a bicycle,NA,No,Never smoked a cigarette,0 days,Did not smoke cigarettes,NA
1308557,2013,Never wore a helmet,6 to 9 days,Yes,Never smoked a cigarette,NA,NA,FALSE
36415,1991,NA,NA,No,Never smoked a cigarette,0 days,Did not smoke cigarettes,NA
190747,1995,Never wore a helmet,NA,No,Never smoked a cigarette,0 days,Did not smoke cigarettes,NA
768354,2007,Never wore a helmet,NA,Yes,9 or 10 years old,0 days,Did not smoke cigarettes,NA
32642,1991,NA,NA,Yes,13 or 14 years old,NA,NA,NA
1306383,2013,Always wore a helmet,0 days,No,Never smoked a cigarette,0 days,Did not smoke cigarettes,TRUE
259255,1997,NA,NA,No,Never smoked a cigarette,0 days,Did not smoke cigarettes,NA
42541,1991,Did not ride a bicycle,NA,No,Never smoked a cigarette,0 days,Did not smoke cigarettes,NA
38012,1991,Did not ride a bicycle,NA,No,Never smoked a cigarette,0 days,Did not smoke cigarettes,NA
270544,1997,Did not ride a bicycle,NA,No,Never smoked a cigarette,0 days,Did not smoke cigarettes,NA
259090,1997,NA,NA,Yes,15 or 16 years old,NA,NA,NA
503857,2003,Never wore a helmet,NA,Yes,15 or 16 years old,0 days,Did not smoke cigarettes,NA
396770,2001,Rarely wore a helmet,NA,Yes,11 or 12 years old,0 days,Did not smoke cigarettes,NA
407119,2001,Never wore a helmet,NA,Yes,Never smoked a cigarette,0 days,Did not smoke cigarettes,NA
33130,1991,Rarely wore a helmet,NA,Yes,9 or 10 years old,All 30 days,2 to 5 cigarettes,NA
761759,2007,Never wore a helmet,NA,No,Never smoked a cigarette,0 days,Did not smoke cigarettes,NA
1109730,2011,Did not ride a bicycle,NA,NA,11 or 12 years old,0 days,NA,FALSE
118844,1993,Did not ride a bicycle,NA,Yes,9 or 10 years old,All 30 days,2 to 5 cigarettes,NA
331176,1999,Never wore a helmet,NA,No,Never smoked a cigarette,0 days,Did not smoke cigarettes,NA
183298,1995,Never wore a helmet,NA,No,Never smoked a cigarette,0 days,Did not smoke cigarettes,NA
396262,2001,Sometimes wore a helmet,NA,No,Never smoked a cigarette,0 days,Did not smoke cigarettes,NA
36078,1991,Never wore a helmet,NA,Yes,11 or 12 years old,0 days,Did not smoke cigarettes,NA
180544,1995,Never wore a helmet,NA,NA,Never smoked a cigarette,0 days,Did not smoke cigarettes,NA
936043,2009,Rarely wore a helmet,NA,No,Never smoked a cigarette,0 days,Did not smoke cigarettes,FALSE
41129,1991,Did not ride a bicycle,NA,Yes,9 or 10 years old,0 days,Did not smoke cigarettes,NA
32882,1991,Rarely wore a helmet,NA,Yes,15 or 16 years old,0 days,Did not smoke cigarettes,NA
632560,2005,Never wore a helmet,NA,No,Never smoked a cigarette,0 days,Did not smoke cigarettes,NA
937604,2009,Did not ride a bicycle,NA,Yes,17 years old or older,0 days,Did not smoke cigarettes,FALSE
115922,1993,Did not ride a bicycle,NA,No,Never smoked a cigarette,0 days,Did not smoke cigarettes,NA
1096005,2011,Never wore a helmet,NA,No,Never smoked a cigarette,0 days,Did not smoke cigarettes,TRUE
511156,2003,Always wore a helmet,NA,Yes,Never smoked a cigarette,0 days,Did not smoke cigarettes,NA
404036,2001,Never wore a helmet,NA,No,Never smoked a cigarette,0 days,Did not smoke cigarettes,NA
186992,1995,Did not ride a bicycle,NA,No,Never smoked a cigarette,0 days,Did not smoke cigarettes,NA
936340,2009,Sometimes wore a helmet,NA,Yes,15 or 16 years old,6 to 9 days,2 to 5 cigarettes,TRUE
505719,2003,Did not ride a bicycle,NA,Yes,15 or 16 years old,6 to 9 days,2 to 5 cigarettes,NA
766042,2007,Did not ride a bicycle,NA,Yes,9 or 10 years old,1 or 2 days,Less than 1 cigarette,NA
771899,2007,Never wore a helmet,NA,No,Never smoked a cigarette,0 days,Did not smoke cigarettes,NA
267338,1997,Did not ride a bicycle,NA,No,Never smoked a cigarette,0 days,Did not smoke cigarettes,NA
336152,1999,Never wore a helmet,NA,Yes,15 or 16 years old,0 days,Did not smoke cigarettes,NA
768815,2007,Sometimes wore a helmet,NA,Yes,13 or 14 years old,0 days,Did not smoke cigarettes,NA
190290,1995,Never wore a helmet,NA,NA,Never smoked a cigarette,0 days,Did not smoke cigarettes,NA
396604,2001,Did not ride a bicycle,NA,No,Never smoked a cigarette,0 days,Did not smoke cigarettes,NA
629794,2005,Never wore a helmet,NA,No,Never smoked a cigarette,0 days,Did not smoke cigarettes,NA
326049,1999,Did not ride a bicycle,NA,Yes,13 or 14 years old,0 days,Did not smoke cigarettes,NA
638075,2005,Did not ride a bicycle,NA,No,Never smoked a cigarette,0 days,Did not smoke cigarettes,NA
408569,2001,Did not ride a bicycle,NA,NA,15 or 16 years old,0 days,Did not smoke cigarettes,NA
503885,2003,Did not ride a bicycle,NA,No,Never smoked a cigarette,0 days,Did not smoke cigarettes,NA
329249,1999,Did not ride a bicycle,NA,No,NA,0 days,Did not smoke cigarettes,NA
185097,1995,Never wore a helmet,NA,No,Never smoked a cigarette,0 days,Did not smoke cigarettes,NA
770372,2007,Did not ride a bicycle,NA,No,Never smoked a cigarette,0 days,Did not smoke cigarettes,NA
922799,2009,Rarely wore a helmet,NA,No,Never smoked a cigarette,0 days,Did not smoke cigarettes,TRUE
331997,1999,Never wore a helmet,NA,Yes,15 or 16 years old,0 days,Did not smoke cigarettes,NA
1305551,2013,Rarely wore a helmet,0 days,NA,NA,0 days,Did not smoke cigarettes,FALSE
640007,2005,Did not ride a bicycle,NA,Yes,15 or 16 years old,1 or 2 days,Less than 1 cigarette,NA
641744,2005,Did not ride a bicycle,NA,NA,13 or 14 years old,20 to 29 days,NA,NA
1095526,2011,Never wore a helmet,NA,No,Never smoked a cigarette,0 days,Did not smoke cigarettes,TRUE
329807,1999,Did not ride a bicycle,NA,Yes,11 or 12 years old,10 to 19 days,2 to 5 cigarettes,NA
399580,2001,Did not ride a bicycle,NA,NA,Never smoked a cigarette,0 days,Did not smoke cigarettes,NA
930911,2009,Did not ride a bicycle,NA,Yes,13 or 14 years old,NA,NA,FALSE
260352,1997,Did not ride a bicycle,NA,Yes,13 or 14 years old,0 days,Did not smoke cigarettes,NA
502254,2003,Did not ride a bicycle,NA,Yes,9 or 10 years old,1 or 2 days,2 to 5 cigarettes,NA
400776,2001,Never wore a helmet,NA,Yes,11 or 12 years old,All 30 days,6 to 10 cigarettes,NA
261945,1997,NA,NA,No,Never smoked a cigarette,0 days,Did not smoke cigarettes,NA
325954,1999,Rarely wore a helmet,NA,Yes,15 or 16 years old,All 30 days,11 to 20 cigarettes,NA
325141,1999,Never wore a helmet,NA,No,Never smoked a cigarette,0 days,Did not smoke cigarettes,NA
505739,2003,Did not ride a bicycle,NA,Yes,13 or 14 years old,0 days,Did not smoke cigarettes,NA
398459,2001,Did not ride a bicycle,NA,No,Never smoked a cigarette,0 days,Did not smoke cigarettes,NA
398552,2001,Never wore a helmet,NA,Yes,13 or 14 years old,6 to 9 days,2 to 5 cigarettes,NA
1306004,2013,Never wore a helmet,1 or 2 days,No,Never smoked a cigarette,0 days,Did not smoke cigarettes,FALSE
120394,1993,Never wore a helmet,NA,No,Never smoked a cigarette,0 days,Did not smoke cigarettes,NA
631215,2005,Did not ride a bicycle,NA,No,Never smoked a cigarette,0 days,Did not smoke cigarettes,NA
761418,2007,Rarely wore a helmet,NA,No,Never smoked a cigarette,0 days,Did not smoke cigarettes,NA
262327,1997,Did not ride a bicycle,NA,Yes,15 or 16 years old,0 days,Did not smoke cigarettes,NA
512633,2003,NA,NA,Yes,11 or 12 years old,All 30 days,2 to 5 cigarettes,NA
181153,1995,Never wore a helmet,NA,No,Never smoked a cigarette,0 days,Did not smoke cigarettes,NA
407515,2001,Did not ride a bicycle,NA,No,Never smoked a cigarette,0 days,Did not smoke cigarettes,NA
113607,1993,Never wore a helmet,NA,Yes,Never smoked a cigarette,0 days,Did not smoke cigarettes,NA
111517,1993,Never wore a helmet,NA,No,Never smoked a cigarette,0 days,Did not smoke cigarettes,NA
256750,1997,Most of the time wore a helmet,NA,No,Never smoked a cigarette,0 days,Did not smoke cigarettes,NA
931677,2009,Never wore a helmet,NA,No,Never smoked a cigarette,0 days,Did not smoke cigarettes,FALSE
768306,2007,Did not ride a bicycle,NA,Yes,15 or 16 years old,3 to 5 days,1 cigarette,NA
1107185,2011,Sometimes wore a helmet,NA,Yes,17 years old or older,0 days,Did not smoke cigarettes,FALSE
1314712,2013,Never wore a helmet,All 30 days,No,Never smoked a cigarette,0 days,Did not smoke cigarettes,FALSE
184391,1995,Never wore a helmet,NA,NA,Never smoked a cigarette,0 days,Did not smoke cigarettes,NA
408839,2001,Never wore a helmet,NA,No,Never smoked a cigarette,0 days,Did not smoke cigarettes,NA
628726,2005,Never wore a helmet,NA,Yes,13 or 14 years old,NA,NA,NA
323909,1999,Did not ride a bicycle,NA,Yes,11 or 12 years old,1 or 2 days,2 to 5 cigarettes,NA
31188,1991,Never wore a helmet,NA,Yes,11 or 12 years old,0 days,Did not smoke cigarettes,NA
631620,2005,Did not ride a bicycle,NA,No,Never smoked a cigarette,0 days,Did not smoke cigarettes,NA
1103543,2011,Always wore a helmet,NA,No,Never smoked a cigarette,0 days,Did not smoke cigarettes,FALSE
396367,2001,Did not ride a bicycle,NA,No,Never smoked a cigarette,0 days,Did not smoke cigarettes,NA
404276,2001,Never wore a helmet,NA,Yes,8 years old or younger,All 30 days,More than 20 cigarettes,NA
638701,2005,Never wore a helmet,NA,No,Never smoked a cigarette,0 days,Did not smoke cigarettes,NA
763239,2007,Did not ride a bicycle,NA,Yes,Never smoked a cigarette,0 days,Did not smoke cigarettes,NA
334267,1999,Never wore a helmet,NA,Yes,NA,0 days,Did not smoke cigarettes,NA
505661,2003,Did not ride a bicycle,NA,Yes,17 years old or older,NA,NA,NA
922878,2009,Sometimes wore a helmet,NA,No,Never smoked a cigarette,0 days,Did not smoke cigarettes,NA
764524,2007,Never wore a helmet,NA,No,Never smoked a cigarette,0 days,Did not smoke cigarettes,NA
927299,2009,Never wore a helmet,NA,Yes,9 or 10 years old,0 days,Did not smoke cigarettes,FALSE
501997,2003,Sometimes wore a helmet,NA,Yes,15 or 16 years old,0 days,Did not smoke cigarettes,NA
1104258,2011,Did not ride a bicycle,NA,Yes,NA,0 days,Did not smoke cigarettes,TRUE
182967,1995,Never wore a helmet,NA,NA,Never smoked a cigarette,0 days,Did not smoke cigarettes,NA
933632,2009,Did not ride a bicycle,NA,No,Never smoked a cigarette,0 days,Did not smoke cigarettes,FALSE
507828,2003,Most of the time wore a helmet,NA,No,Never smoked a cigarette,0 days,Did not smoke cigarettes,NA
322659,1999,Never wore a helmet,NA,Yes,Never smoked a cigarette,0 days,Did not smoke cigarettes,NA
924923,2009,Never wore a helmet,NA,Yes,NA,0 days,Did not smoke cigarettes,FALSE
403036,2001,Did not ride a bicycle,NA,Yes,13 or 14 years old,0 days,Did not smoke cigarettes,NA
107244,1993,Did not ride a bicycle,NA,Yes,13 or 14 years old,All 30 days,6 to 10 cigarettes,NA
507044,2003,Always wore a helmet,NA,No,Never smoked a cigarette,0 days,Did not smoke cigarettes,NA
270884,1997,Did not ride a bicycle,NA,No,Never smoked a cigarette,0 days,Did not smoke cigarettes,NA
511550,2003,Never wore a helmet,NA,Yes,9 or 10 years old,1 or 2 days,Less than 1 cigarette,NA
396276,2001,Never wore a helmet,NA,No,Never smoked a cigarette,0 days,Did not smoke cigarettes,NA
770072,2007,NA,NA,Yes,11 or 12 years old,20 to 29 days,2 to 5 cigarettes,NA
121950,1993,Rarely wore a helmet,NA,Yes,Never smoked a cigarette,0 days,Did not smoke cigarettes,NA
34569,1991,Did not ride a bicycle,NA,Yes,15 or 16 years old,3 to 5 days,1 cigarette,NA
1103838,2011,Did not ride a bicycle,NA,No,Never smoked a cigarette,0 days,Did not smoke cigarettes,TRUE
937704,2009,Did not ride a bicycle,NA,Yes,Never smoked a cigarette,0 days,Did not smoke cigarettes,FALSE
1313595,2013,Never wore a helmet,1 or 2 days,No,Never smoked a cigarette,0 days,Did not smoke cigarettes,FALSE
36694,1991,Never wore a helmet,NA,No,Never smoked a cigarette,0 days,Did not smoke cigarettes,NA
1314611,2013,Never wore a helmet,1 or 2 days,Yes,15 or 16 years old,1 or 2 days,Less than 1 cigarette,FALSE
267443,1997,Did not ride a bicycle,NA,No,Never smoked a cigarette,0 days,Did not smoke cigarettes,NA
1303662,2013,Never wore a helmet,0 days,No,Never smoked a cigarette,0 days,Did not smoke cigarettes,FALSE
634170,2005,Did not ride a bicycle,NA,NA,NA,0 days,Did not smoke cigarettes,NA
509226,2003,Most of the time wore a helmet,NA,No,Never smoked a cigarette,0 days,Did not smoke cigarettes,NA
504391,2003,Rarely wore a helmet,NA,No,Never smoked a cigarette,0 days,Did not smoke cigarettes,NA
183196,1995,Never wore a helmet,NA,No,Never smoked a cigarette,0 days,Did not smoke cigarettes,NA
504338,2003,Never wore a helmet,NA,NA,Never smoked a cigarette,0 days,Did not smoke cigarettes,NA
1096054,2011,Never wore a helmet,NA,No,Never smoked a cigarette,0 days,Did not smoke cigarettes,FALSE
1313260,2013,Never wore a helmet,0 days,Yes,15 or 16 years old,3 to 5 days,Less than 1 cigarette,FALSE
268079,1997,Never wore a helmet,NA,No,Never smoked a cigarette,0 days,Did not smoke cigarettes,NA
398944,2001,Never wore a helmet,NA,Yes,13 or 14 years old,1 or 2 days,1 cigarette,NA
927266,2009,Never wore a helmet,NA,No,Never smoked a cigarette,0 days,Did not smoke cigarettes,FALSE
770269,2007,Never wore a helmet,NA,No,Never smoked a cigarette,0 days,Did not smoke cigarettes,NA
34952,1991,Never wore a helmet,NA,Yes,15 or 16 years old,1 or 2 days,Less than 1 cigarette,NA
765125,2007,Rarely wore a helmet,NA,No,Never smoked a cigarette,0 days,Did not smoke cigarettes,NA
399519,2001,Never wore a helmet,NA,Yes,15 or 16 years old,0 days,Did not smoke cigarettes,NA
182375,1995,Never wore a helmet,NA,No,Never smoked a cigarette,0 days,Did not smoke cigarettes,NA
182799,1995,Never wore a helmet,NA,No,Never smoked a cigarette,0 days,Did not smoke cigarettes,NA
185945,1995,Sometimes wore a helmet,NA,No,Never smoked a cigarette,0 days,Did not smoke cigarettes,NA
632464,2005,Never wore a helmet,NA,No,Never smoked a cigarette,0 days,Did not smoke cigarettes,NA
928546,2009,Did not ride a bicycle,NA,Yes,15 or 16 years old,0 days,Did not smoke cigarettes,FALSE
506769,2003,Rarely wore a helmet,NA,Yes,13 or 14 years old,0 days,Did not smoke cigarettes,NA
184294,1995,Did not ride a bicycle,NA,NA,NA,NA,NA,NA
503923,2003,Never wore a helmet,NA,Yes,13 or 14 years old,0 days,Did not smoke cigarettes,NA
927460,2009,Did not ride a bicycle,NA,Yes,13 or 14 years old,3 to 5 days,Less than 1 cigarette,FALSE
937218,2009,Never wore a helmet,NA,No,Never smoked a cigarette,0 days,Did not smoke cigarettes,FALSE
499376,2003,Never wore a helmet,NA,No,Never smoked a cigarette,0 days,Did not smoke cigarettes,NA
1099366,2011,Did not ride a bicycle,NA,No,Never smoked a cigarette,0 days,Did not smoke cigarettes,FALSE
114026,1993,Never wore a helmet,NA,Yes,15 or 16 years old,0 days,Did not smoke cigarettes,NA
32044,1991,Never wore a helmet,NA,No,Never smoked a cigarette,0 days,Did not smoke cigarettes,NA
1316122,2013,Never wore a helmet,20 to 29 days,No,Never smoked a cigarette,0 days,Did not smoke cigarettes,FALSE
329931,1999,Never wore a helmet,NA,Yes,13 or 14 years old,3 to 5 days,2 to 5 cigarettes,NA
400903,2001,Never wore a helmet,NA,Yes,13 or 14 years old,NA,NA,NA
189395,1995,NA,NA,No,Never smoked a cigarette,0 days,Did not smoke cigarettes,NA
1102425,2011,Most of the time wore a helmet,NA,No,Never smoked a cigarette,0 days,Did not smoke cigarettes,FALSE
401260,2001,Did not ride a bicycle,NA,No,Never smoked a cigarette,0 days,Did not smoke cigarettes,NA
636192,2005,Did not ride a bicycle,NA,Yes,11 or 12 years old,1 or 2 days,Less than 1 cigarette,NA
1100150,2011,Rarely wore a helmet,NA,Yes,15 or 16 years old,NA,NA,FALSE
407533,2001,Never wore a helmet,NA,No,Never smoked a cigarette,0 days,Did not smoke cigarettes,NA
1315146,2013,Never wore a helmet,I did not drive the past 30 days,Yes,Never smoked a cigarette,0 days,Did not smoke cigarettes,FALSE
400540,2001,Never wore a helmet,NA,Yes,Never smoked a cigarette,0 days,Did not smoke cigarettes,NA
502506,2003,Sometimes wore a helmet,NA,NA,NA,0 days,Did not smoke cigarettes,NA
187738,1995,Never wore a helmet,NA,Yes,15 or 16 years old,3 to 5 days,2 to 5 cigarettes,NA
399557,2001,Did not ride a bicycle,NA,No,Never smoked a cigarette,0 days,Did not smoke cigarettes,NA
401250,2001,Did not ride a bicycle,NA,Yes,8 years old or younger,0 days,Did not smoke cigarettes,NA
1101413,2011,Did not ride a bicycle,NA,No,Never smoked a cigarette,0 days,Did not smoke cigarettes,FALSE
504524,2003,Did not ride a bicycle,NA,Yes,15 or 16 years old,0 days,Did not smoke cigarettes,NA
35497,1991,Most of the time wore a helmet,NA,No,Never smoked a cigarette,0 days,Did not smoke cigarettes,NA
270099,1997,Did not ride a bicycle,NA,No,Never smoked a cigarette,0 days,Did not smoke cigarettes,NA
1097212,2011,Did not ride a bicycle,NA,Yes,15 or 16 years old,1 or 2 days,2 to 5 cigarettes,FALSE
926162,2009,Did not ride a bicycle,NA,No,Never smoked a cigarette,0 days,Did not smoke cigarettes,FALSE
333487,1999,Always wore a helmet,NA,No,Never smoked a cigarette,0 days,Did not smoke cigarettes,NA
325206,1999,Never wore a helmet,NA,Yes,9 or 10 years old,0 days,Did not smoke cigarettes,NA
1306054,2013,Did not ride a bicycle,1 or 2 days,No,Never smoked a cigarette,0 days,Did not smoke cigarettes,FALSE
1109640,2011,Never wore a helmet,NA,NA,Never smoked a cigarette,0 days,NA,FALSE
1108181,2011,Never wore a helmet,NA,Yes,Never smoked a cigarette,0 days,Did not smoke cigarettes,TRUE
500194,2003,Never wore a helmet,NA,Yes,11 or 12 years old,NA,NA,NA
332042,1999,Rarely wore a helmet,NA,Yes,Never smoked a cigarette,0 days,Did not smoke cigarettes,NA
636477,2005,Did not ride a bicycle,NA,Yes,13 or 14 years old,10 to 19 days,2 to 5 cigarettes,NA
1313860,2013,Rarely wore a helmet,0 days,No,Never smoked a cigarette,0 days,Did not smoke cigarettes,FALSE
762898,2007,Rarely wore a helmet,NA,No,Never smoked a cigarette,0 days,Did not smoke cigarettes,NA
107030,1993,Never wore a helmet,NA,Yes,9 or 10 years old,20 to 29 days,2 to 5 cigarettes,NA
771977,2007,Did not ride a bicycle,NA,No,Never smoked a cigarette,0 days,Did not smoke cigarettes,NA
628880,2005,Sometimes wore a helmet,NA,Yes,11 or 12 years old,NA,NA,NA
109969,1993,Never wore a helmet,NA,Yes,8 years old or younger,0 days,Did not smoke cigarettes,NA
1308663,2013,Did not ride a bicycle,0 days,No,Never smoked a cigarette,0 days,Did not smoke cigarettes,FALSE
331490,1999,Never wore a helmet,NA,No,Never smoked a cigarette,0 days,Did not smoke cigarettes,NA
109353,1993,Never wore a helmet,NA,Yes,8 years old or younger,0 days,Did not smoke cigarettes,NA
512839,2003,Did not ride a bicycle,NA,Yes,15 or 16 years old,0 days,Did not smoke cigarettes,NA
764948,2007,Did not ride a bicycle,NA,Yes,15 or 16 years old,All 30 days,More than 20 cigarettes,NA
34368,1991,Never wore a helmet,NA,No,Never smoked a cigarette,0 days,Did not smoke cigarettes,NA
115551,1993,Sometimes wore a helmet,NA,Yes,NA,NA,Less than 1 cigarette,NA
773346,2007,Did not ride a bicycle,NA,No,Never smoked a cigarette,0 days,Did not smoke cigarettes,NA
760714,2007,Never wore a helmet,NA,No,Never smoked a cigarette,0 days,Did not smoke cigarettes,NA
933977,2009,Never wore a helmet,NA,No,Never smoked a cigarette,0 days,Did not smoke cigarettes,FALSE
765351,2007,Never wore a helmet,NA,No,Never smoked a cigarette,0 days,Did not smoke cigarettes,NA
922564,2009,Never wore a helmet,NA,No,Never smoked a cigarette,0 days,Did not smoke cigarettes,TRUE
256602,1997,Never wore a helmet,NA,Yes,13 or 14 years old,1 or 2 days,Less than 1 cigarette,NA
334074,1999,Did not ride a bicycle,NA,Yes,Never smoked a cigarette,0 days,Did not smoke cigarettes,NA
501739,2003,Did not ride a bicycle,NA,Yes,13 or 14 years old,0 days,Did not smoke cigarettes,NA
32411,1991,Never wore a helmet,NA,No,Never smoked a cigarette,0 days,Did not smoke cigarettes,NA
763920,2007,Never wore a helmet,NA,Yes,9 or 10 years old,10 to 19 days,Less than 1 cigarette,NA
186390,1995,Rarely wore a helmet,NA,Yes,13 or 14 years old,NA,Less than 1 cigarette,NA
183713,1995,Did not ride a bicycle,NA,No,Never smoked a cigarette,0 days,Did not smoke cigarettes,NA
330568,1999,Rarely wore a helmet,NA,NA,NA,0 days,Did not smoke cigarettes,NA
505635,2003,Did not ride a bicycle,NA,Yes,13 or 14 years old,20 to 29 days,1 cigarette,NA
500855,2003,Did not ride a bicycle,NA,No,Never smoked a cigarette,0 days,Did not smoke cigarettes,NA
1108465,2011,NA,NA,NA,15 or 16 years old,0 days,Did not smoke cigarettes,NA
634333,2005,Did not ride a bicycle,NA,Yes,9 or 10 years old,0 days,Did not smoke cigarettes,NA
1099155,2011,Never wore a helmet,NA,No,Never smoked a cigarette,0 days,Did not smoke cigarettes,FALSE
180553,1995,Never wore a helmet,NA,No,Never smoked a cigarette,0 days,Did not smoke cigarettes,NA
1098359,2011,NA,NA,NA,Never smoked a cigarette,0 days,Did not smoke cigarettes,TRUE
403426,2001,Did not ride a bicycle,NA,NA,Never smoked a cigarette,0 days,Did not smoke cigarettes,NA
183530,1995,Never wore a helmet,NA,Yes,11 or 12 years old,All 30 days,2 to 5 cigarettes,NA
926422,2009,Never wore a helmet,NA,No,Never smoked a cigarette,0 days,Did not smoke cigarettes,TRUE
35152,1991,Did not ride a bicycle,NA,Yes,Never smoked a cigarette,0 days,Did not smoke cigarettes,NA
123169,1993,NA,NA,Yes,15 or 16 years old,0 days,Did not smoke cigarettes,NA
503585,2003,Never wore a helmet,NA,Yes,Never smoked a cigarette,0 days,Did not smoke cigarettes,NA
270245,1997,Rarely wore a helmet,NA,Yes,13 or 14 years old,0 days,Did not smoke cigarettes,NA
181178,1995,Never wore a helmet,NA,No,Never smoked a cigarette,0 days,Did not smoke cigarettes,NA
765517,2007,Never wore a helmet,NA,No,Never smoked a cigarette,0 days,Did not smoke cigarettes,NA
331801,1999,Never wore a helmet,NA,Yes,13 or 14 years old,All 30 days,11 to 20 cigarettes,NA
1308618,2013,Never wore a helmet,I did not drive the past 30 days,No,Never smoked a cigarette,0 days,Did not smoke cigarettes,FALSE
115705,1993,Never wore a helmet,NA,Yes,9 or 10 years old,1 or 2 days,2 to 5 cigarettes,NA
120370,1993,Never wore a helmet,NA,Yes,11 or 12 years old,All 30 days,2 to 5 cigarettes,NA
269237,1997,NA,NA,Yes,8 years old or younger,NA,Less than 1 cigarette,NA
401759,2001,Never wore a helmet,NA,No,Never smoked a cigarette,0 days,Did not smoke cigarettes,NA
112047,1993,Did not ride a bicycle,NA,Yes,15 or 16 years old,1 or 2 days,Less than 1 cigarette,NA
506438,2003,Never wore a helmet,NA,No,Never smoked a cigarette,0 days,Did not smoke cigarettes,NA
403943,2001,Did not ride a bicycle,NA,Yes,Never smoked a cigarette,0 days,Did not smoke cigarettes,NA
510123,2003,Sometimes wore a helmet,NA,No,Never smoked a cigarette,0 days,Did not smoke cigarettes,NA
256848,1997,Rarely wore a helmet,NA,Yes,13 or 14 years old,0 days,Did not smoke cigarettes,NA
37686,1991,Did not ride a bicycle,NA,No,Never smoked a cigarette,0 days,Did not smoke cigarettes,NA
403320,2001,Did not ride a bicycle,NA,Yes,Never smoked a cigarette,0 days,Did not smoke cigarettes,NA
763890,2007,Did not ride a bicycle,NA,Yes,9 or 10 years old,20 to 29 days,2 to 5 cigarettes,NA
183749,1995,Never wore a helmet,NA,No,Never smoked a cigarette,0 days,Did not smoke cigarettes,NA
1108196,2011,Sometimes wore a helmet,NA,No,Never smoked a cigarette,0 days,Did not smoke cigarettes,FALSE
187055,1995,Never wore a helmet,NA,Yes,Never smoked a cigarette,0 days,Did not smoke cigarettes,NA
42543,1991,Did not ride a bicycle,NA,No,Never smoked a cigarette,0 days,Did not smoke cigarettes,NA
336615,1999,Never wore a helmet,NA,Yes,15 or 16 years old,1 or 2 days,Less than 1 cigarette,NA
36712,1991,Never wore a helmet,NA,Yes,13 or 14 years old,6 to 9 days,1 cigarette,NA
632185,2005,Did not ride a bicycle,NA,Yes,15 or 16 years old,3 to 5 days,2 to 5 cigarettes,NA
1097049,2011,Rarely wore a helmet,NA,No,Never smoked a cigarette,0 days,Did not smoke cigarettes,FALSE
640240,2005,Did not ride a bicycle,NA,Yes,9 or 10 years old,3 to 5 days,2 to 5 cigarettes,NA
765174,2007,Rarely wore a helmet,NA,NA,NA,0 days,Did not smoke cigarettes,NA
761469,2007,Never wore a helmet,NA,No,Never smoked a cigarette,0 days,Did not smoke cigarettes,NA
333144,1999,Sometimes wore a helmet,NA,Yes,Never smoked a cigarette,0 days,Did not smoke cigarettes,NA
633114,2005,Sometimes wore a helmet,NA,No,Never smoked a cigarette,0 days,Did not smoke cigarettes,NA
930529,2009,Did not ride a bicycle,NA,Yes,13 or 14 years old,0 days,Did not smoke cigarettes,FALSE
112172,1993,Never wore a helmet,NA,Yes,11 or 12 years old,0 days,Did not smoke cigarettes,NA
501725,2003,Did not ride a bicycle,NA,Yes,15 or 16 years old,All 30 days,2 to 5 cigarettes,NA
185376,1995,Rarely wore a helmet,NA,Yes,15 or 16 years old,0 days,Did not smoke cigarettes,NA
191138,1995,Never wore a helmet,NA,No,Never smoked a cigarette,0 days,Did not smoke cigarettes,NA
1310310,2013,Did not ride a bicycle,20 to 29 days,No,NA,0 days,NA,FALSE
180667,1995,Never wore a helmet,NA,No,Never smoked a cigarette,0 days,Did not smoke cigarettes,NA
34213,1991,Never wore a helmet,NA,Yes,8 years old or younger,0 days,Did not smoke cigarettes,NA
407220,2001,Did not ride a bicycle,NA,Yes,15 or 16 years old,0 days,Did not smoke cigarettes,NA
629891,2005,Never wore a helmet,NA,No,Never smoked a cigarette,0 days,Did not smoke cigarettes,NA
400615,2001,Did not ride a bicycle,NA,NA,NA,0 days,Did not smoke cigarettes,NA
769786,2007,Sometimes wore a helmet,NA,No,Never smoked a cigarette,0 days,Did not smoke cigarettes,NA
334111,1999,Never wore a helmet,NA,Yes,11 or 12 years old,1 or 2 days,Less than 1 cigarette,NA
40448,1991,Did not ride a bicycle,NA,No,Never smoked a cigarette,0 days,Did not smoke cigarettes,NA
499604,2003,Most of the time wore a helmet,NA,NA,NA,0 days,Did not smoke cigarettes,NA
1310723,2013,Did not ride a bicycle,I did not drive the past 30 days,No,Never smoked a cigarette,0 days,Did not smoke cigarettes,FALSE
632295,2005,Sometimes wore a helmet,NA,NA,Never smoked a cigarette,0 days,NA,NA
1313190,2013,Never wore a helmet,0 days,No,Never smoked a cigarette,0 days,Did not smoke cigarettes,FALSE
258448,1997,NA,NA,Yes,8 years old or younger,10 to 19 days,2 to 5 cigarettes,NA
327309,1999,Did not ride a bicycle,NA,No,Never smoked a cigarette,0 days,Did not smoke cigarettes,NA
38043,1991,Did not ride a bicycle,NA,Yes,13 or 14 years old,0 days,Did not smoke cigarettes,NA
1315075,2013,Did not ride a bicycle,I did not drive the past 30 days,Yes,Never smoked a cigarette,0 days,Did not smoke cigarettes,TRUE
401858,2001,Never wore a helmet,NA,No,Never smoked a cigarette,0 days,Did not smoke cigarettes,NA
635685,2005,Never wore a helmet,NA,Yes,Never smoked a cigarette,0 days,Did not smoke cigarettes,NA
1308693,2013,Never wore a helmet,20 to 29 days,Yes,Never smoked a cigarette,0 days,Did not smoke cigarettes,FALSE
1307301,2013,Did not ride a bicycle,I did not drive the past 30 days,No,Never smoked a cigarette,0 days,Did not smoke cigarettes,FALSE
762436,2007,Did not ride a bicycle,NA,Yes,15 or 16 years old,6 to 9 days,2 to 5 cigarettes,NA
187267,1995,Did not ride a bicycle,NA,NA,Never smoked a cigarette,0 days,Did not smoke cigarettes,NA
185074,1995,Never wore a helmet,NA,No,Never smoked a cigarette,0 days,Did not smoke cigarettes,NA
501692,2003,Never wore a helmet,NA,Yes,13 or 14 years old,0 days,Did not smoke cigarettes,NA
107551,1993,Always wore a helmet,NA,No,Never smoked a cigarette,0 days,Did not smoke cigarettes,NA
38148,1991,Did not ride a bicycle,NA,No,Never smoked a cigarette,0 days,Did not smoke cigarettes,NA
113727,1993,Never wore a helmet,NA,Yes,13 or 14 years old,1 or 2 days,2 to 5 cigarettes,NA
631175,2005,Did not ride a bicycle,NA,No,Never smoked a cigarette,0 days,Did not smoke cigarettes,NA
185153,1995,Did not ride a bicycle,NA,No,Never smoked a cigarette,0 days,Did not smoke cigarettes,NA
324978,1999,Did not ride a bicycle,NA,Yes,Never smoked a cigarette,0 days,Did not smoke cigarettes,NA
505685,2003,Did not ride a bicycle,NA,Yes,11 or 12 years old,0 days,Did not smoke cigarettes,NA
767849,2007,NA,NA,No,Never smoked a cigarette,0 days,Did not smoke cigarettes,NA
403665,2001,Never wore a helmet,NA,Yes,11 or 12 years old,All 30 days,2 to 5 cigarettes,NA
763038,2007,Never wore a helmet,NA,No,Never smoked a cigarette,0 days,Did not smoke cigarettes,NA
33921,1991,Never wore a helmet,NA,Yes,Never smoked a cigarette,0 days,Did not smoke cigarettes,NA
37998,1991,Did not ride a bicycle,NA,No,Never smoked a cigarette,0 days,Did not smoke cigarettes,NA
256906,1997,Never wore a helmet,NA,No,Never smoked a cigarette,0 days,Did not smoke cigarettes,NA
771746,2007,Did not ride a bicycle,NA,No,Never smoked a cigarette,0 days,Did not smoke cigarettes,NA
1315242,2013,Never wore a helmet,I did not drive the past 30 days,No,Never smoked a cigarette,0 days,Did not smoke cigarettes,FALSE
335644,1999,Never wore a helmet,NA,Yes,15 or 16 years old,3 to 5 days,2 to 5 cigarettes,NA
404727,2001,Did not ride a bicycle,NA,No,Never smoked a cigarette,0 days,Did not smoke cigarettes,NA
1109136,2011,Most of the time wore a helmet,NA,Yes,Never smoked a cigarette,0 days,Did not smoke cigarettes,FALSE
270659,1997,Did not ride a bicycle,NA,Yes,13 or 14 years old,All 30 days,6 to 10 cigarettes,NA
264082,1997,Did not ride a bicycle,NA,Yes,13 or 14 years old,0 days,Did not smoke cigarettes,NA
258282,1997,Did not ride a bicycle,NA,Yes,11 or 12 years old,1 or 2 days,1 cigarette,NA
511013,2003,Did not ride a bicycle,NA,No,Never smoked a cigarette,0 days,Did not smoke cigarettes,NA
260198,1997,Never wore a helmet,NA,No,Never smoked a cigarette,0 days,Did not smoke cigarettes,NA
403619,2001,Never wore a helmet,NA,Yes,8 years old or younger,6 to 9 days,Less than 1 cigarette,NA
1304939,2013,Never wore a helmet,0 days,No,Never smoked a cigarette,0 days,Did not smoke cigarettes,FALSE
633543,2005,Sometimes wore a helmet,NA,Yes,15 or 16 years old,0 days,Did not smoke cigarettes,NA
322689,1999,Never wore a helmet,NA,No,Never smoked a cigarette,0 days,Did not smoke cigarettes,NA
185877,1995,Never wore a helmet,NA,Yes,11 or 12 years old,0 days,Did not smoke cigarettes,NA
514256,2003,Did not ride a bicycle,NA,NA,NA,0 days,Did not smoke cigarettes,NA
503115,2003,Did not ride a bicycle,NA,Yes,13 or 14 years old,0 days,Did not smoke cigarettes,NA
1312795,2013,Never wore a helmet,0 days,Yes,13 or 14 years old,1 or 2 days,1 cigarette,FALSE
1099339,2011,Did not ride a bicycle,NA,Yes,17 years old or older,6 to 9 days,6 to 10 cigarettes,FALSE
769351,2007,Most of the time wore a helmet,NA,No,Never smoked a cigarette,0 days,Did not smoke cigarettes,NA
1105664,2011,Never wore a helmet,NA,No,Never smoked a cigarette,0 days,Did not smoke cigarettes,FALSE
116885,1993,Did not ride a bicycle,NA,No,Never smoked a cigarette,0 days,Did not smoke cigarettes,NA
41516,1991,Never wore a helmet,NA,No,Never smoked a cigarette,0 days,Did not smoke cigarettes,NA
268623,1997,Did not ride a bicycle,NA,Yes,17 years old or older,1 or 2 days,1 cigarette,NA
401796,2001,Most of the time wore a helmet,NA,Yes,15 or 16 years old,0 days,Did not smoke cigarettes,NA
335554,1999,Never wore a helmet,NA,Yes,Never smoked a cigarette,0 days,Did not smoke cigarettes,NA
40372,1991,Never wore a helmet,NA,No,Never smoked a cigarette,0 days,Did not smoke cigarettes,NA
116708,1993,Did not ride a bicycle,NA,Yes,Never smoked a cigarette,0 days,Did not smoke cigarettes,NA
107087,1993,Never wore a helmet,NA,No,Never smoked a cigarette,0 days,Did not smoke cigarettes,NA
30731,1991,Never wore a helmet,NA,Yes,9 or 10 years old,10 to 19 days,Less than 1 cigarette,NA
773383,2007,Always wore a helmet,NA,No,Never smoked a cigarette,0 days,Did not smoke cigarettes,NA
183618,1995,Did not ride a bicycle,NA,Yes,15 or 16 years old,0 days,Did not smoke cigarettes,NA
329651,1999,Sometimes wore a helmet,NA,Yes,13 or 14 years old,0 days,Did not smoke cigarettes,NA
402598,2001,Did not ride a bicycle,NA,Yes,11 or 12 years old,0 days,Did not smoke cigarettes,NA
115484,1993,Did not ride a bicycle,NA,No,Never smoked a cigarette,0 days,Did not smoke cigarettes,NA
110794,1993,Did not ride a bicycle,NA,Yes,Never smoked a cigarette,0 days,Did not smoke cigarettes,NA
770208,2007,Most of the time wore a helmet,NA,No,Never smoked a cigarette,0 days,Did not smoke cigarettes,NA
263050,1997,Never wore a helmet,NA,No,Never smoked a cigarette,0 days,Did not smoke cigarettes,NA
335857,1999,Did not ride a bicycle,NA,No,Never smoked a cigarette,0 days,Did not smoke cigarettes,NA
1312506,2013,Did not ride a bicycle,0 days,Yes,13 or 14 years old,0 days,Did not smoke cigarettes,FALSE
264735,1997,Never wore a helmet,NA,Yes,11 or 12 years old,0 days,Did not smoke cigarettes,NA
111881,1993,Never wore a helmet,NA,No,Never smoked a cigarette,0 days,Did not smoke cigarettes,NA
501364,2003,Sometimes wore a helmet,NA,No,Never smoked a cigarette,0 days,Did not smoke cigarettes,NA
499547,2003,Rarely wore a helmet,NA,No,Never smoked a cigarette,0 days,Did not smoke cigarettes,NA
36734,1991,Never wore a helmet,NA,Yes,NA,NA,Less than 1 cigarette,NA
765364,2007,Did not ride a bicycle,NA,No,Never smoked a cigarette,0 days,Did not smoke cigarettes,NA
121340,1993,Did not ride a bicycle,NA,No,Never smoked a cigarette,0 days,Did not smoke cigarettes,NA
396592,2001,Never wore a helmet,NA,No,Never smoked a cigarette,0 days,Did not smoke cigarettes,NA
186603,1995,Did not ride a bicycle,NA,Yes,13 or 14 years old,NA,NA,NA
119576,1993,Most of the time wore a helmet,NA,Yes,Never smoked a cigarette,0 days,Did not smoke cigarettes,NA
256151,1997,Always wore a helmet,NA,No,Never smoked a cigarette,0 days,Did not smoke cigarettes,NA
33051,1991,Never wore a helmet,NA,No,Never smoked a cigarette,0 days,Did not smoke cigarettes,NA
1105349,2011,Did not ride a bicycle,NA,No,Never smoked a cigarette,0 days,Did not smoke cigarettes,FALSE
255888,1997,Never wore a helmet,NA,Yes,8 years old or younger,0 days,Did not smoke cigarettes,NA
1305544,2013,Never wore a helmet,I did not drive the past 30 days,Yes,Never smoked a cigarette,0 days,Did not smoke cigarettes,FALSE
37796,1991,Did not ride a bicycle,NA,No,Never smoked a cigarette,0 days,Did not smoke cigarettes,NA
258486,1997,Did not ride a bicycle,NA,Yes,15 or 16 years old,3 to 5 days,2 to 5 cigarettes,NA
511736,2003,Did not ride a bicycle,NA,Yes,11 or 12 years old,1 or 2 days,1 cigarette,NA
637646,2005,Most of the time wore a helmet,NA,No,Never smoked a cigarette,0 days,Did not smoke cigarettes,NA
402447,2001,Did not ride a bicycle,NA,No,Never smoked a cigarette,0 days,Did not smoke cigarettes,NA
501977,2003,Did not ride a bicycle,NA,Yes,Never smoked a cigarette,0 days,Did not smoke cigarettes,NA
397430,2001,Most of the time wore a helmet,NA,No,Never smoked a cigarette,0 days,Did not smoke cigarettes,NA
108204,1993,Did not ride a bicycle,NA,Yes,Never smoked a cigarette,0 days,Did not smoke cigarettes,NA
409238,2001,Did not ride a bicycle,NA,No,Never smoked a cigarette,0 days,Did not smoke cigarettes,NA
270938,1997,Never wore a helmet,NA,Yes,13 or 14 years old,All 30 days,11 to 20 cigarettes,NA
267906,1997,Never wore a helmet,NA,No,Never smoked a cigarette,0 days,Did not smoke cigarettes,NA
32673,1991,Never wore a helmet,NA,Yes,15 or 16 years old,0 days,Did not smoke cigarettes,NA
1310420,2013,Did not ride a bicycle,All 30 days,Yes,17 years old or older,0 days,Did not smoke cigarettes,TRUE
1106093,2011,NA,NA,NA,Never smoked a cigarette,0 days,Did not smoke cigarettes,FALSE
1305477,2013,Never wore a helmet,NA,No,Never smoked a cigarette,0 days,Did not smoke cigarettes,FALSE
632980,2005,Never wore a helmet,NA,No,Never smoked a cigarette,0 days,Did not smoke cigarettes,NA
1314811,2013,Did not ride a bicycle,0 days,Yes,15 or 16 years old,All 30 days,2 to 5 cigarettes,FALSE
398666,2001,Did not ride a bicycle,NA,Yes,Never smoked a cigarette,0 days,Did not smoke cigarettes,NA
180792,1995,Did not ride a bicycle,NA,No,Never smoked a cigarette,0 days,Did not smoke cigarettes,NA
33545,1991,Never wore a helmet,NA,Yes,13 or 14 years old,0 days,Did not smoke cigarettes,NA
114719,1993,Sometimes wore a helmet,NA,Yes,9 or 10 years old,0 days,Did not smoke cigarettes,NA
933338,2009,Never wore a helmet,NA,Yes,9 or 10 years old,0 days,Did not smoke cigarettes,FALSE
771625,2007,Never wore a helmet,NA,No,Never smoked a cigarette,0 days,Did not smoke cigarettes,NA
503843,2003,Never wore a helmet,NA,Yes,11 or 12 years old,NA,NA,NA
628816,2005,Did not ride a bicycle,NA,No,Never smoked a cigarette,0 days,Did not smoke cigarettes,NA
33894,1991,Never wore a helmet,NA,Yes,13 or 14 years old,0 days,Did not smoke cigarettes,NA
266887,1997,Did not ride a bicycle,NA,Yes,15 or 16 years old,NA,NA,NA
1315048,2013,Never wore a helmet,0 days,Yes,13 or 14 years old,20 to 29 days,2 to 5 cigarettes,TRUE
505947,2003,Most of the time wore a helmet,NA,No,Never smoked a cigarette,0 days,Did not smoke cigarettes,NA
321574,1999,Never wore a helmet,NA,Yes,Never smoked a cigarette,0 days,Did not smoke cigarettes,NA
400034,2001,Never wore a helmet,NA,No,Never smoked a cigarette,0 days,Did not smoke cigarettes,NA
327254,1999,Did not ride a bicycle,NA,Yes,15 or 16 years old,NA,2 to 5 cigarettes,NA
641018,2005,Rarely wore a helmet,NA,No,Never smoked a cigarette,0 days,Did not smoke cigarettes,NA
1312891,2013,Never wore a helmet,1 or 2 days,No,Never smoked a cigarette,0 days,Did not smoke cigarettes,FALSE
640499,2005,Never wore a helmet,NA,Yes,Never smoked a cigarette,0 days,Did not smoke cigarettes,NA
932467,2009,Never wore a helmet,NA,Yes,13 or 14 years old,0 days,Did not smoke cigarettes,TRUE
502845,2003,Sometimes wore a helmet,NA,Yes,NA,All 30 days,NA,NA
257571,1997,Did not ride a bicycle,NA,Yes,13 or 14 years old,0 days,Did not smoke cigarettes,NA
398322,2001,Never wore a helmet,NA,No,Never smoked a cigarette,0 days,Did not smoke cigarettes,NA
512762,2003,Never wore a helmet,NA,NA,NA,0 days,Did not smoke cigarettes,NA
501868,2003,Did not ride a bicycle,NA,Yes,Never smoked a cigarette,0 days,Did not smoke cigarettes,NA
401302,2001,Never wore a helmet,NA,NA,15 or 16 years old,0 days,Did not smoke cigarettes,NA
933846,2009,Never wore a helmet,NA,Yes,9 or 10 years old,All 30 days,2 to 5 cigarettes,TRUE
189501,1995,Did not ride a bicycle,NA,Yes,11 or 12 years old,0 days,Did not smoke cigarettes,NA
763427,2007,Never wore a helmet,NA,No,Never smoked a cigarette,0 days,Did not smoke cigarettes,NA
634489,2005,Never wore a helmet,NA,No,Never smoked a cigarette,0 days,Did not smoke cigarettes,NA
331470,1999,Did not ride a bicycle,NA,Yes,15 or 16 years old,0 days,Did not smoke cigarettes,NA
1104528,2011,Did not ride a bicycle,NA,No,Never smoked a cigarette,0 days,Did not smoke cigarettes,FALSE
403994,2001,Did not ride a bicycle,NA,NA,NA,0 days,Did not smoke cigarettes,NA
634746,2005,Rarely wore a helmet,NA,No,Never smoked a cigarette,0 days,Did not smoke cigarettes,NA
109142,1993,NA,NA,Yes,9 or 10 years old,0 days,Did not smoke cigarettes,NA
330915,1999,Rarely wore a helmet,NA,Yes,13 or 14 years old,1 or 2 days,Less than 1 cigarette,NA
330000,1999,Never wore a helmet,NA,Yes,11 or 12 years old,NA,NA,NA
333926,1999,Sometimes wore a helmet,NA,No,Never smoked a cigarette,0 days,Did not smoke cigarettes,NA
508266,2003,Did not ride a bicycle,NA,Yes,13 or 14 years old,0 days,Did not smoke cigarettes,NA
1107310,2011,Did not ride a bicycle,NA,No,Never smoked a cigarette,0 days,Did not smoke cigarettes,FALSE
33428,1991,Did not ride a bicycle,NA,No,Never smoked a cigarette,0 days,Did not smoke cigarettes,NA
768569,2007,Did not ride a bicycle,NA,Yes,11 or 12 years old,10 to 19 days,1 cigarette,NA
1103654,2011,Never wore a helmet,NA,No,Never smoked a cigarette,0 days,Did not smoke cigarettes,FALSE
396278,2001,Did not ride a bicycle,NA,NA,NA,0 days,Did not smoke cigarettes,NA
184596,1995,Never wore a helmet,NA,Yes,8 years old or younger,0 days,Did not smoke cigarettes,NA
265071,1997,Never wore a helmet,NA,No,Never smoked a cigarette,0 days,Did not smoke cigarettes,NA
770109,2007,Never wore a helmet,NA,No,Never smoked a cigarette,0 days,Did not smoke cigarettes,NA
634329,2005,Did not ride a bicycle,NA,No,Never smoked a cigarette,0 days,Did not smoke cigarettes,NA
184752,1995,Did not ride a bicycle,NA,NA,8 years old or younger,0 days,Did not smoke cigarettes,NA
1094839,2011,Never wore a helmet,NA,No,Never smoked a cigarette,0 days,Did not smoke cigarettes,FALSE
631794,2005,Did not ride a bicycle,NA,No,Never smoked a cigarette,0 days,Did not smoke cigarettes,NA
185837,1995,Did not ride a bicycle,NA,Yes,11 or 12 years old,0 days,Did not smoke cigarettes,NA
189360,1995,Did not ride a bicycle,NA,Yes,Never smoked a cigarette,0 days,Did not smoke cigarettes,NA
1312845,2013,Did not ride a bicycle,0 days,No,Never smoked a cigarette,0 days,Did not smoke cigarettes,TRUE
398336,2001,Never wore a helmet,NA,No,Never smoked a cigarette,0 days,Did not smoke cigarettes,NA
934948,2009,NA,NA,No,Never smoked a cigarette,0 days,Did not smoke cigarettes,NA
34032,1991,NA,NA,Yes,13 or 14 years old,0 days,Did not smoke cigarettes,NA
767835,2007,Did not ride a bicycle,NA,Yes,11 or 12 years old,1 or 2 days,1 cigarette,NA
507751,2003,Never wore a helmet,NA,Yes,13 or 14 years old,0 days,NA,NA
632449,2005,Did not ride a bicycle,NA,Yes,15 or 16 years old,1 or 2 days,1 cigarette,NA
770364,2007,Did not ride a bicycle,NA,Yes,13 or 14 years old,0 days,Did not smoke cigarettes,NA
180907,1995,Never wore a helmet,NA,Yes,13 or 14 years old,3 to 5 days,Less than 1 cigarette,NA
937795,2009,Never wore a helmet,NA,Yes,17 years old or older,0 days,Did not smoke cigarettes,FALSE
37594,1991,Did not ride a bicycle,NA,Yes,15 or 16 years old,6 to 9 days,2 to 5 cigarettes,NA
760514,2007,NA,NA,No,Never smoked a cigarette,0 days,Did not smoke cigarettes,NA
114770,1993,NA,NA,Yes,13 or 14 years old,All 30 days,6 to 10 cigarettes,NA
771203,2007,Did not ride a bicycle,NA,Yes,15 or 16 years old,1 or 2 days,Less than 1 cigarette,NA
1308373,2013,Did not ride a bicycle,0 days,No,Never smoked a cigarette,0 days,Did not smoke cigarettes,FALSE
264329,1997,Never wore a helmet,NA,No,Never smoked a cigarette,0 days,Did not smoke cigarettes,NA
1096585,2011,Never wore a helmet,NA,NA,Never smoked a cigarette,0 days,NA,FALSE
634566,2005,Did not ride a bicycle,NA,Yes,15 or 16 years old,0 days,Did not smoke cigarettes,NA
637782,2005,Most of the time wore a helmet,NA,Yes,Never smoked a cigarette,0 days,Did not smoke cigarettes,NA
1096505,2011,Always wore a helmet,NA,Yes,NA,NA,NA,FALSE
408912,2001,Always wore a helmet,NA,No,Never smoked a cigarette,0 days,Did not smoke cigarettes,NA
767788,2007,Never wore a helmet,NA,No,Never smoked a cigarette,0 days,Did not smoke cigarettes,NA
1095199,2011,NA,NA,NA,Never smoked a cigarette,0 days,Did not smoke cigarettes,NA
771963,2007,Never wore a helmet,NA,Yes,15 or 16 years old,0 days,Did not smoke cigarettes,NA
182472,1995,Never wore a helmet,NA,No,Never smoked a cigarette,0 days,Did not smoke cigarettes,NA
258511,1997,Sometimes wore a helmet,NA,No,Never smoked a cigarette,0 days,Did not smoke cigarettes,NA
763557,2007,Did not ride a bicycle,NA,NA,NA,NA,NA,NA
764899,2007,Never wore a helmet,NA,Yes,8 years old or younger,10 to 19 days,6 to 10 cigarettes,NA
119736,1993,Did not ride a bicycle,NA,Yes,9 or 10 years old,0 days,Did not smoke cigarettes,NA
510547,2003,Sometimes wore a helmet,NA,Yes,11 or 12 years old,0 days,Did not smoke cigarettes,NA
111436,1993,Never wore a helmet,NA,No,Never smoked a cigarette,0 days,Did not smoke cigarettes,NA
188806,1995,Did not ride a bicycle,NA,Yes,15 or 16 years old,1 or 2 days,Less than 1 cigarette,NA
185277,1995,Did not ride a bicycle,NA,No,Never smoked a cigarette,0 days,Did not smoke cigarettes,NA
35127,1991,Did not ride a bicycle,NA,No,Never smoked a cigarette,0 days,Did not smoke cigarettes,NA
1108239,2011,Did not ride a bicycle,NA,Yes,Never smoked a cigarette,0 days,Did not smoke cigarettes,FALSE
1109163,2011,Sometimes wore a helmet,NA,Yes,13 or 14 years old,1 or 2 days,1 cigarette,TRUE
325593,1999,Did not ride a bicycle,NA,No,Never smoked a cigarette,0 days,Did not smoke cigarettes,NA
398370,2001,Never wore a helmet,NA,Yes,8 years old or younger,All 30 days,More than 20 cigarettes,NA
258207,1997,Never wore a helmet,NA,No,Never smoked a cigarette,0 days,Did not smoke cigarettes,NA
397474,2001,Did not ride a bicycle,NA,No,Never smoked a cigarette,0 days,Did not smoke cigarettes,NA
1102777,2011,Always wore a helmet,NA,No,Never smoked a cigarette,0 days,Did not smoke cigarettes,FALSE
116104,1993,Never wore a helmet,NA,No,Never smoked a cigarette,0 days,Did not smoke cigarettes,NA
1307197,2013,Never wore a helmet,0 days,No,Never smoked a cigarette,0 days,Did not smoke cigarettes,FALSE
33971,1991,Never wore a helmet,NA,No,Never smoked a cigarette,0 days,Did not smoke cigarettes,NA
631102,2005,Did not ride a bicycle,NA,Yes,15 or 16 years old,3 to 5 days,1 cigarette,NA
263803,1997,Never wore a helmet,NA,Yes,11 or 12 years old,0 days,Did not smoke cigarettes,NA
30894,1991,Never wore a helmet,NA,No,Never smoked a cigarette,0 days,Did not smoke cigarettes,NA
1108254,2011,NA,NA,NA,Never smoked a cigarette,0 days,Did not smoke cigarettes,TRUE
107076,1993,Never wore a helmet,NA,No,Never smoked a cigarette,0 days,Did not smoke cigarettes,NA
37199,1991,Never wore a helmet,NA,No,Never smoked a cigarette,0 days,Did not smoke cigarettes,NA
184758,1995,Did not ride a bicycle,NA,Yes,15 or 16 years old,0 days,Did not smoke cigarettes,NA
258258,1997,Did not ride a bicycle,NA,Yes,15 or 16 years old,20 to 29 days,6 to 10 cigarettes,NA
1307763,2013,Never wore a helmet,0 days,Yes,9 or 10 years old,0 days,Did not smoke cigarettes,FALSE
763052,2007,Never wore a helmet,NA,No,Never smoked a cigarette,0 days,Did not smoke cigarettes,NA
924107,2009,Did not ride a bicycle,NA,Yes,13 or 14 years old,0 days,Did not smoke cigarettes,FALSE
502834,2003,Did not ride a bicycle,NA,Yes,15 or 16 years old,NA,NA,NA
33631,1991,Never wore a helmet,NA,Yes,11 or 12 years old,0 days,Did not smoke cigarettes,NA
923134,2009,Never wore a helmet,NA,Yes,8 years old or younger,0 days,Did not smoke cigarettes,FALSE
31433,1991,Never wore a helmet,NA,No,Never smoked a cigarette,0 days,Did not smoke cigarettes,NA
107781,1993,Never wore a helmet,NA,No,Never smoked a cigarette,0 days,Did not smoke cigarettes,NA
513832,2003,Never wore a helmet,NA,Yes,15 or 16 years old,1 or 2 days,2 to 5 cigarettes,NA
1310797,2013,Never wore a helmet,I did not drive the past 30 days,No,Never smoked a cigarette,0 days,Did not smoke cigarettes,FALSE
512269,2003,Rarely wore a helmet,NA,Yes,15 or 16 years old,0 days,Did not smoke cigarettes,NA
184031,1995,Did not ride a bicycle,NA,No,Never smoked a cigarette,0 days,Did not smoke cigarettes,NA
187836,1995,Always wore a helmet,NA,Yes,Never smoked a cigarette,0 days,Did not smoke cigarettes,NA
186288,1995,Never wore a helmet,NA,No,Never smoked a cigarette,0 days,Did not smoke cigarettes,NA
330906,1999,Never wore a helmet,NA,NA,NA,0 days,Did not smoke cigarettes,NA
640969,2005,Never wore a helmet,NA,NA,13 or 14 years old,0 days,Did not smoke cigarettes,NA
760644,2007,Always wore a helmet,NA,NA,NA,0 days,Did not smoke cigarettes,NA
189640,1995,Did not ride a bicycle,NA,Yes,13 or 14 years old,All 30 days,6 to 10 cigarettes,NA
931426,2009,Did not ride a bicycle,NA,No,Never smoked a cigarette,0 days,Did not smoke cigarettes,FALSE
186172,1995,Never wore a helmet,NA,Yes,11 or 12 years old,0 days,Did not smoke cigarettes,NA
1095990,2011,Rarely wore a helmet,NA,No,Never smoked a cigarette,0 days,Did not smoke cigarettes,FALSE
40807,1991,Always wore a helmet,NA,Yes,13 or 14 years old,1 or 2 days,Less than 1 cigarette,NA
396781,2001,Never wore a helmet,NA,Yes,13 or 14 years old,6 to 9 days,2 to 5 cigarettes,NA
1100487,2011,NA,NA,NA,Never smoked a cigarette,0 days,Did not smoke cigarettes,FALSE
499558,2003,Never wore a helmet,NA,No,Never smoked a cigarette,0 days,Did not smoke cigarettes,NA
398808,2001,Never wore a helmet,NA,Yes,8 years old or younger,All 30 days,6 to 10 cigarettes,NA
1109264,2011,Most of the time wore a helmet,NA,No,Never smoked a cigarette,0 days,Did not smoke cigarettes,FALSE
770179,2007,Did not ride a bicycle,NA,No,Never smoked a cigarette,0 days,Did not smoke cigarettes,NA
268639,1997,Did not ride a bicycle,NA,Yes,Never smoked a cigarette,0 days,Did not smoke cigarettes,NA
111786,1993,Did not ride a bicycle,NA,Yes,17 years old or older,NA,NA,NA
771859,2007,NA,NA,Yes,NA,NA,NA,NA
185954,1995,Never wore a helmet,NA,No,Never smoked a cigarette,0 days,Did not smoke cigarettes,NA
399578,2001,Did not ride a bicycle,NA,NA,15 or 16 years old,0 days,Did not smoke cigarettes,NA
632913,2005,Most of the time wore a helmet,NA,No,Never smoked a cigarette,0 days,Did not smoke cigarettes,NA
42777,1991,Did not ride a bicycle,NA,Yes,Never smoked a cigarette,0 days,Did not smoke cigarettes,NA
509425,2003,Did not ride a bicycle,NA,No,Never smoked a cigarette,0 days,Did not smoke cigarettes,NA
926045,2009,Did not ride a bicycle,NA,No,Never smoked a cigarette,0 days,Did not smoke cigarettes,FALSE
31564,1991,Did not ride a bicycle,NA,No,Never smoked a cigarette,0 days,Did not smoke cigarettes,NA
187742,1995,Never wore a helmet,NA,No,Never smoked a cigarette,0 days,Did not smoke cigarettes,NA
639864,2005,Never wore a helmet,NA,Yes,13 or 14 years old,All 30 days,6 to 10 cigarettes,NA
256291,1997,Sometimes wore a helmet,NA,No,Never smoked a cigarette,0 days,Did not smoke cigarettes,NA
36779,1991,Rarely wore a helmet,NA,No,Never smoked a cigarette,0 days,Did not smoke cigarettes,NA
767643,2007,NA,NA,No,Never smoked a cigarette,0 days,Did not smoke cigarettes,NA
257976,1997,NA,NA,Yes,11 or 12 years old,1 or 2 days,Less than 1 cigarette,NA
120450,1993,Did not ride a bicycle,NA,No,Never smoked a cigarette,0 days,Did not smoke cigarettes,NA
256764,1997,Never wore a helmet,NA,Yes,11 or 12 years old,0 days,Did not smoke cigarettes,NA
932933,2009,NA,NA,Yes,11 or 12 years old,All 30 days,6 to 10 cigarettes,NA
507627,2003,NA,NA,Yes,11 or 12 years old,0 days,Did not smoke cigarettes,NA
638418,2005,Did not ride a bicycle,NA,Yes,15 or 16 years old,1 or 2 days,Less than 1 cigarette,NA
331559,1999,Never wore a helmet,NA,Yes,15 or 16 years old,1 or 2 days,Less than 1 cigarette,NA
333951,1999,Sometimes wore a helmet,NA,Yes,15 or 16 years old,0 days,Did not smoke cigarettes,NA
1304125,2013,Never wore a helmet,I did not drive the past 30 days,No,Never smoked a cigarette,0 days,Did not smoke cigarettes,FALSE
640195,2005,Did not ride a bicycle,NA,Yes,15 or 16 years old,0 days,Did not smoke cigarettes,NA
255692,1997,Never wore a helmet,NA,Yes,11 or 12 years old,All 30 days,6 to 10 cigarettes,NA
185868,1995,Did not ride a bicycle,NA,No,Never smoked a cigarette,0 days,Did not smoke cigarettes,NA
503139,2003,Always wore a helmet,NA,No,Never smoked a cigarette,0 days,Did not smoke cigarettes,NA
1095008,2011,Rarely wore a helmet,NA,No,Never smoked a cigarette,0 days,Did not smoke cigarettes,FALSE
182557,1995,Did not ride a bicycle,NA,Yes,15 or 16 years old,0 days,Did not smoke cigarettes,NA
189239,1995,Never wore a helmet,NA,Yes,9 or 10 years old,3 to 5 days,2 to 5 cigarettes,NA
401505,2001,Always wore a helmet,NA,Yes,15 or 16 years old,0 days,Did not smoke cigarettes,NA
31975,1991,Did not ride a bicycle,NA,No,Never smoked a cigarette,0 days,Did not smoke cigarettes,NA
770487,2007,Never wore a helmet,NA,No,Never smoked a cigarette,0 days,Did not smoke cigarettes,NA
183494,1995,Never wore a helmet,NA,No,Never smoked a cigarette,0 days,Did not smoke cigarettes,NA
931716,2009,Never wore a helmet,NA,Yes,11 or 12 years old,3 to 5 days,2 to 5 cigarettes,FALSE
922860,2009,Never wore a helmet,NA,NA,NA,0 days,NA,NA
764660,2007,Never wore a helmet,NA,Yes,15 or 16 years old,20 to 29 days,2 to 5 cigarettes,NA
259271,1997,Always wore a helmet,NA,No,Never smoked a cigarette,0 days,Did not smoke cigarettes,NA
269373,1997,Did not ride a bicycle,NA,No,Never smoked a cigarette,0 days,Did not smoke cigarettes,NA
505371,2003,Never wore a helmet,NA,Yes,9 or 10 years old,NA,NA,NA
321741,1999,Never wore a helmet,NA,Yes,11 or 12 years old,1 or 2 days,1 cigarette,NA
503899,2003,Did not ride a bicycle,NA,No,Never smoked a cigarette,0 days,Did not smoke cigarettes,NA
268397,1997,Never wore a helmet,NA,Yes,11 or 12 years old,NA,NA,NA
766115,2007,NA,NA,Yes,15 or 16 years old,20 to 29 days,2 to 5 cigarettes,NA
257230,1997,Never wore a helmet,NA,No,Never smoked a cigarette,0 days,Did not smoke cigarettes,NA
1094960,2011,Did not ride a bicycle,NA,No,Never smoked a cigarette,0 days,Did not smoke cigarettes,FALSE
501807,2003,Never wore a helmet,NA,No,Never smoked a cigarette,0 days,Did not smoke cigarettes,NA
1309807,2013,Rarely wore a helmet,NA,No,Never smoked a cigarette,0 days,Did not smoke cigarettes,FALSE
923231,2009,Always wore a helmet,NA,Yes,8 years old or younger,0 days,Did not smoke cigarettes,FALSE
405873,2001,Never wore a helmet,NA,No,Never smoked a cigarette,0 days,Did not smoke cigarettes,NA
509550,2003,Did not ride a bicycle,NA,Yes,13 or 14 years old,1 or 2 days,Less than 1 cigarette,NA
1103795,2011,Did not ride a bicycle,NA,Yes,11 or 12 years old,0 days,Did not smoke cigarettes,FALSE
1314550,2013,Never wore a helmet,All 30 days,Yes,Never smoked a cigarette,0 days,Did not smoke cigarettes,FALSE
328975,1999,Rarely wore a helmet,NA,No,Never smoked a cigarette,0 days,Did not smoke cigarettes,NA
505187,2003,Did not ride a bicycle,NA,No,Never smoked a cigarette,0 days,Did not smoke cigarettes,NA
400036,2001,Did not ride a bicycle,NA,Yes,13 or 14 years old,0 days,Did not smoke cigarettes,NA
1101081,2011,Never wore a helmet,NA,No,Never smoked a cigarette,0 days,Did not smoke cigarettes,FALSE
513209,2003,Did not ride a bicycle,NA,Yes,13 or 14 years old,0 days,Did not smoke cigarettes,NA
258862,1997,NA,NA,Yes,Never smoked a cigarette,0 days,Did not smoke cigarettes,NA
922260,2009,Rarely wore a helmet,NA,No,Never smoked a cigarette,0 days,Did not smoke cigarettes,FALSE
37397,1991,Did not ride a bicycle,NA,No,Never smoked a cigarette,0 days,Did not smoke cigarettes,NA
1311513,2013,Rarely wore a helmet,0 days,No,Never smoked a cigarette,0 days,Did not smoke cigarettes,FALSE
761462,2007,Never wore a helmet,NA,No,Never smoked a cigarette,0 days,Did not smoke cigarettes,NA
636155,2005,Did not ride a bicycle,NA,Yes,13 or 14 years old,0 days,Did not smoke cigarettes,NA
188403,1995,Did not ride a bicycle,NA,No,Never smoked a cigarette,0 days,Did not smoke cigarettes,NA
764846,2007,Never wore a helmet,NA,No,Never smoked a cigarette,0 days,Did not smoke cigarettes,NA
111805,1993,Never wore a helmet,NA,Yes,11 or 12 years old,1 or 2 days,Less than 1 cigarette,NA
184916,1995,Never wore a helmet,NA,No,Never smoked a cigarette,0 days,Did not smoke cigarettes,NA
629310,2005,Did not ride a bicycle,NA,No,Never smoked a cigarette,0 days,Did not smoke cigarettes,NA
258473,1997,Never wore a helmet,NA,No,Never smoked a cigarette,0 days,Did not smoke cigarettes,NA
37411,1991,Never wore a helmet,NA,Yes,11 or 12 years old,All 30 days,2 to 5 cigarettes,NA
505022,2003,Never wore a helmet,NA,Yes,11 or 12 years old,3 to 5 days,2 to 5 cigarettes,NA
31160,1991,Never wore a helmet,NA,No,Never smoked a cigarette,0 days,Did not smoke cigarettes,NA
928307,2009,Never wore a helmet,NA,No,Never smoked a cigarette,0 days,Did not smoke cigarettes,FALSE
1108431,2011,Did not ride a bicycle,NA,NA,Never smoked a cigarette,0 days,NA,FALSE
1095539,2011,Never wore a helmet,NA,Yes,8 years old or younger,20 to 29 days,2 to 5 cigarettes,FALSE
402576,2001,Always wore a helmet,NA,Yes,Never smoked a cigarette,0 days,Did not smoke cigarettes,NA
256246,1997,Never wore a helmet,NA,Yes,9 or 10 years old,10 to 19 days,11 to 20 cigarettes,NA
40863,1991,Never wore a helmet,NA,No,Never smoked a cigarette,0 days,Did not smoke cigarettes,NA
116041,1993,Never wore a helmet,NA,Yes,Never smoked a cigarette,0 days,Did not smoke cigarettes,NA
396192,2001,Never wore a helmet,NA,Yes,11 or 12 years old,10 to 19 days,2 to 5 cigarettes,NA
924496,2009,Did not ride a bicycle,NA,No,Never smoked a cigarette,0 days,Did not smoke cigarettes,FALSE
189399,1995,NA,NA,No,Never smoked a cigarette,0 days,Did not smoke cigarettes,NA
1312002,2013,Did not ride a bicycle,0 days,No,Never smoked a cigarette,0 days,Did not smoke cigarettes,FALSE
116210,1993,Never wore a helmet,NA,No,Never smoked a cigarette,0 days,Did not smoke cigarettes,NA
33586,1991,Never wore a helmet,NA,No,Never smoked a cigarette,0 days,Did not smoke cigarettes,NA
107849,1993,Never wore a helmet,NA,No,Never smoked a cigarette,0 days,Did not smoke cigarettes,NA
639148,2005,Never wore a helmet,NA,Yes,Never smoked a cigarette,0 days,Did not smoke cigarettes,NA
1307391,2013,Never wore a helmet,I did not drive the past 30 days,No,Never smoked a cigarette,0 days,Did not smoke cigarettes,FALSE
332024,1999,Most of the time wore a helmet,NA,Yes,Never smoked a cigarette,0 days,Did not smoke cigarettes,NA
772135,2007,Never wore a helmet,NA,Yes,Never smoked a cigarette,0 days,Did not smoke cigarettes,NA
773599,2007,Did not ride a bicycle,NA,Yes,11 or 12 years old,0 days,Did not smoke cigarettes,NA
923411,2009,Rarely wore a helmet,NA,No,Never smoked a cigarette,0 days,Did not smoke cigarettes,FALSE
257772,1997,Most of the time wore a helmet,NA,Yes,9 or 10 years old,1 or 2 days,Less than 1 cigarette,NA
513628,2003,Did not ride a bicycle,NA,Yes,Never smoked a cigarette,0 days,Did not smoke cigarettes,NA
507011,2003,Never wore a helmet,NA,No,Never smoked a cigarette,0 days,Did not smoke cigarettes,NA
42070,1991,Did not ride a bicycle,NA,No,Never smoked a cigarette,0 days,Did not smoke cigarettes,NA
116213,1993,Never wore a helmet,NA,Yes,15 or 16 years old,1 or 2 days,Less than 1 cigarette,NA
113259,1993,Never wore a helmet,NA,No,Never smoked a cigarette,0 days,Did not smoke cigarettes,NA
117130,1993,Did not ride a bicycle,NA,No,Never smoked a cigarette,0 days,Did not smoke cigarettes,NA
640301,2005,Did not ride a bicycle,NA,No,Never smoked a cigarette,0 days,Did not smoke cigarettes,NA
929158,2009,Most of the time wore a helmet,NA,No,Never smoked a cigarette,0 days,Did not smoke cigarettes,TRUE
332151,1999,Never wore a helmet,NA,No,Never smoked a cigarette,0 days,Did not smoke cigarettes,NA
924860,2009,Never wore a helmet,NA,Yes,8 years old or younger,3 to 5 days,Less than 1 cigarette,FALSE
933472,2009,Did not ride a bicycle,NA,Yes,9 or 10 years old,All 30 days,2 to 5 cigarettes,FALSE
331167,1999,Did not ride a bicycle,NA,No,Never smoked a cigarette,0 days,Did not smoke cigarettes,NA
500221,2003,Never wore a helmet,NA,No,Never smoked a cigarette,0 days,Did not smoke cigarettes,NA
268967,1997,NA,NA,Yes,9 or 10 years old,1 or 2 days,Less than 1 cigarette,NA
184013,1995,Did not ride a bicycle,NA,Yes,13 or 14 years old,All 30 days,NA,NA
638048,2005,Did not ride a bicycle,NA,Yes,11 or 12 years old,All 30 days,6 to 10 cigarettes,NA
923299,2009,Sometimes wore a helmet,NA,Yes,15 or 16 years old,0 days,Did not smoke cigarettes,FALSE
641610,2005,Never wore a helmet,NA,Yes,17 years old or older,0 days,Did not smoke cigarettes,NA
107038,1993,Did not ride a bicycle,NA,No,Never smoked a cigarette,0 days,Did not smoke cigarettes,NA
1309522,2013,Did not ride a bicycle,All 30 days,Yes,8 years old or younger,All 30 days,More than 20 cigarettes,TRUE
1312084,2013,Never wore a helmet,0 days,No,Never smoked a cigarette,0 days,Did not smoke cigarettes,TRUE
1104911,2011,Did not ride a bicycle,NA,Yes,15 or 16 years old,10 to 19 days,1 cigarette,TRUE
510273,2003,Rarely wore a helmet,NA,Yes,15 or 16 years old,0 days,Did not smoke cigarettes,NA
400580,2001,NA,NA,NA,NA,NA,NA,NA
1313712,2013,Did not ride a bicycle,0 days,No,Never smoked a cigarette,0 days,Did not smoke cigarettes,FALSE
762931,2007,Did not ride a bicycle,NA,Yes,Never smoked a cigarette,0 days,Did not smoke cigarettes,NA
184776,1995,Did not ride a bicycle,NA,Yes,15 or 16 years old,3 to 5 days,2 to 5 cigarettes,NA
632144,2005,Did not ride a bicycle,NA,No,Never smoked a cigarette,0 days,Did not smoke cigarettes,NA
32649,1991,Rarely wore a helmet,NA,No,Never smoked a cigarette,0 days,Did not smoke cigarettes,NA
501158,2003,Did not ride a bicycle,NA,NA,NA,0 days,Did not smoke cigarettes,NA
1102585,2011,Sometimes wore a helmet,NA,No,Never smoked a cigarette,0 days,Did not smoke cigarettes,FALSE
402980,2001,Never wore a helmet,NA,Yes,11 or 12 years old,0 days,Did not smoke cigarettes,NA
629876,2005,Never wore a helmet,NA,Yes,8 years old or younger,0 days,Did not smoke cigarettes,NA
1097836,2011,Did not ride a bicycle,NA,No,Never smoked a cigarette,0 days,Did not smoke cigarettes,FALSE
324103,1999,Did not ride a bicycle,NA,Yes,13 or 14 years old,0 days,Did not smoke cigarettes,NA
1097109,2011,Never wore a helmet,NA,Yes,9 or 10 years old,20 to 29 days,2 to 5 cigarettes,FALSE
408158,2001,Did not ride a bicycle,NA,Yes,8 years old or younger,All 30 days,6 to 10 cigarettes,NA
925160,2009,Never wore a helmet,NA,Yes,15 or 16 years old,20 to 29 days,2 to 5 cigarettes,FALSE
408555,2001,Did not ride a bicycle,NA,NA,Never smoked a cigarette,0 days,Did not smoke cigarettes,NA
109728,1993,Did not ride a bicycle,NA,Yes,Never smoked a cigarette,0 days,Did not smoke cigarettes,NA
107222,1993,Did not ride a bicycle,NA,No,Never smoked a cigarette,0 days,Did not smoke cigarettes,NA
771895,2007,Never wore a helmet,NA,No,Never smoked a cigarette,0 days,Did not smoke cigarettes,NA
1104996,2011,Did not ride a bicycle,NA,No,Never smoked a cigarette,0 days,Did not smoke cigarettes,FALSE
923751,2009,Never wore a helmet,NA,NA,NA,NA,NA,FALSE
42564,1991,Never wore a helmet,NA,No,Never smoked a cigarette,0 days,Did not smoke cigarettes,NA
766666,2007,Never wore a helmet,NA,No,Never smoked a cigarette,0 days,Did not smoke cigarettes,NA
767809,2007,Never wore a helmet,NA,No,Never smoked a cigarette,0 days,Did not smoke cigarettes,NA
270921,1997,Never wore a helmet,NA,No,Never smoked a cigarette,0 days,Did not smoke cigarettes,NA
935162,2009,Did not ride a bicycle,NA,No,NA,0 days,Did not smoke cigarettes,FALSE
265305,1997,Never wore a helmet,NA,Yes,11 or 12 years old,All 30 days,11 to 20 cigarettes,NA
260500,1997,Did not ride a bicycle,NA,Yes,13 or 14 years old,NA,NA,NA
1105751,2011,Did not ride a bicycle,NA,No,Never smoked a cigarette,0 days,Did not smoke cigarettes,TRUE
40728,1991,Did not ride a bicycle,NA,Yes,11 or 12 years old,0 days,Did not smoke cigarettes,NA
405271,2001,Did not ride a bicycle,NA,No,Never smoked a cigarette,0 days,Did not smoke cigarettes,NA
111326,1993,Did not ride a bicycle,NA,Yes,8 years old or younger,10 to 19 days,2 to 5 cigarettes,NA
189028,1995,Did not ride a bicycle,NA,NA,13 or 14 years old,20 to 29 days,6 to 10 cigarettes,NA
265359,1997,Did not ride a bicycle,NA,Yes,Never smoked a cigarette,0 days,Did not smoke cigarettes,NA
634270,2005,Never wore a helmet,NA,Yes,11 or 12 years old,NA,NA,NA
630071,2005,Did not ride a bicycle,NA,Yes,13 or 14 years old,0 days,Did not smoke cigarettes,NA
1109177,2011,Did not ride a bicycle,NA,No,Never smoked a cigarette,0 days,Did not smoke cigarettes,FALSE
322390,1999,Did not ride a bicycle,NA,No,Never smoked a cigarette,0 days,Did not smoke cigarettes,NA
405611,2001,Never wore a helmet,NA,No,Never smoked a cigarette,0 days,Did not smoke cigarettes,NA
931911,2009,Rarely wore a helmet,NA,No,Never smoked a cigarette,0 days,Did not smoke cigarettes,FALSE
406659,2001,Did not ride a bicycle,NA,No,Never smoked a cigarette,0 days,Did not smoke cigarettes,NA
1100807,2011,Never wore a helmet,NA,Yes,15 or 16 years old,0 days,Did not smoke cigarettes,FALSE
1309365,2013,Did not ride a bicycle,0 days,Yes,17 years old or older,10 to 19 days,2 to 5 cigarettes,FALSE
40640,1991,Did not ride a bicycle,NA,No,Never smoked a cigarette,0 days,Did not smoke cigarettes,NA
631668,2005,Did not ride a bicycle,NA,No,Never smoked a cigarette,0 days,Did not smoke cigarettes,NA
329659,1999,Did not ride a bicycle,NA,Yes,13 or 14 years old,0 days,Did not smoke cigarettes,NA
1109311,2011,Did not ride a bicycle,NA,No,Never smoked a cigarette,0 days,Did not smoke cigarettes,FALSE
334091,1999,Did not ride a bicycle,NA,Yes,15 or 16 years old,0 days,Did not smoke cigarettes,NA
768819,2007,Did not ride a bicycle,NA,Yes,13 or 14 years old,0 days,Did not smoke cigarettes,NA
121929,1993,Never wore a helmet,NA,Yes,15 or 16 years old,6 to 9 days,1 cigarette,NA
1309379,2013,Always wore a helmet,0 days,No,Never smoked a cigarette,0 days,Did not smoke cigarettes,FALSE
321587,1999,Never wore a helmet,NA,Yes,13 or 14 years old,0 days,Did not smoke cigarettes,NA
1103249,2011,Never wore a helmet,NA,Yes,9 or 10 years old,0 days,Did not smoke cigarettes,TRUE
269554,1997,NA,NA,Yes,Never smoked a cigarette,0 days,Did not smoke cigarettes,NA
765117,2007,Did not ride a bicycle,NA,No,Never smoked a cigarette,0 days,Did not smoke cigarettes,NA
639903,2005,Did not ride a bicycle,NA,No,Never smoked a cigarette,0 days,Did not smoke cigarettes,NA
770219,2007,Never wore a helmet,NA,Yes,11 or 12 years old,All 30 days,2 to 5 cigarettes,NA
41573,1991,Did not ride a bicycle,NA,No,Never smoked a cigarette,0 days,Did not smoke cigarettes,NA
122314,1993,Did not ride a bicycle,NA,No,Never smoked a cigarette,0 days,Did not smoke cigarettes,NA
255784,1997,Never wore a helmet,NA,No,Never smoked a cigarette,0 days,Did not smoke cigarettes,NA
936054,2009,Never wore a helmet,NA,Yes,Never smoked a cigarette,0 days,Did not smoke cigarettes,FALSE
771795,2007,Did not ride a bicycle,NA,Yes,15 or 16 years old,0 days,Did not smoke cigarettes,NA
114965,1993,Never wore a helmet,NA,No,Never smoked a cigarette,0 days,Did not smoke cigarettes,NA
334145,1999,Never wore a helmet,NA,No,Never smoked a cigarette,0 days,Did not smoke cigarettes,NA
330174,1999,Did not ride a bicycle,NA,NA,NA,0 days,Did not smoke cigarettes,NA
1316350,2013,Did not ride a bicycle,0 days,No,Never smoked a cigarette,0 days,Did not smoke cigarettes,FALSE
773715,2007,Rarely wore a helmet,NA,No,Never smoked a cigarette,0 days,Did not smoke cigarettes,NA
771898,2007,Never wore a helmet,NA,No,Never smoked a cigarette,0 days,Did not smoke cigarettes,NA
1107142,2011,Never wore a helmet,NA,Yes,11 or 12 years old,0 days,Did not smoke cigarettes,FALSE
1313429,2013,Did not ride a bicycle,I did not drive the past 30 days,No,Never smoked a cigarette,0 days,Did not smoke cigarettes,FALSE
1107458,2011,Rarely wore a helmet,NA,Yes,9 or 10 years old,All 30 days,11 to 20 cigarettes,FALSE
1305673,2013,Did not ride a bicycle,I did not drive the past 30 days,No,Never smoked a cigarette,0 days,Did not smoke cigarettes,FALSE
640727,2005,Sometimes wore a helmet,NA,No,Never smoked a cigarette,0 days,Did not smoke cigarettes,NA
403328,2001,Never wore a helmet,NA,No,Never smoked a cigarette,0 days,Did not smoke cigarettes,NA
33905,1991,Never wore a helmet,NA,No,Never smoked a cigarette,0 days,Did not smoke cigarettes,NA
123053,1993,Never wore a helmet,NA,Yes,17 years old or older,6 to 9 days,2 to 5 cigarettes,NA
1102336,2011,Did not ride a bicycle,NA,No,Never smoked a cigarette,0 days,Did not smoke cigarettes,FALSE
181848,1995,Always wore a helmet,NA,No,Never smoked a cigarette,0 days,Did not smoke cigarettes,NA
396235,2001,Never wore a helmet,NA,Yes,8 years old or younger,0 days,Did not smoke cigarettes,NA
189192,1995,Did not ride a bicycle,NA,No,Never smoked a cigarette,0 days,Did not smoke cigarettes,NA
404622,2001,Did not ride a bicycle,NA,No,Never smoked a cigarette,0 days,Did not smoke cigarettes,NA
267817,1997,Never wore a helmet,NA,Yes,Never smoked a cigarette,0 days,Did not smoke cigarettes,NA
396892,2001,Never wore a helmet,NA,Yes,13 or 14 years old,0 days,Did not smoke cigarettes,NA
761197,2007,Rarely wore a helmet,NA,Yes,15 or 16 years old,NA,NA,NA
119872,1993,Never wore a helmet,NA,Yes,11 or 12 years old,0 days,Did not smoke cigarettes,NA
35529,1991,Never wore a helmet,NA,NA,NA,NA,NA,NA
768888,2007,Never wore a helmet,NA,Yes,15 or 16 years old,NA,NA,NA
36010,1991,Never wore a helmet,NA,No,Never smoked a cigarette,0 days,Did not smoke cigarettes,NA
323812,1999,Never wore a helmet,NA,No,Never smoked a cigarette,0 days,Did not smoke cigarettes,NA
770189,2007,Never wore a helmet,NA,Yes,15 or 16 years old,0 days,Did not smoke cigarettes,NA
109375,1993,Never wore a helmet,NA,Yes,13 or 14 years old,0 days,Did not smoke cigarettes,NA
400565,2001,Never wore a helmet,NA,Yes,13 or 14 years old,20 to 29 days,2 to 5 cigarettes,NA
121927,1993,Did not ride a bicycle,NA,Yes,11 or 12 years old,10 to 19 days,2 to 5 cigarettes,NA
106965,1993,Never wore a helmet,NA,Yes,13 or 14 years old,1 or 2 days,Less than 1 cigarette,NA
513862,2003,Never wore a helmet,NA,No,Never smoked a cigarette,0 days,Did not smoke cigarettes,NA
37311,1991,Did not ride a bicycle,NA,No,Never smoked a cigarette,0 days,Did not smoke cigarettes,NA
931916,2009,Always wore a helmet,NA,No,Never smoked a cigarette,0 days,Did not smoke cigarettes,FALSE
1095164,2011,NA,NA,Yes,13 or 14 years old,6 to 9 days,1 cigarette,NA
326281,1999,Never wore a helmet,NA,Yes,NA,NA,NA,NA
41776,1991,Never wore a helmet,NA,No,Never smoked a cigarette,0 days,Did not smoke cigarettes,NA
502708,2003,Sometimes wore a helmet,NA,No,Never smoked a cigarette,0 days,Did not smoke cigarettes,NA
323299,1999,Always wore a helmet,NA,No,Never smoked a cigarette,0 days,Did not smoke cigarettes,NA
401313,2001,Never wore a helmet,NA,NA,15 or 16 years old,0 days,Did not smoke cigarettes,NA
266921,1997,Never wore a helmet,NA,Yes,13 or 14 years old,0 days,Did not smoke cigarettes,NA
636789,2005,Sometimes wore a helmet,NA,No,Never smoked a cigarette,0 days,Did not smoke cigarettes,NA
763192,2007,Never wore a helmet,NA,No,Never smoked a cigarette,0 days,Did not smoke cigarettes,NA
261289,1997,Never wore a helmet,NA,Yes,11 or 12 years old,3 to 5 days,1 cigarette,NA
1107426,2011,Did not ride a bicycle,NA,Yes,Never smoked a cigarette,0 days,Did not smoke cigarettes,FALSE
321551,1999,Never wore a helmet,NA,No,Never smoked a cigarette,0 days,Did not smoke cigarettes,NA
409177,2001,Never wore a helmet,NA,No,Never smoked a cigarette,0 days,Did not smoke cigarettes,NA
185161,1995,Sometimes wore a helmet,NA,Yes,17 years old or older,0 days,Did not smoke cigarettes,NA
256855,1997,Did not ride a bicycle,NA,Yes,13 or 14 years old,0 days,Did not smoke cigarettes,NA
258053,1997,NA,NA,Yes,11 or 12 years old,All 30 days,2 to 5 cigarettes,NA
271462,1997,Sometimes wore a helmet,NA,Yes,15 or 16 years old,3 to 5 days,Less than 1 cigarette,NA
1105657,2011,Never wore a helmet,NA,Yes,Never smoked a cigarette,0 days,Did not smoke cigarettes,TRUE
264862,1997,Never wore a helmet,NA,No,Never smoked a cigarette,0 days,Did not smoke cigarettes,NA
263537,1997,Always wore a helmet,NA,Yes,17 years old or older,0 days,Did not smoke cigarettes,NA
405753,2001,Did not ride a bicycle,NA,Yes,13 or 14 years old,0 days,Did not smoke cigarettes,NA
1102953,2011,NA,NA,NA,Never smoked a cigarette,0 days,Did not smoke cigarettes,NA
770243,2007,Did not ride a bicycle,NA,Yes,13 or 14 years old,All 30 days,2 to 5 cigarettes,NA
42402,1991,Did not ride a bicycle,NA,No,Never smoked a cigarette,0 days,Did not smoke cigarettes,NA
407240,2001,Never wore a helmet,NA,Yes,Never smoked a cigarette,0 days,Did not smoke cigarettes,NA
109423,1993,Never wore a helmet,NA,Yes,13 or 14 years old,20 to 29 days,6 to 10 cigarettes,NA
500422,2003,Never wore a helmet,NA,No,Never smoked a cigarette,0 days,Did not smoke cigarettes,NA
189103,1995,Did not ride a bicycle,NA,Yes,15 or 16 years old,0 days,Did not smoke cigarettes,NA
507372,2003,Never wore a helmet,NA,No,Never smoked a cigarette,0 days,Did not smoke cigarettes,NA
931706,2009,Most of the time wore a helmet,NA,No,Never smoked a cigarette,0 days,Did not smoke cigarettes,FALSE
629947,2005,Did not ride a bicycle,NA,NA,NA,0 days,Did not smoke cigarettes,NA
773762,2007,Always wore a helmet,NA,Yes,Never smoked a cigarette,0 days,Did not smoke cigarettes,NA
107057,1993,Never wore a helmet,NA,No,Never smoked a cigarette,0 days,Did not smoke cigarettes,NA
335276,1999,Never wore a helmet,NA,Yes,13 or 14 years old,0 days,Did not smoke cigarettes,NA
926746,2009,Did not ride a bicycle,NA,Yes,13 or 14 years old,1 or 2 days,Less than 1 cigarette,FALSE
631579,2005,Never wore a helmet,NA,NA,Never smoked a cigarette,0 days,NA,NA
1310198,2013,Never wore a helmet,0 days,Yes,8 years old or younger,0 days,Did not smoke cigarettes,TRUE
181040,1995,Never wore a helmet,NA,Yes,11 or 12 years old,0 days,Did not smoke cigarettes,NA
767679,2007,Never wore a helmet,NA,No,Never smoked a cigarette,0 days,Did not smoke cigarettes,NA
1313081,2013,Never wore a helmet,I did not drive the past 30 days,Yes,13 or 14 years old,0 days,Did not smoke cigarettes,FALSE
34060,1991,Never wore a helmet,NA,No,Never smoked a cigarette,0 days,Did not smoke cigarettes,NA
1104668,2011,Sometimes wore a helmet,NA,No,Never smoked a cigarette,0 days,Did not smoke cigarettes,FALSE
507420,2003,Sometimes wore a helmet,NA,Yes,9 or 10 years old,0 days,Did not smoke cigarettes,NA
1312146,2013,Did not ride a bicycle,I did not drive the past 30 days,Yes,13 or 14 years old,0 days,Did not smoke cigarettes,FALSE
115186,1993,Did not ride a bicycle,NA,Yes,NA,NA,Less than 1 cigarette,NA
628970,2005,Never wore a helmet,NA,No,Never smoked a cigarette,0 days,Did not smoke cigarettes,NA
936697,2009,Never wore a helmet,NA,Yes,15 or 16 years old,1 or 2 days,1 cigarette,TRUE
513813,2003,Never wore a helmet,NA,Yes,17 years old or older,0 days,Did not smoke cigarettes,NA
112922,1993,Did not ride a bicycle,NA,Yes,NA,All 30 days,2 to 5 cigarettes,NA
1313531,2013,Never wore a helmet,0 days,No,Never smoked a cigarette,0 days,Did not smoke cigarettes,TRUE
499425,2003,Never wore a helmet,NA,Yes,11 or 12 years old,0 days,Did not smoke cigarettes,NA
928976,2009,Sometimes wore a helmet,NA,Yes,13 or 14 years old,NA,1 cigarette,FALSE
261937,1997,Never wore a helmet,NA,NA,Never smoked a cigarette,0 days,Did not smoke cigarettes,NA
1316525,2013,Never wore a helmet,0 days,No,Never smoked a cigarette,0 days,Did not smoke cigarettes,FALSE
181706,1995,Sometimes wore a helmet,NA,No,Never smoked a cigarette,0 days,Did not smoke cigarettes,NA
406156,2001,Never wore a helmet,NA,Yes,15 or 16 years old,0 days,Did not smoke cigarettes,NA
186651,1995,Never wore a helmet,NA,No,Never smoked a cigarette,0 days,Did not smoke cigarettes,NA
638666,2005,Never wore a helmet,NA,No,Never smoked a cigarette,0 days,Did not smoke cigarettes,NA
36153,1991,Never wore a helmet,NA,NA,NA,0 days,Did not smoke cigarettes,NA
628719,2005,Did not ride a bicycle,NA,Yes,13 or 14 years old,All 30 days,1 cigarette,NA
632195,2005,Rarely wore a helmet,NA,Yes,15 or 16 years old,0 days,Did not smoke cigarettes,NA
184555,1995,Did not ride a bicycle,NA,No,Never smoked a cigarette,0 days,Did not smoke cigarettes,NA
32951,1991,Did not ride a bicycle,NA,Yes,8 years old or younger,0 days,Did not smoke cigarettes,NA
1104935,2011,Never wore a helmet,NA,Yes,15 or 16 years old,20 to 29 days,1 cigarette,FALSE
504314,2003,Rarely wore a helmet,NA,No,Never smoked a cigarette,0 days,Did not smoke cigarettes,NA
511771,2003,Did not ride a bicycle,NA,No,Never smoked a cigarette,0 days,Did not smoke cigarettes,NA
188222,1995,Never wore a helmet,NA,NA,Never smoked a cigarette,0 days,Did not smoke cigarettes,NA
1096702,2011,Never wore a helmet,NA,No,Never smoked a cigarette,0 days,Did not smoke cigarettes,TRUE
935462,2009,Never wore a helmet,NA,Yes,11 or 12 years old,0 days,Did not smoke cigarettes,TRUE
403824,2001,Did not ride a bicycle,NA,Yes,11 or 12 years old,10 to 19 days,2 to 5 cigarettes,NA
120243,1993,Never wore a helmet,NA,No,Never smoked a cigarette,0 days,Did not smoke cigarettes,NA
922285,2009,Never wore a helmet,NA,Yes,11 or 12 years old,3 to 5 days,Less than 1 cigarette,FALSE
115024,1993,Never wore a helmet,NA,Yes,11 or 12 years old,1 or 2 days,1 cigarette,NA
329096,1999,Never wore a helmet,NA,Yes,Never smoked a cigarette,3 to 5 days,Less than 1 cigarette,NA
1311498,2013,Never wore a helmet,I did not drive the past 30 days,Yes,13 or 14 years old,10 to 19 days,2 to 5 cigarettes,TRUE
266096,1997,Most of the time wore a helmet,NA,No,Never smoked a cigarette,0 days,Did not smoke cigarettes,NA
407171,2001,Did not ride a bicycle,NA,Yes,Never smoked a cigarette,0 days,Did not smoke cigarettes,NA
931614,2009,Never wore a helmet,NA,Yes,Never smoked a cigarette,0 days,Did not smoke cigarettes,FALSE
323764,1999,Always wore a helmet,NA,Yes,8 years old or younger,All 30 days,More than 20 cigarettes,NA
1307835,2013,Most of the time wore a helmet,0 days,No,Never smoked a cigarette,0 days,Did not smoke cigarettes,FALSE
504381,2003,Sometimes wore a helmet,NA,No,Never smoked a cigarette,0 days,Did not smoke cigarettes,NA
506367,2003,Did not ride a bicycle,NA,Yes,15 or 16 years old,1 or 2 days,Less than 1 cigarette,NA
184907,1995,Did not ride a bicycle,NA,Yes,13 or 14 years old,All 30 days,11 to 20 cigarettes,NA
258545,1997,Never wore a helmet,NA,Yes,13 or 14 years old,NA,NA,NA
1311528,2013,Rarely wore a helmet,I did not drive the past 30 days,No,Never smoked a cigarette,0 days,Did not smoke cigarettes,FALSE
180945,1995,Never wore a helmet,NA,Yes,Never smoked a cigarette,0 days,Did not smoke cigarettes,NA
629127,2005,Did not ride a bicycle,NA,Yes,NA,0 days,Did not smoke cigarettes,NA
323486,1999,Always wore a helmet,NA,No,Never smoked a cigarette,0 days,Did not smoke cigarettes,NA
333764,1999,Did not ride a bicycle,NA,No,Never smoked a cigarette,0 days,Did not smoke cigarettes,NA
505646,2003,Did not ride a bicycle,NA,Yes,17 years old or older,0 days,Did not smoke cigarettes,NA
405305,2001,Did not ride a bicycle,NA,Yes,9 or 10 years old,All 30 days,11 to 20 cigarettes,NA
931341,2009,Never wore a helmet,NA,Yes,13 or 14 years old,1 or 2 days,Less than 1 cigarette,FALSE
1311135,2013,Did not ride a bicycle,NA,No,Never smoked a cigarette,0 days,Did not smoke cigarettes,TRUE
1312045,2013,Never wore a helmet,0 days,Yes,15 or 16 years old,NA,NA,FALSE
403842,2001,Never wore a helmet,NA,Yes,9 or 10 years old,0 days,Did not smoke cigarettes,NA
121990,1993,Did not ride a bicycle,NA,Yes,15 or 16 years old,1 or 2 days,Less than 1 cigarette,NA
326578,1999,Did not ride a bicycle,NA,Yes,15 or 16 years old,0 days,Did not smoke cigarettes,NA
638145,2005,Never wore a helmet,NA,No,Never smoked a cigarette,0 days,Did not smoke cigarettes,NA
36708,1991,Did not ride a bicycle,NA,No,Never smoked a cigarette,0 days,Did not smoke cigarettes,NA
1315155,2013,Never wore a helmet,0 days,Yes,Never smoked a cigarette,0 days,Did not smoke cigarettes,FALSE
634530,2005,Most of the time wore a helmet,NA,No,Never smoked a cigarette,0 days,Did not smoke cigarettes,NA
257274,1997,Did not ride a bicycle,NA,No,Never smoked a cigarette,0 days,Did not smoke cigarettes,NA
630966,2005,Never wore a helmet,NA,No,Never smoked a cigarette,0 days,Did not smoke cigarettes,NA
265076,1997,Never wore a helmet,NA,Yes,13 or 14 years old,1 or 2 days,1 cigarette,NA
181545,1995,NA,NA,No,Never smoked a cigarette,0 days,Did not smoke cigarettes,NA
764643,2007,Never wore a helmet,NA,Yes,Never smoked a cigarette,0 days,Did not smoke cigarettes,NA
189434,1995,Did not ride a bicycle,NA,Yes,8 years old or younger,0 days,Did not smoke cigarettes,NA
766591,2007,Rarely wore a helmet,NA,No,Never smoked a cigarette,0 days,Did not smoke cigarettes,NA
1105578,2011,Did not ride a bicycle,NA,No,Never smoked a cigarette,0 days,Did not smoke cigarettes,TRUE
1105759,2011,Never wore a helmet,NA,No,Never smoked a cigarette,0 days,Did not smoke cigarettes,FALSE
933633,2009,Never wore a helmet,NA,No,Never smoked a cigarette,0 days,Did not smoke cigarettes,FALSE
120034,1993,Never wore a helmet,NA,No,Never smoked a cigarette,0 days,Did not smoke cigarettes,NA
409726,2001,Never wore a helmet,NA,Yes,Never smoked a cigarette,0 days,Did not smoke cigarettes,NA
190648,1995,Did not ride a bicycle,NA,Yes,9 or 10 years old,0 days,Did not smoke cigarettes,NA
255837,1997,Did not ride a bicycle,NA,No,Never smoked a cigarette,0 days,Did not smoke cigarettes,NA
118479,1993,Never wore a helmet,NA,Yes,Never smoked a cigarette,0 days,Did not smoke cigarettes,NA
185430,1995,Never wore a helmet,NA,Yes,15 or 16 years old,0 days,Did not smoke cigarettes,NA
930588,2009,Never wore a helmet,NA,No,Never smoked a cigarette,0 days,Did not smoke cigarettes,FALSE
185884,1995,Never wore a helmet,NA,No,Never smoked a cigarette,0 days,Did not smoke cigarettes,NA
266433,1997,Did not ride a bicycle,NA,Yes,11 or 12 years old,0 days,Did not smoke cigarettes,NA
1306783,2013,Never wore a helmet,1 or 2 days,No,Never smoked a cigarette,0 days,Did not smoke cigarettes,FALSE
639969,2005,Never wore a helmet,NA,No,Never smoked a cigarette,0 days,Did not smoke cigarettes,NA
30708,1991,Never wore a helmet,NA,No,Never smoked a cigarette,0 days,Did not smoke cigarettes,NA
771871,2007,NA,NA,Yes,NA,NA,NA,NA
37265,1991,Did not ride a bicycle,NA,No,Never smoked a cigarette,0 days,Did not smoke cigarettes,NA
636186,2005,Never wore a helmet,NA,No,Never smoked a cigarette,0 days,Did not smoke cigarettes,NA
332496,1999,Never wore a helmet,NA,Yes,15 or 16 years old,NA,NA,NA
930389,2009,Never wore a helmet,NA,Yes,8 years old or younger,All 30 days,More than 20 cigarettes,TRUE
935659,2009,Rarely wore a helmet,NA,No,Never smoked a cigarette,0 days,Did not smoke cigarettes,FALSE
768921,2007,Did not ride a bicycle,NA,Yes,15 or 16 years old,1 or 2 days,Less than 1 cigarette,NA
925241,2009,Never wore a helmet,NA,No,Never smoked a cigarette,0 days,Did not smoke cigarettes,FALSE
501507,2003,NA,NA,Yes,15 or 16 years old,1 or 2 days,1 cigarette,NA
1098773,2011,Rarely wore a helmet,NA,Yes,Never smoked a cigarette,0 days,Did not smoke cigarettes,TRUE
256327,1997,Rarely wore a helmet,NA,NA,Never smoked a cigarette,0 days,Did not smoke cigarettes,NA
764122,2007,Most of the time wore a helmet,NA,No,Never smoked a cigarette,0 days,Did not smoke cigarettes,NA
1309449,2013,Never wore a helmet,I did not drive the past 30 days,Yes,17 years old or older,1 or 2 days,Less than 1 cigarette,FALSE
935518,2009,Did not ride a bicycle,NA,Yes,9 or 10 years old,10 to 19 days,Less than 1 cigarette,FALSE
499699,2003,Did not ride a bicycle,NA,No,Never smoked a cigarette,0 days,Did not smoke cigarettes,NA
188918,1995,Never wore a helmet,NA,No,Never smoked a cigarette,0 days,Did not smoke cigarettes,NA
404289,2001,Did not ride a bicycle,NA,Yes,Never smoked a cigarette,0 days,Did not smoke cigarettes,NA
402608,2001,Never wore a helmet,NA,Yes,8 years old or younger,All 30 days,More than 20 cigarettes,NA
1103959,2011,Did not ride a bicycle,NA,No,Never smoked a cigarette,0 days,Did not smoke cigarettes,FALSE
629353,2005,Never wore a helmet,NA,Yes,13 or 14 years old,0 days,Did not smoke cigarettes,NA
182146,1995,Rarely wore a helmet,NA,NA,15 or 16 years old,NA,NA,NA
188226,1995,Never wore a helmet,NA,No,Never smoked a cigarette,0 days,Did not smoke cigarettes,NA
507012,2003,Did not ride a bicycle,NA,No,Never smoked a cigarette,0 days,Did not smoke cigarettes,NA
111416,1993,Never wore a helmet,NA,Yes,9 or 10 years old,1 or 2 days,1 cigarette,NA
640473,2005,Never wore a helmet,NA,No,Never smoked a cigarette,0 days,Did not smoke cigarettes,NA
1303533,2013,NA,I did not drive the past 30 days,Yes,Never smoked a cigarette,0 days,Did not smoke cigarettes,FALSE
406398,2001,Rarely wore a helmet,NA,Yes,13 or 14 years old,10 to 19 days,2 to 5 cigarettes,NA
1307913,2013,NA,0 days,Yes,15 or 16 years old,0 days,Did not smoke cigarettes,FALSE
265738,1997,Rarely wore a helmet,NA,No,Never smoked a cigarette,0 days,Did not smoke cigarettes,NA
768745,2007,Did not ride a bicycle,NA,Yes,9 or 10 years old,1 or 2 days,NA,NA
41838,1991,Did not ride a bicycle,NA,Yes,9 or 10 years old,0 days,Did not smoke cigarettes,NA
1306005,2013,Never wore a helmet,I did not drive the past 30 days,No,Never smoked a cigarette,0 days,Did not smoke cigarettes,FALSE
331548,1999,Sometimes wore a helmet,NA,Yes,15 or 16 years old,1 or 2 days,Less than 1 cigarette,NA
1306923,2013,Never wore a helmet,3 to 5 days,Yes,NA,1 or 2 days,Less than 1 cigarette,FALSE
503668,2003,Never wore a helmet,NA,Yes,11 or 12 years old,0 days,Did not smoke cigarettes,NA
264575,1997,Never wore a helmet,NA,Yes,11 or 12 years old,0 days,Did not smoke cigarettes,NA
401860,2001,Never wore a helmet,NA,No,Never smoked a cigarette,0 days,Did not smoke cigarettes,NA
407624,2001,Never wore a helmet,NA,No,Never smoked a cigarette,0 days,Did not smoke cigarettes,NA
507939,2003,Did not ride a bicycle,NA,Yes,13 or 14 years old,1 or 2 days,Less than 1 cigarette,NA
1104374,2011,Did not ride a bicycle,NA,Yes,13 or 14 years old,10 to 19 days,1 cigarette,FALSE
401404,2001,Did not ride a bicycle,NA,Yes,13 or 14 years old,0 days,Did not smoke cigarettes,NA
499328,2003,Never wore a helmet,NA,NA,NA,NA,NA,NA
107767,1993,Never wore a helmet,NA,Yes,13 or 14 years old,NA,1 cigarette,NA
936625,2009,Rarely wore a helmet,NA,No,Never smoked a cigarette,0 days,Did not smoke cigarettes,FALSE
770777,2007,NA,NA,No,Never smoked a cigarette,0 days,Did not smoke cigarettes,NA
113628,1993,Did not ride a bicycle,NA,Yes,13 or 14 years old,0 days,Did not smoke cigarettes,NA
107712,1993,Never wore a helmet,NA,No,Never smoked a cigarette,0 days,Did not smoke cigarettes,NA
500787,2003,Rarely wore a helmet,NA,Yes,9 or 10 years old,0 days,Did not smoke cigarettes,NA
1099158,2011,Never wore a helmet,NA,Yes,17 years old or older,3 to 5 days,1 cigarette,FALSE
325825,1999,Never wore a helmet,NA,No,Never smoked a cigarette,0 days,Did not smoke cigarettes,NA
407409,2001,Never wore a helmet,NA,Yes,13 or 14 years old,1 or 2 days,Less than 1 cigarette,NA
641584,2005,Never wore a helmet,NA,Yes,Never smoked a cigarette,NA,NA,NA
1103719,2011,Never wore a helmet,NA,Yes,13 or 14 years old,NA,NA,TRUE
109293,1993,Rarely wore a helmet,NA,No,Never smoked a cigarette,0 days,Did not smoke cigarettes,NA
502019,2003,Never wore a helmet,NA,No,Never smoked a cigarette,0 days,Did not smoke cigarettes,NA
120351,1993,Did not ride a bicycle,NA,No,Never smoked a cigarette,0 days,Did not smoke cigarettes,NA
183950,1995,Did not ride a bicycle,NA,No,Never smoked a cigarette,0 days,Did not smoke cigarettes,NA
182590,1995,Did not ride a bicycle,NA,Yes,15 or 16 years old,All 30 days,6 to 10 cigarettes,NA
936653,2009,Never wore a helmet,NA,Yes,15 or 16 years old,0 days,Did not smoke cigarettes,FALSE
271199,1997,Did not ride a bicycle,NA,Yes,17 years old or older,1 or 2 days,1 cigarette,NA
638742,2005,Did not ride a bicycle,NA,NA,15 or 16 years old,0 days,NA,NA
333721,1999,Never wore a helmet,NA,NA,NA,0 days,Did not smoke cigarettes,NA
184187,1995,Never wore a helmet,NA,No,Never smoked a cigarette,0 days,Did not smoke cigarettes,NA
631039,2005,Never wore a helmet,NA,Yes,13 or 14 years old,0 days,Did not smoke cigarettes,NA
185889,1995,Never wore a helmet,NA,No,Never smoked a cigarette,0 days,Did not smoke cigarettes,NA
923930,2009,Never wore a helmet,NA,Yes,11 or 12 years old,0 days,Did not smoke cigarettes,TRUE
40951,1991,Did not ride a bicycle,NA,No,Never smoked a cigarette,0 days,Did not smoke cigarettes,NA
1096523,2011,NA,NA,NA,Never smoked a cigarette,0 days,Did not smoke cigarettes,FALSE
506700,2003,Did not ride a bicycle,NA,Yes,Never smoked a cigarette,0 days,Did not smoke cigarettes,NA
121961,1993,Never wore a helmet,NA,Yes,Never smoked a cigarette,0 days,Did not smoke cigarettes,NA
115881,1993,Did not ride a bicycle,NA,No,Never smoked a cigarette,0 days,Did not smoke cigarettes,NA
772078,2007,Did not ride a bicycle,NA,No,Never smoked a cigarette,0 days,Did not smoke cigarettes,NA
41161,1991,Did not ride a bicycle,NA,No,Never smoked a cigarette,0 days,Did not smoke cigarettes,NA
1313642,2013,Never wore a helmet,1 or 2 days,No,Never smoked a cigarette,0 days,Did not smoke cigarettes,FALSE
120265,1993,Never wore a helmet,NA,No,Never smoked a cigarette,0 days,Did not smoke cigarettes,NA
635398,2005,Never wore a helmet,NA,Yes,9 or 10 years old,All 30 days,6 to 10 cigarettes,NA
1310780,2013,Never wore a helmet,I did not drive the past 30 days,Yes,Never smoked a cigarette,0 days,Did not smoke cigarettes,TRUE
1098167,2011,Always wore a helmet,NA,No,Never smoked a cigarette,0 days,Did not smoke cigarettes,TRUE
265319,1997,Never wore a helmet,NA,Yes,15 or 16 years old,10 to 19 days,2 to 5 cigarettes,NA
181052,1995,Never wore a helmet,NA,No,Never smoked a cigarette,0 days,Did not smoke cigarettes,NA
1097978,2011,Did not ride a bicycle,NA,Yes,8 years old or younger,All 30 days,More than 20 cigarettes,TRUE
115213,1993,Never wore a helmet,NA,No,Never smoked a cigarette,0 days,Did not smoke cigarettes,NA
636602,2005,Never wore a helmet,NA,No,Never smoked a cigarette,0 days,Did not smoke cigarettes,NA
637968,2005,Never wore a helmet,NA,No,NA,0 days,NA,NA
34467,1991,Never wore a helmet,NA,No,Never smoked a cigarette,0 days,Did not smoke cigarettes,NA
113805,1993,Never wore a helmet,NA,No,Never smoked a cigarette,0 days,Did not smoke cigarettes,NA
180482,1995,NA,NA,Yes,8 years old or younger,NA,NA,NA
188985,1995,Never wore a helmet,NA,Yes,15 or 16 years old,1 or 2 days,Less than 1 cigarette,NA
187703,1995,Never wore a helmet,NA,Yes,11 or 12 years old,0 days,Did not smoke cigarettes,NA
507025,2003,Did not ride a bicycle,NA,Yes,Never smoked a cigarette,0 days,Did not smoke cigarettes,NA
35742,1991,NA,NA,Yes,Never smoked a cigarette,0 days,Did not smoke cigarettes,NA
502895,2003,NA,NA,No,Never smoked a cigarette,0 days,Did not smoke cigarettes,NA
512859,2003,Never wore a helmet,NA,No,Never smoked a cigarette,0 days,Did not smoke cigarettes,NA
110142,1993,Never wore a helmet,NA,No,Never smoked a cigarette,0 days,Did not smoke cigarettes,NA
188344,1995,Never wore a helmet,NA,NA,9 or 10 years old,0 days,Did not smoke cigarettes,NA
118668,1993,Never wore a helmet,NA,Yes,11 or 12 years old,0 days,Did not smoke cigarettes,NA
499999,2003,Never wore a helmet,NA,NA,NA,NA,Did not smoke cigarettes,NA
331211,1999,Did not ride a bicycle,NA,No,Never smoked a cigarette,0 days,Did not smoke cigarettes,NA
1097438,2011,Did not ride a bicycle,NA,Yes,11 or 12 years old,0 days,Did not smoke cigarettes,FALSE
761485,2007,Never wore a helmet,NA,NA,NA,0 days,Did not smoke cigarettes,NA
760482,2007,Never wore a helmet,NA,Yes,11 or 12 years old,6 to 9 days,2 to 5 cigarettes,NA
114959,1993,Never wore a helmet,NA,Yes,Never smoked a cigarette,0 days,Did not smoke cigarettes,NA
334334,1999,Sometimes wore a helmet,NA,Yes,15 or 16 years old,0 days,Did not smoke cigarettes,NA
509063,2003,Always wore a helmet,NA,Yes,15 or 16 years old,0 days,Did not smoke cigarettes,NA
1102379,2011,Did not ride a bicycle,NA,No,Never smoked a cigarette,0 days,Did not smoke cigarettes,TRUE
403944,2001,Never wore a helmet,NA,Yes,11 or 12 years old,0 days,Did not smoke cigarettes,NA
33003,1991,Did not ride a bicycle,NA,Yes,15 or 16 years old,1 or 2 days,6 to 10 cigarettes,NA
332240,1999,Never wore a helmet,NA,No,Never smoked a cigarette,0 days,Did not smoke cigarettes,NA
1101220,2011,Did not ride a bicycle,NA,Yes,17 years old or older,1 or 2 days,Less than 1 cigarette,FALSE
638385,2005,Did not ride a bicycle,NA,Yes,Never smoked a cigarette,0 days,Did not smoke cigarettes,NA
771978,2007,Did not ride a bicycle,NA,Yes,Never smoked a cigarette,0 days,Did not smoke cigarettes,NA
1096020,2011,Did not ride a bicycle,NA,Yes,11 or 12 years old,NA,NA,FALSE
1102608,2011,Never wore a helmet,NA,Yes,11 or 12 years old,0 days,Did not smoke cigarettes,FALSE
330362,1999,Never wore a helmet,NA,Yes,Never smoked a cigarette,0 days,Did not smoke cigarettes,NA
766189,2007,Never wore a helmet,NA,Yes,Never smoked a cigarette,0 days,Did not smoke cigarettes,NA
322882,1999,Did not ride a bicycle,NA,Yes,13 or 14 years old,0 days,Did not smoke cigarettes,NA
510109,2003,Most of the time wore a helmet,NA,Yes,Never smoked a cigarette,0 days,Did not smoke cigarettes,NA
401531,2001,Sometimes wore a helmet,NA,NA,NA,0 days,Did not smoke cigarettes,NA
513055,2003,Most of the time wore a helmet,NA,Yes,15 or 16 years old,1 or 2 days,Less than 1 cigarette,NA
113595,1993,Never wore a helmet,NA,No,Never smoked a cigarette,0 days,Did not smoke cigarettes,NA
327666,1999,Never wore a helmet,NA,Yes,8 years old or younger,All 30 days,6 to 10 cigarettes,NA
632730,2005,Never wore a helmet,NA,No,Never smoked a cigarette,0 days,Did not smoke cigarettes,NA
1098964,2011,Never wore a helmet,NA,NA,NA,0 days,Did not smoke cigarettes,FALSE
120888,1993,Never wore a helmet,NA,No,Never smoked a cigarette,0 days,Did not smoke cigarettes,NA
40707,1991,Never wore a helmet,NA,Yes,15 or 16 years old,1 or 2 days,Less than 1 cigarette,NA
335828,1999,Rarely wore a helmet,NA,Yes,Never smoked a cigarette,0 days,Did not smoke cigarettes,NA
41242,1991,Did not ride a bicycle,NA,Yes,Never smoked a cigarette,0 days,Did not smoke cigarettes,NA
106974,1993,Never wore a helmet,NA,Yes,11 or 12 years old,1 or 2 days,Less than 1 cigarette,NA
1102029,2011,Did not ride a bicycle,NA,NA,Never smoked a cigarette,0 days,NA,FALSE
329974,1999,Always wore a helmet,NA,Yes,13 or 14 years old,0 days,Did not smoke cigarettes,NA
927695,2009,Most of the time wore a helmet,NA,No,Never smoked a cigarette,0 days,Did not smoke cigarettes,FALSE
1310997,2013,Did not ride a bicycle,0 days,Yes,13 or 14 years old,0 days,Did not smoke cigarettes,FALSE
1304099,2013,Never wore a helmet,0 days,Yes,Never smoked a cigarette,0 days,Did not smoke cigarettes,TRUE
397701,2001,Sometimes wore a helmet,NA,Yes,13 or 14 years old,0 days,Did not smoke cigarettes,NA
641184,2005,Rarely wore a helmet,NA,No,Never smoked a cigarette,0 days,Did not smoke cigarettes,NA
506503,2003,Never wore a helmet,NA,Yes,11 or 12 years old,6 to 9 days,2 to 5 cigarettes,NA
401502,2001,Sometimes wore a helmet,NA,No,Never smoked a cigarette,0 days,Did not smoke cigarettes,NA
509766,2003,Did not ride a bicycle,NA,Yes,11 or 12 years old,3 to 5 days,Less than 1 cigarette,NA
762494,2007,NA,NA,No,Never smoked a cigarette,0 days,Did not smoke cigarettes,NA
331866,1999,Never wore a helmet,NA,No,Never smoked a cigarette,0 days,Did not smoke cigarettes,NA
503799,2003,Never wore a helmet,NA,Yes,15 or 16 years old,0 days,Did not smoke cigarettes,NA
268600,1997,Did not ride a bicycle,NA,Yes,Never smoked a cigarette,NA,NA,NA
115302,1993,Did not ride a bicycle,NA,No,Never smoked a cigarette,0 days,Did not smoke cigarettes,NA
1307730,2013,Never wore a helmet,I did not drive the past 30 days,Yes,15 or 16 years old,1 or 2 days,Less than 1 cigarette,FALSE
503570,2003,Always wore a helmet,NA,No,Never smoked a cigarette,0 days,Did not smoke cigarettes,NA
36643,1991,Did not ride a bicycle,NA,No,Never smoked a cigarette,0 days,Did not smoke cigarettes,NA
763010,2007,Did not ride a bicycle,NA,No,Never smoked a cigarette,0 days,Did not smoke cigarettes,NA
933432,2009,Never wore a helmet,NA,No,Never smoked a cigarette,0 days,Did not smoke cigarettes,FALSE
1102184,2011,Did not ride a bicycle,NA,NA,Never smoked a cigarette,0 days,NA,TRUE
934183,2009,Never wore a helmet,NA,No,Never smoked a cigarette,0 days,Did not smoke cigarettes,FALSE
270778,1997,NA,NA,No,Never smoked a cigarette,0 days,Did not smoke cigarettes,NA
770605,2007,Never wore a helmet,NA,No,Never smoked a cigarette,0 days,Did not smoke cigarettes,NA
931898,2009,Did not ride a bicycle,NA,No,Never smoked a cigarette,0 days,Did not smoke cigarettes,FALSE
511856,2003,Did not ride a bicycle,NA,Yes,15 or 16 years old,0 days,Did not smoke cigarettes,NA
188168,1995,Did not ride a bicycle,NA,Yes,15 or 16 years old,NA,NA,NA
499446,2003,Never wore a helmet,NA,No,Never smoked a cigarette,0 days,Did not smoke cigarettes,NA
255794,1997,Rarely wore a helmet,NA,Yes,Never smoked a cigarette,0 days,Did not smoke cigarettes,NA
766854,2007,Rarely wore a helmet,NA,Yes,15 or 16 years old,1 or 2 days,2 to 5 cigarettes,NA
1094864,2011,Did not ride a bicycle,NA,No,Never smoked a cigarette,0 days,Did not smoke cigarettes,FALSE
185054,1995,Did not ride a bicycle,NA,NA,NA,0 days,Did not smoke cigarettes,NA
108569,1993,Did not ride a bicycle,NA,No,Never smoked a cigarette,0 days,Did not smoke cigarettes,NA
630342,2005,Sometimes wore a helmet,NA,Yes,15 or 16 years old,1 or 2 days,Less than 1 cigarette,NA
396556,2001,Did not ride a bicycle,NA,No,Never smoked a cigarette,0 days,Did not smoke cigarettes,NA
500848,2003,Never wore a helmet,NA,Yes,8 years old or younger,All 30 days,More than 20 cigarettes,NA
321981,1999,Rarely wore a helmet,NA,No,Never smoked a cigarette,0 days,Did not smoke cigarettes,NA
258425,1997,NA,NA,Yes,11 or 12 years old,NA,NA,NA
502659,2003,Did not ride a bicycle,NA,Yes,8 years old or younger,All 30 days,More than 20 cigarettes,NA
934495,2009,Sometimes wore a helmet,NA,No,Never smoked a cigarette,0 days,Did not smoke cigarettes,TRUE
1108136,2011,NA,NA,NA,Never smoked a cigarette,0 days,Did not smoke cigarettes,FALSE
929722,2009,Never wore a helmet,NA,NA,NA,NA,NA,FALSE
509874,2003,Did not ride a bicycle,NA,Yes,11 or 12 years old,0 days,Did not smoke cigarettes,NA
397765,2001,Always wore a helmet,NA,Yes,13 or 14 years old,0 days,Did not smoke cigarettes,NA
264967,1997,Did not ride a bicycle,NA,No,Never smoked a cigarette,0 days,Did not smoke cigarettes,NA
329786,1999,Never wore a helmet,NA,Yes,13 or 14 years old,10 to 19 days,2 to 5 cigarettes,NA
1314434,2013,NA,10 to 19 days,Yes,13 or 14 years old,0 days,Did not smoke cigarettes,TRUE
1311196,2013,Did not ride a bicycle,NA,No,Never smoked a cigarette,0 days,Did not smoke cigarettes,TRUE
34155,1991,Never wore a helmet,NA,No,Never smoked a cigarette,0 days,Did not smoke cigarettes,NA
1102422,2011,Never wore a helmet,NA,No,Never smoked a cigarette,0 days,Did not smoke cigarettes,FALSE
189453,1995,Never wore a helmet,NA,Yes,11 or 12 years old,All 30 days,6 to 10 cigarettes,NA
774092,2007,Did not ride a bicycle,NA,Yes,17 years old or older,1 or 2 days,1 cigarette,NA
508277,2003,Never wore a helmet,NA,Yes,9 or 10 years old,1 or 2 days,1 cigarette,NA
122902,1993,Never wore a helmet,NA,Yes,15 or 16 years old,0 days,Did not smoke cigarettes,NA
1313754,2013,Never wore a helmet,0 days,Yes,15 or 16 years old,0 days,Did not smoke cigarettes,FALSE
41406,1991,Did not ride a bicycle,NA,No,Never smoked a cigarette,0 days,Did not smoke cigarettes,NA
502216,2003,Most of the time wore a helmet,NA,No,Never smoked a cigarette,0 days,Did not smoke cigarettes,NA
255679,1997,Never wore a helmet,NA,Yes,13 or 14 years old,0 days,Did not smoke cigarettes,NA
265208,1997,Did not ride a bicycle,NA,No,Never smoked a cigarette,0 days,Did not smoke cigarettes,NA
34065,1991,Never wore a helmet,NA,No,Never smoked a cigarette,0 days,Did not smoke cigarettes,NA
405979,2001,Did not ride a bicycle,NA,No,Never smoked a cigarette,0 days,Did not smoke cigarettes,NA
119447,1993,Never wore a helmet,NA,Yes,11 or 12 years old,0 days,Did not smoke cigarettes,NA
1313640,2013,Never wore a helmet,I did not drive the past 30 days,No,Never smoked a cigarette,0 days,Did not smoke cigarettes,FALSE
38720,1991,Never wore a helmet,NA,Yes,15 or 16 years old,1 or 2 days,Less than 1 cigarette,NA
631729,2005,Did not ride a bicycle,NA,No,Never smoked a cigarette,0 days,Did not smoke cigarettes,NA
1305173,2013,Never wore a helmet,I did not drive the past 30 days,Yes,Never smoked a cigarette,0 days,Did not smoke cigarettes,FALSE
406120,2001,Did not ride a bicycle,NA,Yes,Never smoked a cigarette,0 days,Did not smoke cigarettes,NA
1109623,2011,Most of the time wore a helmet,NA,Yes,17 years old or older,1 or 2 days,1 cigarette,FALSE
505917,2003,NA,NA,Yes,8 years old or younger,10 to 19 days,1 cigarette,NA
771812,2007,Rarely wore a helmet,NA,Yes,Never smoked a cigarette,0 days,Did not smoke cigarettes,NA
188008,1995,Never wore a helmet,NA,No,Never smoked a cigarette,0 days,Did not smoke cigarettes,NA
1312847,2013,Did not ride a bicycle,I did not drive the past 30 days,Yes,13 or 14 years old,0 days,Did not smoke cigarettes,FALSE
638241,2005,Did not ride a bicycle,NA,Yes,Never smoked a cigarette,0 days,Did not smoke cigarettes,NA
639995,2005,Did not ride a bicycle,NA,NA,8 years old or younger,0 days,NA,NA
508117,2003,Did not ride a bicycle,NA,No,Never smoked a cigarette,0 days,Did not smoke cigarettes,NA
36948,1991,Never wore a helmet,NA,No,Never smoked a cigarette,0 days,Did not smoke cigarettes,NA
632600,2005,Never wore a helmet,NA,Yes,11 or 12 years old,0 days,Did not smoke cigarettes,NA
321730,1999,Most of the time wore a helmet,NA,Yes,Never smoked a cigarette,0 days,Did not smoke cigarettes,NA
632827,2005,Never wore a helmet,NA,Yes,11 or 12 years old,10 to 19 days,2 to 5 cigarettes,NA
928883,2009,Did not ride a bicycle,NA,Yes,Never smoked a cigarette,0 days,Did not smoke cigarettes,TRUE
1103185,2011,Did not ride a bicycle,NA,No,Never smoked a cigarette,0 days,Did not smoke cigarettes,FALSE
771461,2007,NA,NA,Yes,Never smoked a cigarette,0 days,NA,NA
115798,1993,Never wore a helmet,NA,Yes,NA,NA,Less than 1 cigarette,NA
397196,2001,Never wore a helmet,NA,No,Never smoked a cigarette,0 days,Did not smoke cigarettes,NA
264053,1997,Never wore a helmet,NA,No,Never smoked a cigarette,NA,NA,NA
326145,1999,Did not ride a bicycle,NA,Yes,Never smoked a cigarette,0 days,Did not smoke cigarettes,NA
257429,1997,Did not ride a bicycle,NA,No,Never smoked a cigarette,0 days,Did not smoke cigarettes,NA
1097716,2011,NA,NA,Yes,13 or 14 years old,All 30 days,1 cigarette,FALSE
399544,2001,NA,NA,Yes,15 or 16 years old,0 days,Did not smoke cigarettes,NA
113765,1993,Did not ride a bicycle,NA,No,Never smoked a cigarette,0 days,Did not smoke cigarettes,NA
409301,2001,Never wore a helmet,NA,No,Never smoked a cigarette,0 days,Did not smoke cigarettes,NA
184841,1995,Never wore a helmet,NA,No,Never smoked a cigarette,0 days,Did not smoke cigarettes,NA
500945,2003,Did not ride a bicycle,NA,No,Never smoked a cigarette,0 days,Did not smoke cigarettes,NA
185369,1995,Never wore a helmet,NA,Yes,8 years old or younger,20 to 29 days,11 to 20 cigarettes,NA
927427,2009,Did not ride a bicycle,NA,No,Never smoked a cigarette,0 days,Did not smoke cigarettes,FALSE
31532,1991,Did not ride a bicycle,NA,No,Never smoked a cigarette,0 days,Did not smoke cigarettes,NA
35399,1991,Never wore a helmet,NA,Yes,Never smoked a cigarette,0 days,Did not smoke cigarettes,NA
1094750,2011,Sometimes wore a helmet,NA,No,Never smoked a cigarette,0 days,Did not smoke cigarettes,TRUE
503564,2003,Always wore a helmet,NA,No,Never smoked a cigarette,0 days,Did not smoke cigarettes,NA
120918,1993,Did not ride a bicycle,NA,Yes,13 or 14 years old,All 30 days,Less than 1 cigarette,NA
1099088,2011,Never wore a helmet,NA,Yes,15 or 16 years old,All 30 days,6 to 10 cigarettes,FALSE
935900,2009,Never wore a helmet,NA,Yes,13 or 14 years old,0 days,Did not smoke cigarettes,TRUE
763989,2007,Did not ride a bicycle,NA,No,Never smoked a cigarette,0 days,Did not smoke cigarettes,NA
773960,2007,Never wore a helmet,NA,Yes,15 or 16 years old,6 to 9 days,2 to 5 cigarettes,NA
183642,1995,Did not ride a bicycle,NA,Yes,17 years old or older,0 days,Did not smoke cigarettes,NA
1094966,2011,Never wore a helmet,NA,No,Never smoked a cigarette,0 days,Did not smoke cigarettes,FALSE
1312301,2013,Did not ride a bicycle,0 days,Yes,13 or 14 years old,0 days,Did not smoke cigarettes,TRUE
1107187,2011,Did not ride a bicycle,NA,Yes,15 or 16 years old,NA,NA,FALSE
639674,2005,Did not ride a bicycle,NA,No,Never smoked a cigarette,0 days,Did not smoke cigarettes,NA
33593,1991,Never wore a helmet,NA,No,Never smoked a cigarette,0 days,Did not smoke cigarettes,NA
268566,1997,Never wore a helmet,NA,No,Never smoked a cigarette,0 days,Did not smoke cigarettes,NA
107686,1993,Never wore a helmet,NA,No,Never smoked a cigarette,0 days,Did not smoke cigarettes,NA
1095418,2011,Never wore a helmet,NA,No,NA,0 days,Did not smoke cigarettes,FALSE
256668,1997,Never wore a helmet,NA,No,Never smoked a cigarette,0 days,Did not smoke cigarettes,NA
934642,2009,Never wore a helmet,NA,No,Never smoked a cigarette,0 days,Did not smoke cigarettes,TRUE
1307220,2013,Never wore a helmet,0 days,Yes,Never smoked a cigarette,0 days,Did not smoke cigarettes,FALSE
402983,2001,Did not ride a bicycle,NA,Yes,11 or 12 years old,3 to 5 days,2 to 5 cigarettes,NA
929239,2009,Never wore a helmet,NA,Yes,15 or 16 years old,0 days,Did not smoke cigarettes,FALSE
329945,1999,Did not ride a bicycle,NA,No,Never smoked a cigarette,0 days,Did not smoke cigarettes,NA
1097249,2011,Did not ride a bicycle,NA,Yes,9 or 10 years old,10 to 19 days,2 to 5 cigarettes,FALSE
400713,2001,Did not ride a bicycle,NA,Yes,Never smoked a cigarette,0 days,Did not smoke cigarettes,NA
322427,1999,Rarely wore a helmet,NA,Yes,9 or 10 years old,0 days,Did not smoke cigarettes,NA
634544,2005,Most of the time wore a helmet,NA,Yes,13 or 14 years old,All 30 days,2 to 5 cigarettes,NA
631370,2005,Did not ride a bicycle,NA,Yes,13 or 14 years old,10 to 19 days,2 to 5 cigarettes,NA
1311564,2013,Never wore a helmet,I did not drive the past 30 days,No,Never smoked a cigarette,0 days,Did not smoke cigarettes,FALSE
122238,1993,Never wore a helmet,NA,Yes,15 or 16 years old,0 days,Did not smoke cigarettes,NA
1105558,2011,Did not ride a bicycle,NA,Yes,15 or 16 years old,1 or 2 days,Less than 1 cigarette,FALSE
325861,1999,Never wore a helmet,NA,Yes,11 or 12 years old,3 to 5 days,1 cigarette,NA
258244,1997,Never wore a helmet,NA,No,Never smoked a cigarette,0 days,Did not smoke cigarettes,NA
1103349,2011,Never wore a helmet,NA,No,Never smoked a cigarette,0 days,Did not smoke cigarettes,FALSE
265206,1997,Never wore a helmet,NA,No,Never smoked a cigarette,0 days,Did not smoke cigarettes,NA
639002,2005,Never wore a helmet,NA,No,Never smoked a cigarette,0 days,Did not smoke cigarettes,NA
632387,2005,Rarely wore a helmet,NA,No,Never smoked a cigarette,0 days,Did not smoke cigarettes,NA
1099060,2011,Did not ride a bicycle,NA,Yes,17 years old or older,10 to 19 days,1 cigarette,FALSE
181070,1995,Never wore a helmet,NA,Yes,13 or 14 years old,10 to 19 days,2 to 5 cigarettes,NA
925419,2009,Did not ride a bicycle,NA,No,Never smoked a cigarette,0 days,Did not smoke cigarettes,FALSE
761659,2007,Did not ride a bicycle,NA,Yes,Never smoked a cigarette,0 days,Did not smoke cigarettes,NA
114951,1993,Rarely wore a helmet,NA,NA,NA,NA,NA,NA
1099079,2011,NA,NA,Yes,13 or 14 years old,1 or 2 days,1 cigarette,FALSE
185251,1995,Never wore a helmet,NA,No,Never smoked a cigarette,0 days,Did not smoke cigarettes,NA
114968,1993,Never wore a helmet,NA,No,Never smoked a cigarette,0 days,Did not smoke cigarettes,NA
924415,2009,Never wore a helmet,NA,No,Never smoked a cigarette,0 days,Did not smoke cigarettes,NA
39403,1991,Never wore a helmet,NA,No,Never smoked a cigarette,0 days,Did not smoke cigarettes,NA
327648,1999,Did not ride a bicycle,NA,Yes,15 or 16 years old,All 30 days,2 to 5 cigarettes,NA
183479,1995,Did not ride a bicycle,NA,Yes,15 or 16 years old,0 days,Did not smoke cigarettes,NA
40928,1991,Did not ride a bicycle,NA,Yes,13 or 14 years old,0 days,Did not smoke cigarettes,NA
402968,2001,Always wore a helmet,NA,No,Never smoked a cigarette,0 days,Did not smoke cigarettes,NA
321622,1999,Never wore a helmet,NA,Yes,9 or 10 years old,0 days,Did not smoke cigarettes,NA
501933,2003,Never wore a helmet,NA,Yes,13 or 14 years old,3 to 5 days,2 to 5 cigarettes,NA
1108245,2011,NA,NA,NA,Never smoked a cigarette,0 days,Did not smoke cigarettes,FALSE
187060,1995,Rarely wore a helmet,NA,Yes,Never smoked a cigarette,0 days,Did not smoke cigarettes,NA
936640,2009,Did not ride a bicycle,NA,No,Never smoked a cigarette,0 days,Did not smoke cigarettes,FALSE
1103307,2011,Did not ride a bicycle,NA,No,Never smoked a cigarette,0 days,Did not smoke cigarettes,FALSE
187103,1995,Rarely wore a helmet,NA,Yes,Never smoked a cigarette,0 days,Did not smoke cigarettes,NA
326946,1999,Never wore a helmet,NA,Yes,13 or 14 years old,0 days,Did not smoke cigarettes,NA
513344,2003,Did not ride a bicycle,NA,No,Never smoked a cigarette,0 days,Did not smoke cigarettes,NA
765577,2007,Never wore a helmet,NA,No,Never smoked a cigarette,0 days,Did not smoke cigarettes,NA
934352,2009,Sometimes wore a helmet,NA,No,Never smoked a cigarette,0 days,Did not smoke cigarettes,FALSE
182769,1995,Did not ride a bicycle,NA,Yes,Never smoked a cigarette,0 days,Did not smoke cigarettes,NA
762335,2007,Never wore a helmet,NA,No,Never smoked a cigarette,0 days,Did not smoke cigarettes,NA
333805,1999,Did not ride a bicycle,NA,No,Never smoked a cigarette,0 days,Did not smoke cigarettes,NA
324025,1999,Never wore a helmet,NA,Yes,15 or 16 years old,0 days,Did not smoke cigarettes,NA
1096692,2011,NA,NA,NA,Never smoked a cigarette,0 days,Did not smoke cigarettes,NA
937610,2009,Did not ride a bicycle,NA,No,Never smoked a cigarette,0 days,Did not smoke cigarettes,FALSE
503332,2003,Never wore a helmet,NA,Yes,8 years old or younger,3 to 5 days,1 cigarette,NA
333637,1999,Never wore a helmet,NA,Yes,Never smoked a cigarette,0 days,Did not smoke cigarettes,NA
1314830,2013,Rarely wore a helmet,NA,Yes,15 or 16 years old,3 to 5 days,Less than 1 cigarette,TRUE
269118,1997,Never wore a helmet,NA,No,Never smoked a cigarette,0 days,Did not smoke cigarettes,NA
396686,2001,Did not ride a bicycle,NA,No,Never smoked a cigarette,0 days,Did not smoke cigarettes,NA
638060,2005,Did not ride a bicycle,NA,No,Never smoked a cigarette,0 days,Did not smoke cigarettes,NA
263164,1997,Did not ride a bicycle,NA,No,Never smoked a cigarette,0 days,Did not smoke cigarettes,NA
183557,1995,Never wore a helmet,NA,Yes,9 or 10 years old,All 30 days,2 to 5 cigarettes,NA
930447,2009,Never wore a helmet,NA,No,Never smoked a cigarette,0 days,Did not smoke cigarettes,TRUE
1308289,2013,Never wore a helmet,All 30 days,No,Never smoked a cigarette,0 days,Did not smoke cigarettes,FALSE
404298,2001,Never wore a helmet,NA,NA,NA,0 days,Did not smoke cigarettes,NA
109341,1993,Sometimes wore a helmet,NA,NA,NA,NA,NA,NA
109883,1993,Sometimes wore a helmet,NA,No,Never smoked a cigarette,0 days,Did not smoke cigarettes,NA
119815,1993,Did not ride a bicycle,NA,Yes,13 or 14 years old,All 30 days,6 to 10 cigarettes,NA
1098880,2011,Rarely wore a helmet,NA,NA,Never smoked a cigarette,NA,NA,FALSE
769971,2007,Never wore a helmet,NA,Yes,15 or 16 years old,1 or 2 days,Less than 1 cigarette,NA
1101175,2011,Never wore a helmet,NA,Yes,13 or 14 years old,0 days,Did not smoke cigarettes,FALSE
399417,2001,Never wore a helmet,NA,Yes,9 or 10 years old,All 30 days,More than 20 cigarettes,NA
330552,1999,Did not ride a bicycle,NA,No,Never smoked a cigarette,0 days,Did not smoke cigarettes,NA
327214,1999,Never wore a helmet,NA,No,Never smoked a cigarette,0 days,Did not smoke cigarettes,NA
500551,2003,Never wore a helmet,NA,NA,NA,0 days,Did not smoke cigarettes,NA
634289,2005,Never wore a helmet,NA,No,Never smoked a cigarette,0 days,Did not smoke cigarettes,NA
115865,1993,Rarely wore a helmet,NA,No,Never smoked a cigarette,0 days,Did not smoke cigarettes,NA
324232,1999,Never wore a helmet,NA,No,Never smoked a cigarette,0 days,Did not smoke cigarettes,NA
182574,1995,Never wore a helmet,NA,No,Never smoked a cigarette,0 days,Did not smoke cigarettes,NA
262561,1997,Never wore a helmet,NA,Yes,13 or 14 years old,All 30 days,6 to 10 cigarettes,NA
512771,2003,Never wore a helmet,NA,No,Never smoked a cigarette,0 days,Did not smoke cigarettes,NA
117640,1993,Did not ride a bicycle,NA,Yes,Never smoked a cigarette,0 days,Did not smoke cigarettes,NA
773804,2007,Never wore a helmet,NA,Yes,8 years old or younger,NA,NA,NA
500155,2003,Rarely wore a helmet,NA,No,Never smoked a cigarette,0 days,Did not smoke cigarettes,NA
926933,2009,Never wore a helmet,NA,Yes,15 or 16 years old,10 to 19 days,1 cigarette,FALSE
255698,1997,Always wore a helmet,NA,Yes,11 or 12 years old,0 days,Did not smoke cigarettes,NA
1099861,2011,Never wore a helmet,NA,No,Never smoked a cigarette,0 days,Did not smoke cigarettes,FALSE
633710,2005,Never wore a helmet,NA,Yes,11 or 12 years old,NA,NA,NA
31101,1991,Did not ride a bicycle,NA,Yes,Never smoked a cigarette,0 days,Did not smoke cigarettes,NA
329680,1999,Did not ride a bicycle,NA,Yes,9 or 10 years old,3 to 5 days,Less than 1 cigarette,NA
506470,2003,NA,NA,Yes,8 years old or younger,All 30 days,2 to 5 cigarettes,NA
1316462,2013,Did not ride a bicycle,20 to 29 days,Yes,11 or 12 years old,3 to 5 days,Less than 1 cigarette,FALSE
331692,1999,Never wore a helmet,NA,Yes,15 or 16 years old,6 to 9 days,1 cigarette,NA
632748,2005,Rarely wore a helmet,NA,No,Never smoked a cigarette,0 days,Did not smoke cigarettes,NA
1099248,2011,Did not ride a bicycle,NA,Yes,15 or 16 years old,6 to 9 days,6 to 10 cigarettes,TRUE
403494,2001,Never wore a helmet,NA,No,Never smoked a cigarette,0 days,Did not smoke cigarettes,NA
35432,1991,Rarely wore a helmet,NA,No,Never smoked a cigarette,0 days,Did not smoke cigarettes,NA
511883,2003,Did not ride a bicycle,NA,Yes,13 or 14 years old,1 or 2 days,1 cigarette,NA
628733,2005,Always wore a helmet,NA,No,Never smoked a cigarette,0 days,Did not smoke cigarettes,NA
1096582,2011,NA,NA,NA,Never smoked a cigarette,0 days,Did not smoke cigarettes,FALSE
112721,1993,Never wore a helmet,NA,Yes,Never smoked a cigarette,0 days,Did not smoke cigarettes,NA
268444,1997,Never wore a helmet,NA,No,Never smoked a cigarette,0 days,Did not smoke cigarettes,NA
1315877,2013,Never wore a helmet,NA,Yes,NA,0 days,NA,FALSE
938463,2009,NA,NA,No,Never smoked a cigarette,0 days,Did not smoke cigarettes,NA
108137,1993,Never wore a helmet,NA,No,Never smoked a cigarette,0 days,Did not smoke cigarettes,NA
34851,1991,Never wore a helmet,NA,Yes,9 or 10 years old,3 to 5 days,6 to 10 cigarettes,NA
40595,1991,NA,NA,No,Never smoked a cigarette,0 days,Did not smoke cigarettes,NA
1313232,2013,Never wore a helmet,1 or 2 days,No,Never smoked a cigarette,0 days,Did not smoke cigarettes,FALSE
508049,2003,Did not ride a bicycle,NA,Yes,13 or 14 years old,0 days,Did not smoke cigarettes,NA
1102288,2011,Never wore a helmet,NA,No,Never smoked a cigarette,0 days,Did not smoke cigarettes,FALSE
326032,1999,Sometimes wore a helmet,NA,No,Never smoked a cigarette,0 days,Did not smoke cigarettes,NA
767606,2007,Did not ride a bicycle,NA,No,Never smoked a cigarette,0 days,Did not smoke cigarettes,NA
407133,2001,Did not ride a bicycle,NA,No,Never smoked a cigarette,0 days,Did not smoke cigarettes,NA
1094616,2011,Never wore a helmet,NA,No,Never smoked a cigarette,0 days,Did not smoke cigarettes,FALSE
1098419,2011,Did not ride a bicycle,NA,NA,Never smoked a cigarette,0 days,NA,FALSE
396916,2001,Did not ride a bicycle,NA,Yes,9 or 10 years old,All 30 days,2 to 5 cigarettes,NA
396634,2001,Always wore a helmet,NA,No,Never smoked a cigarette,0 days,Did not smoke cigarettes,NA
501826,2003,Sometimes wore a helmet,NA,No,Never smoked a cigarette,0 days,Did not smoke cigarettes,NA
118152,1993,Did not ride a bicycle,NA,No,Never smoked a cigarette,0 days,Did not smoke cigarettes,NA
331668,1999,Never wore a helmet,NA,Yes,15 or 16 years old,1 or 2 days,Less than 1 cigarette,NA
405286,2001,Rarely wore a helmet,NA,Yes,13 or 14 years old,3 to 5 days,1 cigarette,NA
183635,1995,Never wore a helmet,NA,No,Never smoked a cigarette,0 days,Did not smoke cigarettes,NA
190486,1995,Did not ride a bicycle,NA,NA,11 or 12 years old,10 to 19 days,1 cigarette,NA
508445,2003,Never wore a helmet,NA,No,Never smoked a cigarette,0 days,Did not smoke cigarettes,NA
922838,2009,Did not ride a bicycle,NA,No,Never smoked a cigarette,0 days,Did not smoke cigarettes,FALSE
1109757,2011,Rarely wore a helmet,NA,Yes,17 years old or older,3 to 5 days,Less than 1 cigarette,TRUE
334025,1999,Never wore a helmet,NA,No,Never smoked a cigarette,0 days,Did not smoke cigarettes,NA
1310355,2013,Always wore a helmet,0 days,No,Never smoked a cigarette,0 days,Did not smoke cigarettes,FALSE
764138,2007,Rarely wore a helmet,NA,No,Never smoked a cigarette,0 days,Did not smoke cigarettes,NA
631205,2005,Most of the time wore a helmet,NA,Yes,13 or 14 years old,3 to 5 days,Less than 1 cigarette,NA
1107550,2011,Never wore a helmet,NA,Yes,13 or 14 years old,1 or 2 days,Less than 1 cigarette,FALSE
501843,2003,Did not ride a bicycle,NA,Yes,13 or 14 years old,All 30 days,2 to 5 cigarettes,NA
1103302,2011,Never wore a helmet,NA,Yes,13 or 14 years old,0 days,Did not smoke cigarettes,FALSE
31191,1991,Never wore a helmet,NA,Yes,9 or 10 years old,0 days,Did not smoke cigarettes,NA
330724,1999,Most of the time wore a helmet,NA,Yes,11 or 12 years old,0 days,Did not smoke cigarettes,NA
760643,2007,Rarely wore a helmet,NA,Yes,11 or 12 years old,0 days,Did not smoke cigarettes,NA
1304093,2013,Sometimes wore a helmet,I did not drive the past 30 days,No,Never smoked a cigarette,0 days,Did not smoke cigarettes,FALSE
1109386,2011,Never wore a helmet,NA,Yes,13 or 14 years old,All 30 days,6 to 10 cigarettes,FALSE
255688,1997,Never wore a helmet,NA,No,Never smoked a cigarette,0 days,Did not smoke cigarettes,NA
635162,2005,Never wore a helmet,NA,No,Never smoked a cigarette,0 days,Did not smoke cigarettes,NA
1304078,2013,Never wore a helmet,I did not drive the past 30 days,Yes,Never smoked a cigarette,0 days,Did not smoke cigarettes,FALSE
924189,2009,Never wore a helmet,NA,No,Never smoked a cigarette,0 days,Did not smoke cigarettes,TRUE
501384,2003,Sometimes wore a helmet,NA,NA,Never smoked a cigarette,0 days,NA,NA
1307589,2013,Never wore a helmet,3 to 5 days,Yes,Never smoked a cigarette,0 days,Did not smoke cigarettes,FALSE
334199,1999,Did not ride a bicycle,NA,Yes,15 or 16 years old,0 days,Did not smoke cigarettes,NA
936969,2009,Did not ride a bicycle,NA,Yes,15 or 16 years old,All 30 days,6 to 10 cigarettes,TRUE
1102845,2011,NA,NA,NA,Never smoked a cigarette,0 days,Did not smoke cigarettes,NA
257292,1997,Never wore a helmet,NA,No,Never smoked a cigarette,0 days,Did not smoke cigarettes,NA
107945,1993,Never wore a helmet,NA,Yes,13 or 14 years old,6 to 9 days,2 to 5 cigarettes,NA
630202,2005,Rarely wore a helmet,NA,No,Never smoked a cigarette,0 days,Did not smoke cigarettes,NA
638279,2005,Did not ride a bicycle,NA,Yes,9 or 10 years old,0 days,Did not smoke cigarettes,NA
512122,2003,Did not ride a bicycle,NA,NA,NA,NA,NA,NA
107119,1993,Did not ride a bicycle,NA,No,Never smoked a cigarette,0 days,Did not smoke cigarettes,NA
1106322,2011,Never wore a helmet,NA,NA,Never smoked a cigarette,0 days,NA,FALSE
1105298,2011,Did not ride a bicycle,NA,Yes,15 or 16 years old,10 to 19 days,1 cigarette,FALSE
38827,1991,Never wore a helmet,NA,Yes,11 or 12 years old,0 days,Did not smoke cigarettes,NA
33736,1991,Rarely wore a helmet,NA,Yes,8 years old or younger,NA,NA,NA
1103884,2011,Did not ride a bicycle,NA,No,Never smoked a cigarette,0 days,Did not smoke cigarettes,FALSE
770305,2007,Did not ride a bicycle,NA,Yes,Never smoked a cigarette,0 days,Did not smoke cigarettes,NA
507043,2003,Rarely wore a helmet,NA,No,Never smoked a cigarette,0 days,Did not smoke cigarettes,NA
180563,1995,Rarely wore a helmet,NA,No,Never smoked a cigarette,0 days,Did not smoke cigarettes,NA
260749,1997,Sometimes wore a helmet,NA,Yes,Never smoked a cigarette,0 days,Did not smoke cigarettes,NA
503728,2003,Did not ride a bicycle,NA,No,Never smoked a cigarette,0 days,Did not smoke cigarettes,NA
185561,1995,Never wore a helmet,NA,Yes,15 or 16 years old,All 30 days,6 to 10 cigarettes,NA
258369,1997,Never wore a helmet,NA,Yes,Never smoked a cigarette,NA,NA,NA
399955,2001,Did not ride a bicycle,NA,Yes,13 or 14 years old,All 30 days,2 to 5 cigarettes,NA
629831,2005,Rarely wore a helmet,NA,Yes,11 or 12 years old,0 days,Did not smoke cigarettes,NA
119738,1993,Never wore a helmet,NA,Yes,15 or 16 years old,0 days,Did not smoke cigarettes,NA
1315294,2013,Never wore a helmet,0 days,No,Never smoked a cigarette,0 days,Did not smoke cigarettes,TRUE
32048,1991,Rarely wore a helmet,NA,No,Never smoked a cigarette,0 days,Did not smoke cigarettes,NA
1308994,2013,Did not ride a bicycle,3 to 5 days,No,NA,0 days,NA,FALSE
397638,2001,Never wore a helmet,NA,No,Never smoked a cigarette,0 days,Did not smoke cigarettes,NA
186934,1995,Did not ride a bicycle,NA,Yes,Never smoked a cigarette,0 days,Did not smoke cigarettes,NA
511473,2003,Did not ride a bicycle,NA,Yes,13 or 14 years old,0 days,Did not smoke cigarettes,NA
186598,1995,Never wore a helmet,NA,Yes,15 or 16 years old,0 days,Did not smoke cigarettes,NA
773584,2007,Did not ride a bicycle,NA,Yes,13 or 14 years old,3 to 5 days,2 to 5 cigarettes,NA
181709,1995,Most of the time wore a helmet,NA,Yes,Never smoked a cigarette,0 days,Did not smoke cigarettes,NA
397377,2001,Did not ride a bicycle,NA,Yes,9 or 10 years old,0 days,Did not smoke cigarettes,NA
322780,1999,Always wore a helmet,NA,No,Never smoked a cigarette,0 days,Did not smoke cigarettes,NA
30904,1991,Never wore a helmet,NA,No,Never smoked a cigarette,0 days,Did not smoke cigarettes,NA
1108599,2011,Never wore a helmet,NA,Yes,15 or 16 years old,3 to 5 days,Less than 1 cigarette,FALSE
330733,1999,Rarely wore a helmet,NA,Yes,15 or 16 years old,1 or 2 days,Less than 1 cigarette,NA
499281,2003,Did not ride a bicycle,NA,Yes,9 or 10 years old,All 30 days,11 to 20 cigarettes,NA
504456,2003,Rarely wore a helmet,NA,Yes,15 or 16 years old,All 30 days,2 to 5 cigarettes,NA
328090,1999,Never wore a helmet,NA,No,Never smoked a cigarette,0 days,Did not smoke cigarettes,NA
185338,1995,Did not ride a bicycle,NA,No,Never smoked a cigarette,0 days,Did not smoke cigarettes,NA
1316302,2013,Did not ride a bicycle,6 to 9 days,Yes,15 or 16 years old,0 days,Did not smoke cigarettes,FALSE
182482,1995,Did not ride a bicycle,NA,No,Never smoked a cigarette,0 days,Did not smoke cigarettes,NA
181788,1995,Did not ride a bicycle,NA,Yes,8 years old or younger,All 30 days,6 to 10 cigarettes,NA
937532,2009,Did not ride a bicycle,NA,Yes,13 or 14 years old,1 or 2 days,1 cigarette,FALSE
509763,2003,Did not ride a bicycle,NA,No,Never smoked a cigarette,0 days,Did not smoke cigarettes,NA
505919,2003,Did not ride a bicycle,NA,Yes,13 or 14 years old,0 days,Did not smoke cigarettes,NA
328023,1999,Never wore a helmet,NA,No,Never smoked a cigarette,0 days,Did not smoke cigarettes,NA
760670,2007,Never wore a helmet,NA,Yes,9 or 10 years old,0 days,Did not smoke cigarettes,NA
404069,2001,Rarely wore a helmet,NA,Yes,9 or 10 years old,10 to 19 days,1 cigarette,NA
265266,1997,Never wore a helmet,NA,No,Never smoked a cigarette,0 days,Did not smoke cigarettes,NA
404651,2001,Rarely wore a helmet,NA,Yes,13 or 14 years old,0 days,Did not smoke cigarettes,NA
499424,2003,Never wore a helmet,NA,Yes,13 or 14 years old,1 or 2 days,Less than 1 cigarette,NA
408928,2001,Rarely wore a helmet,NA,No,Never smoked a cigarette,0 days,Did not smoke cigarettes,NA
922603,2009,Never wore a helmet,NA,No,Never smoked a cigarette,0 days,Did not smoke cigarettes,TRUE
35659,1991,Did not ride a bicycle,NA,Yes,15 or 16 years old,1 or 2 days,2 to 5 cigarettes,NA
1303991,2013,Never wore a helmet,0 days,No,Never smoked a cigarette,0 days,Did not smoke cigarettes,TRUE
630135,2005,Most of the time wore a helmet,NA,Yes,13 or 14 years old,1 or 2 days,1 cigarette,NA
41234,1991,Never wore a helmet,NA,No,Never smoked a cigarette,0 days,Did not smoke cigarettes,NA
1105203,2011,Did not ride a bicycle,NA,No,Never smoked a cigarette,0 days,Did not smoke cigarettes,FALSE
36483,1991,Never wore a helmet,NA,No,Never smoked a cigarette,0 days,Did not smoke cigarettes,NA
41832,1991,Did not ride a bicycle,NA,Yes,17 years old or older,10 to 19 days,2 to 5 cigarettes,NA
1316649,2013,Did not ride a bicycle,I did not drive the past 30 days,No,Never smoked a cigarette,0 days,Did not smoke cigarettes,TRUE
322164,1999,Never wore a helmet,NA,Yes,11 or 12 years old,0 days,Did not smoke cigarettes,NA
184322,1995,Did not ride a bicycle,NA,No,Never smoked a cigarette,0 days,Did not smoke cigarettes,NA
1106121,2011,NA,NA,NA,Never smoked a cigarette,0 days,Did not smoke cigarettes,FALSE
271553,1997,Never wore a helmet,NA,Yes,Never smoked a cigarette,0 days,Did not smoke cigarettes,NA
323667,1999,Did not ride a bicycle,NA,Yes,13 or 14 years old,0 days,Did not smoke cigarettes,NA
186590,1995,Never wore a helmet,NA,Yes,13 or 14 years old,0 days,Did not smoke cigarettes,NA
1107382,2011,Rarely wore a helmet,NA,Yes,Never smoked a cigarette,0 days,Did not smoke cigarettes,FALSE
766932,2007,Never wore a helmet,NA,No,NA,0 days,NA,NA
1099860,2011,Never wore a helmet,NA,No,Never smoked a cigarette,0 days,Did not smoke cigarettes,FALSE
34059,1991,Never wore a helmet,NA,Yes,Never smoked a cigarette,0 days,Did not smoke cigarettes,NA
770907,2007,Did not ride a bicycle,NA,No,Never smoked a cigarette,0 days,Did not smoke cigarettes,NA
504245,2003,Sometimes wore a helmet,NA,Yes,13 or 14 years old,1 or 2 days,1 cigarette,NA
1109068,2011,Never wore a helmet,NA,No,Never smoked a cigarette,0 days,Did not smoke cigarettes,FALSE
1314393,2013,Rarely wore a helmet,0 days,No,Never smoked a cigarette,0 days,Did not smoke cigarettes,FALSE
111334,1993,Never wore a helmet,NA,No,Never smoked a cigarette,0 days,Did not smoke cigarettes,NA
768542,2007,Always wore a helmet,NA,No,Never smoked a cigarette,0 days,Did not smoke cigarettes,NA
1097255,2011,Sometimes wore a helmet,NA,No,Never smoked a cigarette,0 days,Did not smoke cigarettes,FALSE
1312390,2013,Never wore a helmet,20 to 29 days,Yes,Never smoked a cigarette,0 days,Did not smoke cigarettes,FALSE
256401,1997,Never wore a helmet,NA,No,Never smoked a cigarette,0 days,Did not smoke cigarettes,NA
1305764,2013,Rarely wore a helmet,0 days,Yes,11 or 12 years old,0 days,Did not smoke cigarettes,TRUE
767870,2007,Rarely wore a helmet,NA,No,Never smoked a cigarette,0 days,Did not smoke cigarettes,NA
111601,1993,Never wore a helmet,NA,Yes,9 or 10 years old,10 to 19 days,6 to 10 cigarettes,NA
108257,1993,Did not ride a bicycle,NA,Yes,15 or 16 years old,0 days,Did not smoke cigarettes,NA
1312386,2013,Did not ride a bicycle,0 days,No,Never smoked a cigarette,0 days,Did not smoke cigarettes,FALSE
36590,1991,Never wore a helmet,NA,Yes,Never smoked a cigarette,0 days,Did not smoke cigarettes,NA
260522,1997,Did not ride a bicycle,NA,Yes,11 or 12 years old,10 to 19 days,2 to 5 cigarettes,NA
405923,2001,Did not ride a bicycle,NA,No,Never smoked a cigarette,0 days,Did not smoke cigarettes,NA
641855,2005,Always wore a helmet,NA,Yes,Never smoked a cigarette,0 days,Did not smoke cigarettes,NA
332234,1999,Never wore a helmet,NA,NA,NA,NA,NA,NA
107531,1993,NA,NA,Yes,13 or 14 years old,0 days,Did not smoke cigarettes,NA
1313517,2013,Never wore a helmet,I did not drive the past 30 days,No,NA,0 days,NA,FALSE
114808,1993,Did not ride a bicycle,NA,No,Never smoked a cigarette,0 days,Did not smoke cigarettes,NA
632358,2005,Rarely wore a helmet,NA,Yes,13 or 14 years old,20 to 29 days,6 to 10 cigarettes,NA
1315373,2013,Did not ride a bicycle,I did not drive the past 30 days,No,Never smoked a cigarette,0 days,Did not smoke cigarettes,FALSE
115828,1993,Never wore a helmet,NA,Yes,15 or 16 years old,3 to 5 days,2 to 5 cigarettes,NA
408115,2001,Rarely wore a helmet,NA,No,Never smoked a cigarette,0 days,Did not smoke cigarettes,NA
334678,1999,Never wore a helmet,NA,No,NA,0 days,Did not smoke cigarettes,NA
397848,2001,Did not ride a bicycle,NA,Yes,13 or 14 years old,0 days,Did not smoke cigarettes,NA
326200,1999,Rarely wore a helmet,NA,No,Never smoked a cigarette,0 days,Did not smoke cigarettes,NA
264140,1997,Never wore a helmet,NA,No,Never smoked a cigarette,0 days,Did not smoke cigarettes,NA
256947,1997,Never wore a helmet,NA,No,Never smoked a cigarette,0 days,Did not smoke cigarettes,NA
115885,1993,Never wore a helmet,NA,Yes,9 or 10 years old,3 to 5 days,2 to 5 cigarettes,NA
928335,2009,Always wore a helmet,NA,No,Never smoked a cigarette,0 days,Did not smoke cigarettes,FALSE
107587,1993,Did not ride a bicycle,NA,Yes,8 years old or younger,1 or 2 days,2 to 5 cigarettes,NA
1101097,2011,Did not ride a bicycle,NA,Yes,15 or 16 years old,All 30 days,11 to 20 cigarettes,FALSE
509911,2003,Did not ride a bicycle,NA,Yes,11 or 12 years old,0 days,Did not smoke cigarettes,NA
266872,1997,Never wore a helmet,NA,Yes,8 years old or younger,0 days,Did not smoke cigarettes,NA
182536,1995,Never wore a helmet,NA,NA,NA,NA,NA,NA
325599,1999,Never wore a helmet,NA,No,Never smoked a cigarette,0 days,Did not smoke cigarettes,NA
327536,1999,Sometimes wore a helmet,NA,Yes,13 or 14 years old,0 days,Did not smoke cigarettes,NA
937734,2009,Never wore a helmet,NA,No,Never smoked a cigarette,0 days,Did not smoke cigarettes,FALSE
1308270,2013,Rarely wore a helmet,0 days,No,Never smoked a cigarette,0 days,Did not smoke cigarettes,FALSE
37983,1991,Did not ride a bicycle,NA,No,Never smoked a cigarette,0 days,Did not smoke cigarettes,NA
261152,1997,Did not ride a bicycle,NA,No,Never smoked a cigarette,0 days,Did not smoke cigarettes,NA
507050,2003,Always wore a helmet,NA,No,Never smoked a cigarette,0 days,Did not smoke cigarettes,NA
400079,2001,Did not ride a bicycle,NA,No,Never smoked a cigarette,0 days,Did not smoke cigarettes,NA
1316134,2013,Did not ride a bicycle,All 30 days,No,Never smoked a cigarette,0 days,Did not smoke cigarettes,FALSE
635180,2005,Never wore a helmet,NA,Yes,13 or 14 years old,1 or 2 days,2 to 5 cigarettes,NA
322097,1999,Never wore a helmet,NA,Yes,8 years old or younger,All 30 days,More than 20 cigarettes,NA
1303944,2013,Never wore a helmet,I did not drive the past 30 days,No,Never smoked a cigarette,0 days,Did not smoke cigarettes,FALSE
37323,1991,Never wore a helmet,NA,Yes,8 years old or younger,0 days,Did not smoke cigarettes,NA
511482,2003,Did not ride a bicycle,NA,No,Never smoked a cigarette,0 days,Did not smoke cigarettes,NA
637491,2005,Sometimes wore a helmet,NA,No,Never smoked a cigarette,0 days,Did not smoke cigarettes,NA
405017,2001,Rarely wore a helmet,NA,Yes,13 or 14 years old,20 to 29 days,2 to 5 cigarettes,NA
407496,2001,Never wore a helmet,NA,No,Never smoked a cigarette,0 days,Did not smoke cigarettes,NA
181858,1995,Did not ride a bicycle,NA,Yes,13 or 14 years old,6 to 9 days,2 to 5 cigarettes,NA
182725,1995,Never wore a helmet,NA,Yes,11 or 12 years old,6 to 9 days,Less than 1 cigarette,NA
642565,2005,Did not ride a bicycle,NA,Yes,15 or 16 years old,0 days,Did not smoke cigarettes,NA
1098651,2011,Did not ride a bicycle,NA,Yes,11 or 12 years old,1 or 2 days,2 to 5 cigarettes,TRUE
506218,2003,Always wore a helmet,NA,No,Never smoked a cigarette,0 days,Did not smoke cigarettes,NA
183122,1995,Never wore a helmet,NA,Yes,8 years old or younger,0 days,Did not smoke cigarettes,NA
187292,1995,Did not ride a bicycle,NA,No,Never smoked a cigarette,0 days,Did not smoke cigarettes,NA
936232,2009,Did not ride a bicycle,NA,No,Never smoked a cigarette,0 days,Did not smoke cigarettes,TRUE
111974,1993,Never wore a helmet,NA,No,Never smoked a cigarette,0 days,Did not smoke cigarettes,NA
1097246,2011,Never wore a helmet,NA,Yes,Never smoked a cigarette,0 days,Did not smoke cigarettes,FALSE
333147,1999,Never wore a helmet,NA,Yes,NA,0 days,Did not smoke cigarettes,NA
1107893,2011,Did not ride a bicycle,NA,Yes,13 or 14 years old,All 30 days,2 to 5 cigarettes,TRUE
1306574,2013,Never wore a helmet,0 days,Yes,15 or 16 years old,All 30 days,6 to 10 cigarettes,FALSE
1094575,2011,Never wore a helmet,NA,Yes,8 years old or younger,NA,More than 20 cigarettes,FALSE
630749,2005,Never wore a helmet,NA,Yes,9 or 10 years old,All 30 days,11 to 20 cigarettes,NA
629649,2005,Did not ride a bicycle,NA,Yes,11 or 12 years old,0 days,Did not smoke cigarettes,NA
264158,1997,Most of the time wore a helmet,NA,No,Never smoked a cigarette,0 days,Did not smoke cigarettes,NA
930366,2009,Did not ride a bicycle,NA,No,Never smoked a cigarette,0 days,Did not smoke cigarettes,FALSE
181606,1995,Did not ride a bicycle,NA,Yes,13 or 14 years old,0 days,Did not smoke cigarettes,NA
500069,2003,Most of the time wore a helmet,NA,No,Never smoked a cigarette,0 days,Did not smoke cigarettes,NA
30950,1991,Did not ride a bicycle,NA,Yes,13 or 14 years old,0 days,Did not smoke cigarettes,NA
333552,1999,Never wore a helmet,NA,Yes,13 or 14 years old,0 days,Did not smoke cigarettes,NA
188602,1995,Never wore a helmet,NA,No,Never smoked a cigarette,0 days,Did not smoke cigarettes,NA
113052,1993,Never wore a helmet,NA,Yes,Never smoked a cigarette,0 days,Did not smoke cigarettes,NA
257929,1997,Did not ride a bicycle,NA,Yes,11 or 12 years old,10 to 19 days,1 cigarette,NA
1097826,2011,NA,NA,No,Never smoked a cigarette,0 days,Did not smoke cigarettes,FALSE
263345,1997,Did not ride a bicycle,NA,No,Never smoked a cigarette,0 days,Did not smoke cigarettes,NA
190766,1995,Did not ride a bicycle,NA,Yes,Never smoked a cigarette,0 days,Did not smoke cigarettes,NA
118012,1993,Never wore a helmet,NA,Yes,Never smoked a cigarette,0 days,Did not smoke cigarettes,NA
32596,1991,Never wore a helmet,NA,No,Never smoked a cigarette,0 days,Did not smoke cigarettes,NA
931514,2009,Did not ride a bicycle,NA,No,Never smoked a cigarette,0 days,Did not smoke cigarettes,FALSE
42264,1991,Never wore a helmet,NA,No,Never smoked a cigarette,0 days,Did not smoke cigarettes,NA
506040,2003,Did not ride a bicycle,NA,Yes,9 or 10 years old,0 days,Did not smoke cigarettes,NA
926489,2009,Sometimes wore a helmet,NA,No,Never smoked a cigarette,0 days,Did not smoke cigarettes,TRUE
763754,2007,Did not ride a bicycle,NA,No,Never smoked a cigarette,0 days,Did not smoke cigarettes,NA
632840,2005,Never wore a helmet,NA,Yes,13 or 14 years old,20 to 29 days,2 to 5 cigarettes,NA
109726,1993,Never wore a helmet,NA,Yes,9 or 10 years old,0 days,Did not smoke cigarettes,NA
632950,2005,Did not ride a bicycle,NA,No,Never smoked a cigarette,0 days,Did not smoke cigarettes,NA
408039,2001,Did not ride a bicycle,NA,Yes,15 or 16 years old,0 days,Did not smoke cigarettes,NA
180540,1995,Never wore a helmet,NA,Yes,11 or 12 years old,NA,NA,NA
633441,2005,Sometimes wore a helmet,NA,No,Never smoked a cigarette,0 days,Did not smoke cigarettes,NA
188090,1995,Never wore a helmet,NA,Yes,13 or 14 years old,All 30 days,11 to 20 cigarettes,NA
1308062,2013,Rarely wore a helmet,0 days,NA,Never smoked a cigarette,NA,NA,FALSE
397984,2001,Rarely wore a helmet,NA,Yes,11 or 12 years old,0 days,Did not smoke cigarettes,NA
407647,2001,Did not ride a bicycle,NA,No,Never smoked a cigarette,0 days,Did not smoke cigarettes,NA
1098816,2011,Rarely wore a helmet,NA,No,Never smoked a cigarette,0 days,Did not smoke cigarettes,FALSE
116034,1993,Did not ride a bicycle,NA,No,Never smoked a cigarette,0 days,Did not smoke cigarettes,NA
183180,1995,Never wore a helmet,NA,NA,Never smoked a cigarette,0 days,Did not smoke cigarettes,NA
635544,2005,Most of the time wore a helmet,NA,No,Never smoked a cigarette,0 days,Did not smoke cigarettes,NA
1309923,2013,Did not ride a bicycle,10 to 19 days,Yes,15 or 16 years old,1 or 2 days,Less than 1 cigarette,FALSE
335583,1999,Did not ride a bicycle,NA,No,Never smoked a cigarette,0 days,Did not smoke cigarettes,NA
321652,1999,Never wore a helmet,NA,Yes,11 or 12 years old,3 to 5 days,1 cigarette,NA
766604,2007,Did not ride a bicycle,NA,No,NA,0 days,NA,NA
260159,1997,Never wore a helmet,NA,Yes,9 or 10 years old,All 30 days,6 to 10 cigarettes,NA
1108442,2011,NA,NA,NA,Never smoked a cigarette,0 days,Did not smoke cigarettes,NA
637026,2005,Never wore a helmet,NA,NA,NA,0 days,Did not smoke cigarettes,NA
189149,1995,Did not ride a bicycle,NA,Yes,Never smoked a cigarette,0 days,Did not smoke cigarettes,NA
1315223,2013,Did not ride a bicycle,All 30 days,No,Never smoked a cigarette,0 days,Did not smoke cigarettes,FALSE
1108352,2011,Never wore a helmet,NA,NA,Never smoked a cigarette,0 days,NA,TRUE
330225,1999,Sometimes wore a helmet,NA,Yes,13 or 14 years old,20 to 29 days,2 to 5 cigarettes,NA
925487,2009,Did not ride a bicycle,NA,Yes,Never smoked a cigarette,0 days,Did not smoke cigarettes,FALSE
1106118,2011,NA,NA,NA,11 or 12 years old,0 days,Did not smoke cigarettes,FALSE
256659,1997,Never wore a helmet,NA,Yes,Never smoked a cigarette,0 days,Did not smoke cigarettes,NA
108348,1993,Always wore a helmet,NA,No,Never smoked a cigarette,0 days,Did not smoke cigarettes,NA
504086,2003,Did not ride a bicycle,NA,Yes,11 or 12 years old,NA,NA,NA
1104610,2011,Always wore a helmet,NA,No,Never smoked a cigarette,0 days,Did not smoke cigarettes,TRUE
1304473,2013,Rarely wore a helmet,I did not drive the past 30 days,No,Never smoked a cigarette,0 days,Did not smoke cigarettes,FALSE
108634,1993,Did not ride a bicycle,NA,Yes,11 or 12 years old,0 days,Did not smoke cigarettes,NA
324572,1999,Did not ride a bicycle,NA,No,Never smoked a cigarette,0 days,Did not smoke cigarettes,NA
187718,1995,Rarely wore a helmet,NA,No,Never smoked a cigarette,0 days,Did not smoke cigarettes,NA
1102488,2011,Never wore a helmet,NA,No,Never smoked a cigarette,0 days,Did not smoke cigarettes,FALSE
39166,1991,Did not ride a bicycle,NA,Yes,13 or 14 years old,All 30 days,11 to 20 cigarettes,NA
1097733,2011,Never wore a helmet,NA,No,Never smoked a cigarette,0 days,Did not smoke cigarettes,FALSE
1309394,2013,Never wore a helmet,1 or 2 days,Yes,17 years old or older,10 to 19 days,1 cigarette,FALSE
396622,2001,Never wore a helmet,NA,No,Never smoked a cigarette,0 days,Did not smoke cigarettes,NA
929827,2009,Never wore a helmet,NA,NA,NA,0 days,Did not smoke cigarettes,FALSE
31785,1991,Did not ride a bicycle,NA,Yes,8 years old or younger,0 days,Did not smoke cigarettes,NA
630448,2005,Never wore a helmet,NA,NA,8 years old or younger,1 or 2 days,2 to 5 cigarettes,NA
1107556,2011,Never wore a helmet,NA,Yes,Never smoked a cigarette,0 days,Did not smoke cigarettes,FALSE
1105241,2011,Did not ride a bicycle,NA,Yes,13 or 14 years old,0 days,Did not smoke cigarettes,FALSE
761305,2007,Did not ride a bicycle,NA,Yes,Never smoked a cigarette,0 days,Did not smoke cigarettes,NA
37890,1991,Did not ride a bicycle,NA,Yes,13 or 14 years old,0 days,Did not smoke cigarettes,NA
36364,1991,Sometimes wore a helmet,NA,NA,NA,0 days,Did not smoke cigarettes,NA
111938,1993,Never wore a helmet,NA,No,Never smoked a cigarette,0 days,Did not smoke cigarettes,NA
402945,2001,Never wore a helmet,NA,Yes,Never smoked a cigarette,0 days,Did not smoke cigarettes,NA
397669,2001,Never wore a helmet,NA,No,Never smoked a cigarette,0 days,Did not smoke cigarettes,NA
631335,2005,Did not ride a bicycle,NA,No,Never smoked a cigarette,0 days,Did not smoke cigarettes,NA
1311594,2013,Never wore a helmet,I did not drive the past 30 days,No,Never smoked a cigarette,0 days,Did not smoke cigarettes,FALSE
32538,1991,Never wore a helmet,NA,No,Never smoked a cigarette,0 days,Did not smoke cigarettes,NA
181239,1995,Never wore a helmet,NA,No,Never smoked a cigarette,0 days,Did not smoke cigarettes,NA
115152,1993,Did not ride a bicycle,NA,Yes,13 or 14 years old,0 days,Did not smoke cigarettes,NA
119099,1993,Sometimes wore a helmet,NA,Yes,15 or 16 years old,0 days,Did not smoke cigarettes,NA
335589,1999,Never wore a helmet,NA,No,Never smoked a cigarette,0 days,Did not smoke cigarettes,NA
1308501,2013,Never wore a helmet,1 or 2 days,Yes,Never smoked a cigarette,0 days,Did not smoke cigarettes,FALSE
507096,2003,Never wore a helmet,NA,No,Never smoked a cigarette,0 days,Did not smoke cigarettes,NA
923421,2009,Never wore a helmet,NA,No,Never smoked a cigarette,0 days,Did not smoke cigarettes,TRUE
1304054,2013,Never wore a helmet,0 days,Yes,13 or 14 years old,3 to 5 days,1 cigarette,FALSE
330626,1999,Most of the time wore a helmet,NA,Yes,13 or 14 years old,10 to 19 days,1 cigarette,NA
330738,1999,Rarely wore a helmet,NA,Yes,11 or 12 years old,10 to 19 days,2 to 5 cigarettes,NA
499533,2003,Rarely wore a helmet,NA,No,Never smoked a cigarette,0 days,Did not smoke cigarettes,NA
639796,2005,Never wore a helmet,NA,Yes,Never smoked a cigarette,0 days,Did not smoke cigarettes,NA
765010,2007,Never wore a helmet,NA,Yes,8 years old or younger,0 days,Did not smoke cigarettes,NA
512776,2003,Rarely wore a helmet,NA,No,Never smoked a cigarette,0 days,Did not smoke cigarettes,NA
762832,2007,Did not ride a bicycle,NA,No,Never smoked a cigarette,0 days,Did not smoke cigarettes,NA
183409,1995,Never wore a helmet,NA,No,Never smoked a cigarette,0 days,Did not smoke cigarettes,NA
630936,2005,Never wore a helmet,NA,Yes,9 or 10 years old,NA,NA,NA
116960,1993,Did not ride a bicycle,NA,No,Never smoked a cigarette,0 days,Did not smoke cigarettes,NA
187673,1995,Never wore a helmet,NA,Yes,Never smoked a cigarette,0 days,Did not smoke cigarettes,NA
1097144,2011,Rarely wore a helmet,NA,Yes,15 or 16 years old,0 days,Did not smoke cigarettes,FALSE
762854,2007,Never wore a helmet,NA,NA,NA,0 days,Did not smoke cigarettes,NA
400478,2001,Never wore a helmet,NA,No,Never smoked a cigarette,0 days,Did not smoke cigarettes,NA
257828,1997,Never wore a helmet,NA,Yes,15 or 16 years old,1 or 2 days,1 cigarette,NA
1313884,2013,Never wore a helmet,0 days,No,Never smoked a cigarette,0 days,Did not smoke cigarettes,FALSE
640730,2005,Always wore a helmet,NA,Yes,17 years old or older,0 days,Did not smoke cigarettes,NA
404170,2001,Never wore a helmet,NA,No,Never smoked a cigarette,0 days,Did not smoke cigarettes,NA
396313,2001,Never wore a helmet,NA,Yes,13 or 14 years old,0 days,Did not smoke cigarettes,NA
770639,2007,Did not ride a bicycle,NA,Yes,8 years old or younger,1 or 2 days,6 to 10 cigarettes,NA
185003,1995,Did not ride a bicycle,NA,Yes,8 years old or younger,0 days,Did not smoke cigarettes,NA
1104695,2011,Never wore a helmet,NA,Yes,15 or 16 years old,NA,NA,FALSE
264493,1997,Never wore a helmet,NA,Yes,13 or 14 years old,NA,NA,NA
39753,1991,Never wore a helmet,NA,No,Never smoked a cigarette,0 days,Did not smoke cigarettes,NA
185502,1995,NA,NA,Yes,11 or 12 years old,3 to 5 days,Less than 1 cigarette,NA
922635,2009,Always wore a helmet,NA,No,Never smoked a cigarette,0 days,Did not smoke cigarettes,FALSE
762553,2007,NA,NA,No,Never smoked a cigarette,0 days,Did not smoke cigarettes,NA
1304022,2013,Never wore a helmet,I did not drive the past 30 days,Yes,Never smoked a cigarette,0 days,Did not smoke cigarettes,FALSE
189335,1995,Never wore a helmet,NA,Yes,13 or 14 years old,0 days,Did not smoke cigarettes,NA
187364,1995,Sometimes wore a helmet,NA,Yes,15 or 16 years old,NA,NA,NA
406574,2001,Never wore a helmet,NA,Yes,11 or 12 years old,3 to 5 days,1 cigarette,NA
326262,1999,Never wore a helmet,NA,Yes,13 or 14 years old,0 days,Did not smoke cigarettes,NA
641968,2005,Always wore a helmet,NA,Yes,15 or 16 years old,0 days,Did not smoke cigarettes,NA
269660,1997,Never wore a helmet,NA,Yes,Never smoked a cigarette,NA,NA,NA
119574,1993,Never wore a helmet,NA,Yes,13 or 14 years old,0 days,Did not smoke cigarettes,NA
640227,2005,Never wore a helmet,NA,No,Never smoked a cigarette,0 days,Did not smoke cigarettes,NA
323336,1999,Did not ride a bicycle,NA,Yes,13 or 14 years old,0 days,Did not smoke cigarettes,NA
186801,1995,Never wore a helmet,NA,Yes,13 or 14 years old,0 days,Did not smoke cigarettes,NA
40105,1991,Sometimes wore a helmet,NA,NA,NA,0 days,Did not smoke cigarettes,NA
403198,2001,Never wore a helmet,NA,No,Never smoked a cigarette,0 days,Did not smoke cigarettes,NA
32215,1991,Never wore a helmet,NA,No,Never smoked a cigarette,0 days,Did not smoke cigarettes,NA
258769,1997,NA,NA,Yes,NA,NA,Less than 1 cigarette,NA
122172,1993,Did not ride a bicycle,NA,No,Never smoked a cigarette,0 days,Did not smoke cigarettes,NA
121913,1993,Did not ride a bicycle,NA,No,Never smoked a cigarette,0 days,Did not smoke cigarettes,NA
268654,1997,Did not ride a bicycle,NA,Yes,11 or 12 years old,All 30 days,6 to 10 cigarettes,NA
503653,2003,Never wore a helmet,NA,No,Never smoked a cigarette,0 days,Did not smoke cigarettes,NA
773782,2007,Did not ride a bicycle,NA,No,Never smoked a cigarette,0 days,Did not smoke cigarettes,NA
122270,1993,Sometimes wore a helmet,NA,No,Never smoked a cigarette,0 days,Did not smoke cigarettes,NA
1108907,2011,Did not ride a bicycle,NA,Yes,15 or 16 years old,0 days,Did not smoke cigarettes,FALSE
766515,2007,Sometimes wore a helmet,NA,Yes,Never smoked a cigarette,0 days,Did not smoke cigarettes,NA
331938,1999,Did not ride a bicycle,NA,Yes,8 years old or younger,0 days,Did not smoke cigarettes,NA
1311219,2013,Never wore a helmet,NA,No,Never smoked a cigarette,0 days,Did not smoke cigarettes,FALSE
507992,2003,Never wore a helmet,NA,Yes,15 or 16 years old,0 days,Did not smoke cigarettes,NA
120806,1993,Never wore a helmet,NA,No,Never smoked a cigarette,0 days,Did not smoke cigarettes,NA
1312833,2013,Never wore a helmet,I did not drive the past 30 days,No,Never smoked a cigarette,0 days,Did not smoke cigarettes,FALSE
265454,1997,Most of the time wore a helmet,NA,No,Never smoked a cigarette,0 days,Did not smoke cigarettes,NA
926447,2009,Rarely wore a helmet,NA,Yes,15 or 16 years old,0 days,Did not smoke cigarettes,FALSE
639378,2005,Never wore a helmet,NA,Yes,8 years old or younger,1 or 2 days,1 cigarette,NA
115696,1993,Sometimes wore a helmet,NA,No,Never smoked a cigarette,0 days,Did not smoke cigarettes,NA
1306077,2013,Never wore a helmet,3 to 5 days,Yes,13 or 14 years old,10 to 19 days,Less than 1 cigarette,FALSE
110175,1993,Never wore a helmet,NA,No,Never smoked a cigarette,0 days,Did not smoke cigarettes,NA
39289,1991,Never wore a helmet,NA,Yes,Never smoked a cigarette,0 days,Did not smoke cigarettes,NA
34788,1991,Never wore a helmet,NA,No,Never smoked a cigarette,0 days,Did not smoke cigarettes,NA
500815,2003,NA,NA,Yes,11 or 12 years old,0 days,Did not smoke cigarettes,NA
402004,2001,Rarely wore a helmet,NA,No,Never smoked a cigarette,0 days,Did not smoke cigarettes,NA
929580,2009,Sometimes wore a helmet,NA,Yes,15 or 16 years old,NA,NA,FALSE
321778,1999,Never wore a helmet,NA,NA,NA,0 days,Did not smoke cigarettes,NA
190176,1995,Never wore a helmet,NA,Yes,15 or 16 years old,1 or 2 days,1 cigarette,NA
107743,1993,Never wore a helmet,NA,Yes,Never smoked a cigarette,0 days,Did not smoke cigarettes,NA
36064,1991,Never wore a helmet,NA,No,Never smoked a cigarette,0 days,Did not smoke cigarettes,NA
328954,1999,Did not ride a bicycle,NA,No,Never smoked a cigarette,0 days,Did not smoke cigarettes,NA
185869,1995,Rarely wore a helmet,NA,Yes,13 or 14 years old,0 days,Did not smoke cigarettes,NA
399913,2001,Never wore a helmet,NA,No,Never smoked a cigarette,0 days,Did not smoke cigarettes,NA
930646,2009,Never wore a helmet,NA,No,Never smoked a cigarette,0 days,Did not smoke cigarettes,TRUE
270993,1997,Sometimes wore a helmet,NA,No,Never smoked a cigarette,0 days,Did not smoke cigarettes,NA
1104826,2011,Never wore a helmet,NA,No,Never smoked a cigarette,0 days,Did not smoke cigarettes,FALSE
34021,1991,Never wore a helmet,NA,Yes,15 or 16 years old,0 days,Did not smoke cigarettes,NA
642173,2005,Did not ride a bicycle,NA,Yes,15 or 16 years old,0 days,Did not smoke cigarettes,NA
1314606,2013,Did not ride a bicycle,0 days,No,Never smoked a cigarette,0 days,Did not smoke cigarettes,FALSE
1099322,2011,Did not ride a bicycle,NA,No,Never smoked a cigarette,0 days,Did not smoke cigarettes,FALSE
187722,1995,Did not ride a bicycle,NA,Yes,13 or 14 years old,0 days,Did not smoke cigarettes,NA
32223,1991,NA,NA,No,Never smoked a cigarette,0 days,Did not smoke cigarettes,NA
182035,1995,Never wore a helmet,NA,Yes,13 or 14 years old,3 to 5 days,2 to 5 cigarettes,NA
640003,2005,Never wore a helmet,NA,Yes,Never smoked a cigarette,0 days,Did not smoke cigarettes,NA
508897,2003,Sometimes wore a helmet,NA,NA,NA,0 days,Did not smoke cigarettes,NA
330307,1999,Most of the time wore a helmet,NA,Yes,Never smoked a cigarette,0 days,Did not smoke cigarettes,NA
632882,2005,Rarely wore a helmet,NA,No,Never smoked a cigarette,0 days,Did not smoke cigarettes,NA
398735,2001,Did not ride a bicycle,NA,No,NA,0 days,Did not smoke cigarettes,NA
119965,1993,Never wore a helmet,NA,No,Never smoked a cigarette,0 days,Did not smoke cigarettes,NA
641718,2005,Never wore a helmet,NA,Yes,Never smoked a cigarette,0 days,Did not smoke cigarettes,NA
1109230,2011,Never wore a helmet,NA,No,Never smoked a cigarette,0 days,Did not smoke cigarettes,FALSE
1104917,2011,Did not ride a bicycle,NA,Yes,15 or 16 years old,10 to 19 days,1 cigarette,FALSE
1313076,2013,Never wore a helmet,I did not drive the past 30 days,No,Never smoked a cigarette,0 days,Did not smoke cigarettes,FALSE
188654,1995,Never wore a helmet,NA,No,Never smoked a cigarette,0 days,Did not smoke cigarettes,NA
40522,1991,Never wore a helmet,NA,No,Never smoked a cigarette,0 days,Did not smoke cigarettes,NA
924886,2009,Never wore a helmet,NA,Yes,15 or 16 years old,0 days,Did not smoke cigarettes,FALSE
265112,1997,Always wore a helmet,NA,Yes,11 or 12 years old,20 to 29 days,2 to 5 cigarettes,NA
1103631,2011,Never wore a helmet,NA,No,Never smoked a cigarette,0 days,Did not smoke cigarettes,FALSE
634545,2005,Did not ride a bicycle,NA,Yes,13 or 14 years old,0 days,Did not smoke cigarettes,NA
329124,1999,Rarely wore a helmet,NA,NA,NA,0 days,Did not smoke cigarettes,NA
40320,1991,Never wore a helmet,NA,Yes,9 or 10 years old,3 to 5 days,Less than 1 cigarette,NA
641611,2005,Never wore a helmet,NA,Yes,Never smoked a cigarette,0 days,Did not smoke cigarettes,NA
933417,2009,Sometimes wore a helmet,NA,No,Never smoked a cigarette,0 days,Did not smoke cigarettes,FALSE
37652,1991,Never wore a helmet,NA,Yes,15 or 16 years old,0 days,Did not smoke cigarettes,NA
114324,1993,Never wore a helmet,NA,Yes,Never smoked a cigarette,0 days,Did not smoke cigarettes,NA
769385,2007,Sometimes wore a helmet,NA,Yes,9 or 10 years old,1 or 2 days,1 cigarette,NA
922915,2009,NA,NA,No,NA,0 days,NA,NA
400629,2001,Always wore a helmet,NA,No,Never smoked a cigarette,0 days,Did not smoke cigarettes,NA
936976,2009,Did not ride a bicycle,NA,NA,NA,0 days,NA,NA
511501,2003,Did not ride a bicycle,NA,No,Never smoked a cigarette,0 days,Did not smoke cigarettes,NA
760750,2007,Rarely wore a helmet,NA,Yes,8 years old or younger,All 30 days,More than 20 cigarettes,NA
186407,1995,Rarely wore a helmet,NA,Yes,11 or 12 years old,0 days,Did not smoke cigarettes,NA
509924,2003,Did not ride a bicycle,NA,No,Never smoked a cigarette,0 days,Did not smoke cigarettes,NA
268440,1997,Never wore a helmet,NA,No,Never smoked a cigarette,0 days,Did not smoke cigarettes,NA
1316931,2013,Rarely wore a helmet,0 days,Yes,17 years old or older,1 or 2 days,Less than 1 cigarette,FALSE
188761,1995,Did not ride a bicycle,NA,No,Never smoked a cigarette,0 days,Did not smoke cigarettes,NA
108092,1993,Never wore a helmet,NA,Yes,9 or 10 years old,20 to 29 days,2 to 5 cigarettes,NA
329476,1999,Never wore a helmet,NA,Yes,Never smoked a cigarette,0 days,Did not smoke cigarettes,NA
118262,1993,Did not ride a bicycle,NA,No,Never smoked a cigarette,0 days,Did not smoke cigarettes,NA
923972,2009,Rarely wore a helmet,NA,No,Never smoked a cigarette,0 days,Did not smoke cigarettes,FALSE
501147,2003,Did not ride a bicycle,NA,Yes,13 or 14 years old,0 days,Did not smoke cigarettes,NA
503762,2003,Did not ride a bicycle,NA,Yes,Never smoked a cigarette,0 days,Did not smoke cigarettes,NA
1101374,2011,Never wore a helmet,NA,No,Never smoked a cigarette,0 days,Did not smoke cigarettes,FALSE
633188,2005,Did not ride a bicycle,NA,Yes,15 or 16 years old,0 days,Did not smoke cigarettes,NA
30727,1991,Never wore a helmet,NA,Yes,11 or 12 years old,0 days,Did not smoke cigarettes,NA
186459,1995,Never wore a helmet,NA,Yes,13 or 14 years old,6 to 9 days,1 cigarette,NA
188552,1995,Never wore a helmet,NA,Yes,9 or 10 years old,All 30 days,More than 20 cigarettes,NA
1105259,2011,Never wore a helmet,NA,Yes,Never smoked a cigarette,0 days,Did not smoke cigarettes,TRUE
123149,1993,Did not ride a bicycle,NA,Yes,13 or 14 years old,0 days,Did not smoke cigarettes,NA
326762,1999,Never wore a helmet,NA,Yes,9 or 10 years old,20 to 29 days,6 to 10 cigarettes,NA
768664,2007,Did not ride a bicycle,NA,Yes,Never smoked a cigarette,0 days,Did not smoke cigarettes,NA
922555,2009,Did not ride a bicycle,NA,No,Never smoked a cigarette,0 days,Did not smoke cigarettes,FALSE
924998,2009,Never wore a helmet,NA,Yes,8 years old or younger,All 30 days,6 to 10 cigarettes,TRUE
763933,2007,Sometimes wore a helmet,NA,NA,NA,NA,NA,NA
110378,1993,Never wore a helmet,NA,Yes,11 or 12 years old,1 or 2 days,Less than 1 cigarette,NA
184940,1995,Never wore a helmet,NA,Yes,8 years old or younger,0 days,Did not smoke cigarettes,NA
117791,1993,Did not ride a bicycle,NA,Yes,13 or 14 years old,0 days,Did not smoke cigarettes,NA
116652,1993,Never wore a helmet,NA,No,Never smoked a cigarette,0 days,Did not smoke cigarettes,NA
185142,1995,Never wore a helmet,NA,Yes,Never smoked a cigarette,0 days,Did not smoke cigarettes,NA
181128,1995,Did not ride a bicycle,NA,Yes,11 or 12 years old,10 to 19 days,2 to 5 cigarettes,NA
504064,2003,Did not ride a bicycle,NA,Yes,13 or 14 years old,0 days,Did not smoke cigarettes,NA
332650,1999,Always wore a helmet,NA,No,Never smoked a cigarette,0 days,Did not smoke cigarettes,NA
187631,1995,Rarely wore a helmet,NA,No,Never smoked a cigarette,0 days,Did not smoke cigarettes,NA
34770,1991,Did not ride a bicycle,NA,Yes,15 or 16 years old,All 30 days,11 to 20 cigarettes,NA
187602,1995,NA,NA,Yes,15 or 16 years old,0 days,Did not smoke cigarettes,NA
111341,1993,Never wore a helmet,NA,Yes,17 years old or older,1 or 2 days,Less than 1 cigarette,NA
404225,2001,Always wore a helmet,NA,Yes,13 or 14 years old,0 days,Did not smoke cigarettes,NA
120079,1993,Never wore a helmet,NA,Yes,9 or 10 years old,0 days,Did not smoke cigarettes,NA
1307414,2013,Never wore a helmet,20 to 29 days,No,Never smoked a cigarette,0 days,Did not smoke cigarettes,FALSE
32631,1991,Never wore a helmet,NA,No,Never smoked a cigarette,0 days,Did not smoke cigarettes,NA
1315642,2013,Did not ride a bicycle,0 days,Yes,13 or 14 years old,0 days,Did not smoke cigarettes,FALSE
639911,2005,Never wore a helmet,NA,Yes,15 or 16 years old,1 or 2 days,Less than 1 cigarette,NA
37229,1991,Never wore a helmet,NA,No,Never smoked a cigarette,0 days,Did not smoke cigarettes,NA
1305481,2013,Did not ride a bicycle,I did not drive the past 30 days,No,Never smoked a cigarette,0 days,Did not smoke cigarettes,FALSE
503491,2003,Rarely wore a helmet,NA,Yes,13 or 14 years old,0 days,Did not smoke cigarettes,NA
186932,1995,NA,NA,Yes,Never smoked a cigarette,0 days,Did not smoke cigarettes,NA
183410,1995,Never wore a helmet,NA,Yes,8 years old or younger,NA,1 cigarette,NA
333795,1999,Never wore a helmet,NA,No,Never smoked a cigarette,0 days,Did not smoke cigarettes,NA
257271,1997,Never wore a helmet,NA,Yes,Never smoked a cigarette,0 days,Did not smoke cigarettes,NA
37109,1991,Did not ride a bicycle,NA,No,Never smoked a cigarette,0 days,Did not smoke cigarettes,NA
1315731,2013,Rarely wore a helmet,NA,No,Never smoked a cigarette,0 days,Did not smoke cigarettes,FALSE
264994,1997,Sometimes wore a helmet,NA,Yes,Never smoked a cigarette,0 days,Did not smoke cigarettes,NA
321556,1999,Did not ride a bicycle,NA,Yes,13 or 14 years old,3 to 5 days,Less than 1 cigarette,NA
109502,1993,Never wore a helmet,NA,Yes,NA,NA,NA,NA
1107960,2011,Never wore a helmet,NA,No,Never smoked a cigarette,0 days,Did not smoke cigarettes,FALSE
769585,2007,Most of the time wore a helmet,NA,No,Never smoked a cigarette,0 days,Did not smoke cigarettes,NA
408942,2001,Did not ride a bicycle,NA,No,Never smoked a cigarette,0 days,Did not smoke cigarettes,NA
510061,2003,Never wore a helmet,NA,Yes,11 or 12 years old,All 30 days,6 to 10 cigarettes,NA
509171,2003,Never wore a helmet,NA,NA,NA,NA,NA,NA
122362,1993,Did not ride a bicycle,NA,No,Never smoked a cigarette,0 days,Did not smoke cigarettes,NA
931611,2009,Did not ride a bicycle,NA,Yes,Never smoked a cigarette,0 days,Did not smoke cigarettes,FALSE
509497,2003,Did not ride a bicycle,NA,No,Never smoked a cigarette,0 days,Did not smoke cigarettes,NA
771863,2007,NA,NA,Yes,NA,NA,NA,NA
511214,2003,Never wore a helmet,NA,No,Never smoked a cigarette,0 days,Did not smoke cigarettes,NA
181423,1995,Never wore a helmet,NA,No,Never smoked a cigarette,0 days,Did not smoke cigarettes,NA
107415,1993,Never wore a helmet,NA,Yes,Never smoked a cigarette,0 days,Did not smoke cigarettes,NA
1309811,2013,Never wore a helmet,20 to 29 days,Yes,13 or 14 years old,6 to 9 days,2 to 5 cigarettes,FALSE
922818,2009,Never wore a helmet,NA,No,Never smoked a cigarette,0 days,Did not smoke cigarettes,TRUE
183305,1995,Never wore a helmet,NA,NA,11 or 12 years old,All 30 days,2 to 5 cigarettes,NA
41860,1991,Never wore a helmet,NA,Yes,13 or 14 years old,All 30 days,2 to 5 cigarettes,NA
113779,1993,Never wore a helmet,NA,Yes,13 or 14 years old,0 days,Did not smoke cigarettes,NA
1096739,2011,Always wore a helmet,NA,Yes,9 or 10 years old,NA,NA,FALSE
503864,2003,Did not ride a bicycle,NA,Yes,11 or 12 years old,3 to 5 days,11 to 20 cigarettes,NA
406171,2001,Sometimes wore a helmet,NA,Yes,15 or 16 years old,0 days,Did not smoke cigarettes,NA
937126,2009,NA,NA,Yes,13 or 14 years old,6 to 9 days,Less than 1 cigarette,NA
629276,2005,Never wore a helmet,NA,No,Never smoked a cigarette,0 days,Did not smoke cigarettes,NA
1305834,2013,Did not ride a bicycle,I did not drive the past 30 days,No,Never smoked a cigarette,0 days,Did not smoke cigarettes,FALSE
328935,1999,Did not ride a bicycle,NA,No,Never smoked a cigarette,0 days,Did not smoke cigarettes,NA
931432,2009,Never wore a helmet,NA,No,Never smoked a cigarette,0 days,Did not smoke cigarettes,FALSE
37766,1991,Did not ride a bicycle,NA,Yes,Never smoked a cigarette,0 days,Did not smoke cigarettes,NA
502681,2003,Never wore a helmet,NA,Yes,9 or 10 years old,NA,NA,NA
1106056,2011,Never wore a helmet,NA,Yes,13 or 14 years old,All 30 days,2 to 5 cigarettes,FALSE
769926,2007,Never wore a helmet,NA,No,Never smoked a cigarette,0 days,Did not smoke cigarettes,NA
638360,2005,Never wore a helmet,NA,No,Never smoked a cigarette,0 days,Did not smoke cigarettes,NA
110326,1993,Never wore a helmet,NA,No,Never smoked a cigarette,0 days,Did not smoke cigarettes,NA
763657,2007,Never wore a helmet,NA,Yes,15 or 16 years old,0 days,Did not smoke cigarettes,NA
1104809,2011,Did not ride a bicycle,NA,Yes,Never smoked a cigarette,1 or 2 days,Less than 1 cigarette,FALSE
762737,2007,Always wore a helmet,NA,No,Never smoked a cigarette,0 days,Did not smoke cigarettes,NA
635933,2005,Did not ride a bicycle,NA,No,Never smoked a cigarette,0 days,Did not smoke cigarettes,NA
183215,1995,Never wore a helmet,NA,Yes,13 or 14 years old,20 to 29 days,2 to 5 cigarettes,NA
1308078,2013,Did not ride a bicycle,3 to 5 days,Yes,13 or 14 years old,0 days,Did not smoke cigarettes,FALSE
927532,2009,Never wore a helmet,NA,Yes,11 or 12 years old,All 30 days,6 to 10 cigarettes,FALSE
121640,1993,Never wore a helmet,NA,No,Never smoked a cigarette,0 days,Did not smoke cigarettes,NA
635305,2005,Rarely wore a helmet,NA,No,Never smoked a cigarette,0 days,Did not smoke cigarettes,NA
37682,1991,Did not ride a bicycle,NA,Yes,11 or 12 years old,All 30 days,2 to 5 cigarettes,NA
265308,1997,Never wore a helmet,NA,No,Never smoked a cigarette,0 days,Did not smoke cigarettes,NA
761345,2007,Did not ride a bicycle,NA,Yes,11 or 12 years old,0 days,Did not smoke cigarettes,NA
184531,1995,Never wore a helmet,NA,No,Never smoked a cigarette,0 days,Did not smoke cigarettes,NA
181597,1995,Never wore a helmet,NA,No,Never smoked a cigarette,0 days,Did not smoke cigarettes,NA
505812,2003,Never wore a helmet,NA,NA,Never smoked a cigarette,NA,NA,NA
926726,2009,Sometimes wore a helmet,NA,No,Never smoked a cigarette,0 days,Did not smoke cigarettes,FALSE
1100087,2011,Did not ride a bicycle,NA,Yes,8 years old or younger,All 30 days,More than 20 cigarettes,TRUE
1103088,2011,Never wore a helmet,NA,No,Never smoked a cigarette,0 days,Did not smoke cigarettes,FALSE
511805,2003,Always wore a helmet,NA,No,Never smoked a cigarette,0 days,Did not smoke cigarettes,NA
930884,2009,Rarely wore a helmet,NA,Yes,11 or 12 years old,0 days,Did not smoke cigarettes,TRUE
638134,2005,Did not ride a bicycle,NA,Yes,15 or 16 years old,3 to 5 days,1 cigarette,NA
37541,1991,Did not ride a bicycle,NA,Yes,Never smoked a cigarette,0 days,Did not smoke cigarettes,NA
1311067,2013,Never wore a helmet,NA,No,Never smoked a cigarette,0 days,Did not smoke cigarettes,FALSE
111017,1993,Never wore a helmet,NA,Yes,11 or 12 years old,0 days,Did not smoke cigarettes,NA
256705,1997,Never wore a helmet,NA,Yes,9 or 10 years old,1 or 2 days,Less than 1 cigarette,NA
1105110,2011,Never wore a helmet,NA,Yes,15 or 16 years old,6 to 9 days,1 cigarette,TRUE
118948,1993,NA,NA,Yes,11 or 12 years old,0 days,Did not smoke cigarettes,NA
333677,1999,Did not ride a bicycle,NA,Yes,13 or 14 years old,10 to 19 days,2 to 5 cigarettes,NA
114199,1993,Always wore a helmet,NA,Yes,13 or 14 years old,3 to 5 days,Less than 1 cigarette,NA
113921,1993,Did not ride a bicycle,NA,No,Never smoked a cigarette,0 days,Did not smoke cigarettes,NA
1315354,2013,Never wore a helmet,1 or 2 days,No,Never smoked a cigarette,0 days,Did not smoke cigarettes,TRUE
41973,1991,NA,NA,Yes,17 years old or older,NA,NA,NA
335849,1999,Did not ride a bicycle,NA,Yes,11 or 12 years old,0 days,Did not smoke cigarettes,NA
186798,1995,Did not ride a bicycle,NA,Yes,Never smoked a cigarette,0 days,Did not smoke cigarettes,NA
266762,1997,Most of the time wore a helmet,NA,No,Never smoked a cigarette,0 days,Did not smoke cigarettes,NA
119370,1993,Sometimes wore a helmet,NA,Yes,11 or 12 years old,1 or 2 days,2 to 5 cigarettes,NA
107064,1993,Did not ride a bicycle,NA,Yes,Never smoked a cigarette,0 days,Did not smoke cigarettes,NA
398514,2001,Never wore a helmet,NA,No,Never smoked a cigarette,0 days,Did not smoke cigarettes,NA
509609,2003,Never wore a helmet,NA,Yes,8 years old or younger,0 days,Did not smoke cigarettes,NA
1109145,2011,Never wore a helmet,NA,Yes,17 years old or older,0 days,Did not smoke cigarettes,TRUE
929397,2009,Never wore a helmet,NA,Yes,Never smoked a cigarette,0 days,Did not smoke cigarettes,TRUE
322994,1999,Did not ride a bicycle,NA,No,Never smoked a cigarette,0 days,Did not smoke cigarettes,NA
265795,1997,NA,NA,Yes,13 or 14 years old,1 or 2 days,Less than 1 cigarette,NA
115895,1993,Never wore a helmet,NA,Yes,13 or 14 years old,6 to 9 days,2 to 5 cigarettes,NA
1101465,2011,Never wore a helmet,NA,No,Never smoked a cigarette,0 days,Did not smoke cigarettes,FALSE
772038,2007,Rarely wore a helmet,NA,No,Never smoked a cigarette,0 days,Did not smoke cigarettes,NA
400495,2001,Did not ride a bicycle,NA,No,Never smoked a cigarette,0 days,Did not smoke cigarettes,NA
923383,2009,Never wore a helmet,NA,Yes,15 or 16 years old,0 days,Did not smoke cigarettes,FALSE
503872,2003,Never wore a helmet,NA,No,Never smoked a cigarette,0 days,Did not smoke cigarettes,NA
181519,1995,Sometimes wore a helmet,NA,Yes,11 or 12 years old,1 or 2 days,Less than 1 cigarette,NA
114510,1993,Never wore a helmet,NA,Yes,13 or 14 years old,0 days,Did not smoke cigarettes,NA
331501,1999,Never wore a helmet,NA,No,Never smoked a cigarette,0 days,Did not smoke cigarettes,NA
629309,2005,Never wore a helmet,NA,No,Never smoked a cigarette,0 days,Did not smoke cigarettes,NA
40762,1991,Did not ride a bicycle,NA,Yes,Never smoked a cigarette,0 days,Did not smoke cigarettes,NA
35524,1991,Never wore a helmet,NA,Yes,13 or 14 years old,All 30 days,11 to 20 cigarettes,NA
403026,2001,Rarely wore a helmet,NA,No,Never smoked a cigarette,0 days,Did not smoke cigarettes,NA
258670,1997,Did not ride a bicycle,NA,Yes,Never smoked a cigarette,NA,NA,NA
925546,2009,Rarely wore a helmet,NA,Yes,9 or 10 years old,0 days,Did not smoke cigarettes,FALSE
323911,1999,Always wore a helmet,NA,Yes,15 or 16 years old,NA,NA,NA
1306370,2013,Never wore a helmet,0 days,No,Never smoked a cigarette,0 days,Did not smoke cigarettes,FALSE
113128,1993,Never wore a helmet,NA,NA,NA,NA,NA,NA
332205,1999,Never wore a helmet,NA,No,Never smoked a cigarette,0 days,Did not smoke cigarettes,NA
500594,2003,Never wore a helmet,NA,No,Never smoked a cigarette,0 days,Did not smoke cigarettes,NA
510341,2003,Did not ride a bicycle,NA,Yes,11 or 12 years old,All 30 days,2 to 5 cigarettes,NA
633370,2005,Did not ride a bicycle,NA,NA,NA,0 days,Did not smoke cigarettes,NA
763344,2007,Never wore a helmet,NA,Yes,13 or 14 years old,0 days,Did not smoke cigarettes,NA
256124,1997,Did not ride a bicycle,NA,No,Never smoked a cigarette,0 days,Did not smoke cigarettes,NA
502521,2003,Did not ride a bicycle,NA,Yes,Never smoked a cigarette,0 days,Did not smoke cigarettes,NA
633930,2005,Did not ride a bicycle,NA,No,Never smoked a cigarette,0 days,Did not smoke cigarettes,NA
396361,2001,Sometimes wore a helmet,NA,Yes,Never smoked a cigarette,0 days,Did not smoke cigarettes,NA
324620,1999,Never wore a helmet,NA,Yes,13 or 14 years old,1 or 2 days,2 to 5 cigarettes,NA
1312812,2013,Did not ride a bicycle,I did not drive the past 30 days,No,Never smoked a cigarette,0 days,Did not smoke cigarettes,FALSE
761664,2007,Never wore a helmet,NA,No,Never smoked a cigarette,0 days,Did not smoke cigarettes,NA
183344,1995,Never wore a helmet,NA,Yes,Never smoked a cigarette,0 days,Did not smoke cigarettes,NA
930248,2009,Never wore a helmet,NA,No,Never smoked a cigarette,0 days,Did not smoke cigarettes,FALSE
508219,2003,Did not ride a bicycle,NA,No,Never smoked a cigarette,0 days,Did not smoke cigarettes,NA
1308443,2013,Never wore a helmet,0 days,No,Never smoked a cigarette,0 days,Did not smoke cigarettes,TRUE
269049,1997,Rarely wore a helmet,NA,No,Never smoked a cigarette,0 days,Did not smoke cigarettes,NA
503958,2003,Never wore a helmet,NA,Yes,15 or 16 years old,10 to 19 days,2 to 5 cigarettes,NA
321425,1999,Never wore a helmet,NA,Yes,8 years old or younger,All 30 days,2 to 5 cigarettes,NA
641023,2005,Did not ride a bicycle,NA,Yes,11 or 12 years old,0 days,Did not smoke cigarettes,NA
256725,1997,NA,NA,No,Never smoked a cigarette,0 days,Did not smoke cigarettes,NA
110931,1993,NA,NA,Yes,13 or 14 years old,0 days,Did not smoke cigarettes,NA
1104378,2011,NA,NA,NA,Never smoked a cigarette,0 days,Did not smoke cigarettes,NA
628955,2005,Never wore a helmet,NA,Yes,Never smoked a cigarette,0 days,Did not smoke cigarettes,NA
641733,2005,Never wore a helmet,NA,Yes,15 or 16 years old,10 to 19 days,1 cigarette,NA
774159,2007,Never wore a helmet,NA,No,Never smoked a cigarette,0 days,Did not smoke cigarettes,NA
934068,2009,Did not ride a bicycle,NA,Yes,9 or 10 years old,20 to 29 days,2 to 5 cigarettes,TRUE
1095380,2011,Never wore a helmet,NA,Yes,11 or 12 years old,1 or 2 days,Less than 1 cigarette,FALSE
186202,1995,Never wore a helmet,NA,No,Never smoked a cigarette,0 days,Did not smoke cigarettes,NA
35349,1991,Never wore a helmet,NA,No,Never smoked a cigarette,0 days,Did not smoke cigarettes,NA
263969,1997,Did not ride a bicycle,NA,Yes,13 or 14 years old,0 days,Did not smoke cigarettes,NA
511763,2003,Did not ride a bicycle,NA,Yes,15 or 16 years old,0 days,Did not smoke cigarettes,NA
326029,1999,Always wore a helmet,NA,No,Never smoked a cigarette,0 days,Did not smoke cigarettes,NA
500633,2003,Rarely wore a helmet,NA,Yes,Never smoked a cigarette,0 days,Did not smoke cigarettes,NA
766559,2007,Sometimes wore a helmet,NA,Yes,13 or 14 years old,NA,NA,NA
37812,1991,Did not ride a bicycle,NA,No,Never smoked a cigarette,0 days,Did not smoke cigarettes,NA
932453,2009,Rarely wore a helmet,NA,No,Never smoked a cigarette,0 days,Did not smoke cigarettes,FALSE
109186,1993,Did not ride a bicycle,NA,NA,NA,0 days,Did not smoke cigarettes,NA
262512,1997,Did not ride a bicycle,NA,Yes,17 years old or older,3 to 5 days,1 cigarette,NA
1109284,2011,Never wore a helmet,NA,Yes,13 or 14 years old,0 days,Did not smoke cigarettes,FALSE
184988,1995,Never wore a helmet,NA,Yes,9 or 10 years old,0 days,Did not smoke cigarettes,NA
764070,2007,Did not ride a bicycle,NA,No,Never smoked a cigarette,0 days,Did not smoke cigarettes,NA
925006,2009,Did not ride a bicycle,NA,Yes,Never smoked a cigarette,0 days,Did not smoke cigarettes,FALSE
629951,2005,Never wore a helmet,NA,NA,13 or 14 years old,10 to 19 days,NA,NA
1096000,2011,Never wore a helmet,NA,No,Never smoked a cigarette,0 days,Did not smoke cigarettes,FALSE
640172,2005,Never wore a helmet,NA,Yes,11 or 12 years old,All 30 days,1 cigarette,NA
255681,1997,Never wore a helmet,NA,Yes,9 or 10 years old,0 days,Did not smoke cigarettes,NA
405268,2001,Never wore a helmet,NA,No,Never smoked a cigarette,0 days,Did not smoke cigarettes,NA
502093,2003,NA,NA,No,Never smoked a cigarette,0 days,Did not smoke cigarettes,NA
639778,2005,Did not ride a bicycle,NA,No,Never smoked a cigarette,0 days,Did not smoke cigarettes,NA
1095601,2011,Sometimes wore a helmet,NA,No,Never smoked a cigarette,0 days,Did not smoke cigarettes,FALSE
329581,1999,Always wore a helmet,NA,No,Never smoked a cigarette,0 days,Did not smoke cigarettes,NA
266783,1997,NA,NA,Yes,13 or 14 years old,0 days,Did not smoke cigarettes,NA
396985,2001,Did not ride a bicycle,NA,Yes,13 or 14 years old,0 days,Did not smoke cigarettes,NA
190542,1995,Did not ride a bicycle,NA,No,Never smoked a cigarette,0 days,Did not smoke cigarettes,NA
1106149,2011,Never wore a helmet,NA,NA,13 or 14 years old,All 30 days,NA,FALSE
404302,2001,Sometimes wore a helmet,NA,No,Never smoked a cigarette,0 days,Did not smoke cigarettes,NA
773900,2007,Did not ride a bicycle,NA,No,Never smoked a cigarette,0 days,Did not smoke cigarettes,NA
774452,2007,Never wore a helmet,NA,Yes,11 or 12 years old,3 to 5 days,Less than 1 cigarette,NA
321557,1999,Never wore a helmet,NA,Yes,13 or 14 years old,0 days,Did not smoke cigarettes,NA
512468,2003,Did not ride a bicycle,NA,No,Never smoked a cigarette,0 days,Did not smoke cigarettes,NA
258534,1997,Never wore a helmet,NA,Yes,13 or 14 years old,0 days,Did not smoke cigarettes,NA
37185,1991,Sometimes wore a helmet,NA,Yes,13 or 14 years old,3 to 5 days,1 cigarette,NA
397651,2001,Never wore a helmet,NA,No,Never smoked a cigarette,0 days,Did not smoke cigarettes,NA
332255,1999,Rarely wore a helmet,NA,Yes,13 or 14 years old,NA,1 cigarette,NA
630128,2005,Never wore a helmet,NA,Yes,13 or 14 years old,1 or 2 days,1 cigarette,NA
35745,1991,Never wore a helmet,NA,No,Never smoked a cigarette,0 days,Did not smoke cigarettes,NA
265172,1997,Did not ride a bicycle,NA,No,Never smoked a cigarette,0 days,Did not smoke cigarettes,NA
270641,1997,Never wore a helmet,NA,Yes,13 or 14 years old,NA,2 to 5 cigarettes,NA
929201,2009,Sometimes wore a helmet,NA,Yes,15 or 16 years old,NA,NA,FALSE
631242,2005,Most of the time wore a helmet,NA,Yes,Never smoked a cigarette,0 days,Did not smoke cigarettes,NA
634788,2005,Never wore a helmet,NA,Yes,15 or 16 years old,0 days,Did not smoke cigarettes,NA
1107016,2011,Did not ride a bicycle,NA,No,Never smoked a cigarette,0 days,Did not smoke cigarettes,TRUE
119171,1993,Did not ride a bicycle,NA,No,Never smoked a cigarette,0 days,Did not smoke cigarettes,NA
1309587,2013,NA,0 days,No,Never smoked a cigarette,0 days,Did not smoke cigarettes,FALSE
761902,2007,NA,NA,No,Never smoked a cigarette,0 days,Did not smoke cigarettes,NA
770110,2007,Most of the time wore a helmet,NA,No,Never smoked a cigarette,0 days,Did not smoke cigarettes,NA
265273,1997,Sometimes wore a helmet,NA,NA,Never smoked a cigarette,0 days,Did not smoke cigarettes,NA
327589,1999,Did not ride a bicycle,NA,Yes,13 or 14 years old,0 days,Did not smoke cigarettes,NA
185226,1995,Did not ride a bicycle,NA,No,Never smoked a cigarette,0 days,Did not smoke cigarettes,NA
773724,2007,Did not ride a bicycle,NA,Yes,17 years old or older,1 or 2 days,Less than 1 cigarette,NA
398114,2001,Never wore a helmet,NA,Yes,13 or 14 years old,All 30 days,11 to 20 cigarettes,NA
111972,1993,Never wore a helmet,NA,No,Never smoked a cigarette,0 days,Did not smoke cigarettes,NA
938519,2009,Did not ride a bicycle,NA,No,Never smoked a cigarette,0 days,Did not smoke cigarettes,FALSE
499772,2003,Rarely wore a helmet,NA,Yes,NA,0 days,Did not smoke cigarettes,NA
36637,1991,Did not ride a bicycle,NA,No,Never smoked a cigarette,0 days,Did not smoke cigarettes,NA
261361,1997,Never wore a helmet,NA,No,Never smoked a cigarette,0 days,Did not smoke cigarettes,NA
765118,2007,Did not ride a bicycle,NA,Yes,Never smoked a cigarette,0 days,Did not smoke cigarettes,NA
1106299,2011,Never wore a helmet,NA,NA,Never smoked a cigarette,0 days,NA,FALSE
112159,1993,Did not ride a bicycle,NA,Yes,11 or 12 years old,0 days,Did not smoke cigarettes,NA
935595,2009,Did not ride a bicycle,NA,Yes,13 or 14 years old,All 30 days,2 to 5 cigarettes,FALSE
180439,1995,Did not ride a bicycle,NA,No,Never smoked a cigarette,0 days,Did not smoke cigarettes,NA
403736,2001,Never wore a helmet,NA,Yes,11 or 12 years old,0 days,Did not smoke cigarettes,NA
118202,1993,Did not ride a bicycle,NA,No,Never smoked a cigarette,0 days,Did not smoke cigarettes,NA
923898,2009,Did not ride a bicycle,NA,Yes,Never smoked a cigarette,0 days,Did not smoke cigarettes,TRUE
119853,1993,Did not ride a bicycle,NA,No,Never smoked a cigarette,0 days,Did not smoke cigarettes,NA
632875,2005,Rarely wore a helmet,NA,Yes,11 or 12 years old,0 days,Did not smoke cigarettes,NA
768248,2007,Never wore a helmet,NA,Yes,11 or 12 years old,0 days,Did not smoke cigarettes,NA
32436,1991,Did not ride a bicycle,NA,No,Never smoked a cigarette,0 days,Did not smoke cigarettes,NA
760784,2007,Did not ride a bicycle,NA,Yes,13 or 14 years old,0 days,Did not smoke cigarettes,NA
41976,1991,Never wore a helmet,NA,No,Never smoked a cigarette,0 days,Did not smoke cigarettes,NA
924306,2009,Never wore a helmet,NA,Yes,13 or 14 years old,0 days,Did not smoke cigarettes,FALSE
762769,2007,Did not ride a bicycle,NA,Yes,NA,0 days,Did not smoke cigarettes,NA
323834,1999,Never wore a helmet,NA,No,Never smoked a cigarette,0 days,Did not smoke cigarettes,NA
120250,1993,Did not ride a bicycle,NA,No,Never smoked a cigarette,0 days,Did not smoke cigarettes,NA
1308954,2013,Never wore a helmet,I did not drive the past 30 days,No,Never smoked a cigarette,0 days,Did not smoke cigarettes,FALSE
1098740,2011,Did not ride a bicycle,NA,Yes,13 or 14 years old,0 days,Did not smoke cigarettes,FALSE
397128,2001,Did not ride a bicycle,NA,Yes,11 or 12 years old,6 to 9 days,2 to 5 cigarettes,NA
502331,2003,Did not ride a bicycle,NA,No,Never smoked a cigarette,0 days,Did not smoke cigarettes,NA
1105891,2011,Did not ride a bicycle,NA,No,Never smoked a cigarette,0 days,Did not smoke cigarettes,TRUE
330550,1999,Did not ride a bicycle,NA,No,Never smoked a cigarette,0 days,Did not smoke cigarettes,NA
763675,2007,Never wore a helmet,NA,No,Never smoked a cigarette,0 days,Did not smoke cigarettes,NA
187040,1995,NA,NA,No,Never smoked a cigarette,0 days,Did not smoke cigarettes,NA
513857,2003,Never wore a helmet,NA,No,Never smoked a cigarette,0 days,Did not smoke cigarettes,NA
760956,2007,Did not ride a bicycle,NA,Yes,8 years old or younger,All 30 days,More than 20 cigarettes,NA
1313571,2013,Did not ride a bicycle,0 days,Yes,13 or 14 years old,6 to 9 days,2 to 5 cigarettes,FALSE
400015,2001,Most of the time wore a helmet,NA,Yes,11 or 12 years old,0 days,Did not smoke cigarettes,NA
323885,1999,Never wore a helmet,NA,Yes,Never smoked a cigarette,1 or 2 days,Less than 1 cigarette,NA
185840,1995,Did not ride a bicycle,NA,Yes,Never smoked a cigarette,0 days,Did not smoke cigarettes,NA
31451,1991,Never wore a helmet,NA,Yes,Never smoked a cigarette,0 days,Did not smoke cigarettes,NA
764609,2007,Did not ride a bicycle,NA,Yes,15 or 16 years old,0 days,Did not smoke cigarettes,NA
268476,1997,Never wore a helmet,NA,Yes,15 or 16 years old,1 or 2 days,Less than 1 cigarette,NA
325609,1999,Did not ride a bicycle,NA,Yes,15 or 16 years old,0 days,Did not smoke cigarettes,NA
323517,1999,Did not ride a bicycle,NA,No,Never smoked a cigarette,0 days,Did not smoke cigarettes,NA
636505,2005,Never wore a helmet,NA,No,Never smoked a cigarette,0 days,Did not smoke cigarettes,NA
505388,2003,Sometimes wore a helmet,NA,Yes,Never smoked a cigarette,0 days,Did not smoke cigarettes,NA
509546,2003,Never wore a helmet,NA,Yes,13 or 14 years old,0 days,Did not smoke cigarettes,NA
513891,2003,Did not ride a bicycle,NA,Yes,13 or 14 years old,0 days,Did not smoke cigarettes,NA
1109233,2011,Did not ride a bicycle,NA,No,Never smoked a cigarette,0 days,Did not smoke cigarettes,FALSE
30620,1991,Did not ride a bicycle,NA,No,Never smoked a cigarette,0 days,Did not smoke cigarettes,NA
40647,1991,Never wore a helmet,NA,No,Never smoked a cigarette,0 days,Did not smoke cigarettes,NA
36515,1991,Never wore a helmet,NA,Yes,17 years old or older,All 30 days,6 to 10 cigarettes,NA
504626,2003,Did not ride a bicycle,NA,Yes,15 or 16 years old,1 or 2 days,2 to 5 cigarettes,NA
1098129,2011,Never wore a helmet,NA,Yes,15 or 16 years old,0 days,Did not smoke cigarettes,FALSE
923428,2009,Never wore a helmet,NA,No,Never smoked a cigarette,0 days,Did not smoke cigarettes,FALSE
924069,2009,Most of the time wore a helmet,NA,Yes,NA,0 days,Did not smoke cigarettes,FALSE
635179,2005,Did not ride a bicycle,NA,NA,NA,0 days,Did not smoke cigarettes,NA
322353,1999,Never wore a helmet,NA,No,Never smoked a cigarette,0 days,Did not smoke cigarettes,NA
638503,2005,Did not ride a bicycle,NA,NA,NA,0 days,Did not smoke cigarettes,NA
1102123,2011,Never wore a helmet,NA,Yes,15 or 16 years old,NA,1 cigarette,TRUE
505838,2003,Never wore a helmet,NA,Yes,17 years old or older,1 or 2 days,Less than 1 cigarette,NA
927525,2009,Did not ride a bicycle,NA,No,Never smoked a cigarette,0 days,Did not smoke cigarettes,FALSE
1107437,2011,Rarely wore a helmet,NA,Yes,15 or 16 years old,0 days,Did not smoke cigarettes,FALSE
923146,2009,Did not ride a bicycle,NA,No,Never smoked a cigarette,0 days,Did not smoke cigarettes,FALSE
1103110,2011,Did not ride a bicycle,NA,No,Never smoked a cigarette,0 days,Did not smoke cigarettes,FALSE
119787,1993,Never wore a helmet,NA,No,Never smoked a cigarette,0 days,Did not smoke cigarettes,NA
635382,2005,Did not ride a bicycle,NA,No,Never smoked a cigarette,0 days,Did not smoke cigarettes,NA
257777,1997,Did not ride a bicycle,NA,No,Never smoked a cigarette,0 days,Did not smoke cigarettes,NA
629796,2005,Never wore a helmet,NA,Yes,Never smoked a cigarette,0 days,Did not smoke cigarettes,NA
189310,1995,Did not ride a bicycle,NA,No,Never smoked a cigarette,0 days,Did not smoke cigarettes,NA
1099729,2011,Never wore a helmet,NA,Yes,15 or 16 years old,1 or 2 days,1 cigarette,FALSE
1304912,2013,Did not ride a bicycle,I did not drive the past 30 days,No,Never smoked a cigarette,0 days,Did not smoke cigarettes,TRUE
499284,2003,Did not ride a bicycle,NA,Yes,15 or 16 years old,0 days,Did not smoke cigarettes,NA
1108664,2011,Never wore a helmet,NA,No,Never smoked a cigarette,0 days,Did not smoke cigarettes,FALSE
637973,2005,Never wore a helmet,NA,No,Never smoked a cigarette,0 days,Did not smoke cigarettes,NA
761028,2007,Rarely wore a helmet,NA,No,Never smoked a cigarette,0 days,Did not smoke cigarettes,NA
328951,1999,Never wore a helmet,NA,Yes,9 or 10 years old,0 days,Did not smoke cigarettes,NA
270646,1997,Did not ride a bicycle,NA,Yes,13 or 14 years old,0 days,Did not smoke cigarettes,NA
326271,1999,Never wore a helmet,NA,No,Never smoked a cigarette,0 days,Did not smoke cigarettes,NA
269287,1997,Did not ride a bicycle,NA,Yes,Never smoked a cigarette,0 days,Did not smoke cigarettes,NA
760615,2007,Never wore a helmet,NA,No,Never smoked a cigarette,0 days,Did not smoke cigarettes,NA
187682,1995,Never wore a helmet,NA,Yes,Never smoked a cigarette,0 days,Did not smoke cigarettes,NA
408473,2001,Never wore a helmet,NA,No,Never smoked a cigarette,0 days,Did not smoke cigarettes,NA
1314275,2013,Did not ride a bicycle,I did not drive the past 30 days,No,Never smoked a cigarette,0 days,Did not smoke cigarettes,FALSE
111585,1993,Did not ride a bicycle,NA,Yes,15 or 16 years old,0 days,Did not smoke cigarettes,NA
113470,1993,Never wore a helmet,NA,No,Never smoked a cigarette,0 days,Did not smoke cigarettes,NA
499391,2003,Did not ride a bicycle,NA,No,Never smoked a cigarette,0 days,Did not smoke cigarettes,NA
506825,2003,Did not ride a bicycle,NA,Yes,9 or 10 years old,All 30 days,More than 20 cigarettes,NA
123136,1993,Sometimes wore a helmet,NA,Yes,17 years old or older,0 days,Did not smoke cigarettes,NA
403832,2001,Never wore a helmet,NA,No,Never smoked a cigarette,0 days,Did not smoke cigarettes,NA
1316723,2013,Did not ride a bicycle,20 to 29 days,Yes,9 or 10 years old,0 days,Did not smoke cigarettes,FALSE
763696,2007,Sometimes wore a helmet,NA,No,Never smoked a cigarette,0 days,Did not smoke cigarettes,NA
264847,1997,Never wore a helmet,NA,No,Never smoked a cigarette,0 days,Did not smoke cigarettes,NA
935804,2009,Never wore a helmet,NA,Yes,11 or 12 years old,0 days,Did not smoke cigarettes,FALSE
256022,1997,NA,NA,Yes,13 or 14 years old,0 days,Did not smoke cigarettes,NA
396709,2001,Did not ride a bicycle,NA,No,Never smoked a cigarette,0 days,Did not smoke cigarettes,NA
929625,2009,Did not ride a bicycle,NA,No,Never smoked a cigarette,0 days,NA,FALSE
264824,1997,Did not ride a bicycle,NA,Yes,13 or 14 years old,1 or 2 days,Less than 1 cigarette,NA
107776,1993,Never wore a helmet,NA,Yes,8 years old or younger,0 days,Did not smoke cigarettes,NA
402239,2001,Never wore a helmet,NA,Yes,15 or 16 years old,0 days,Did not smoke cigarettes,NA
501709,2003,Never wore a helmet,NA,Yes,9 or 10 years old,All 30 days,2 to 5 cigarettes,NA
1108333,2011,Did not ride a bicycle,NA,NA,Never smoked a cigarette,0 days,NA,FALSE
1316253,2013,Did not ride a bicycle,NA,Yes,15 or 16 years old,0 days,Did not smoke cigarettes,FALSE
1105304,2011,Did not ride a bicycle,NA,No,Never smoked a cigarette,0 days,Did not smoke cigarettes,TRUE
640956,2005,Always wore a helmet,NA,No,Never smoked a cigarette,0 days,Did not smoke cigarettes,NA
1313459,2013,Did not ride a bicycle,I did not drive the past 30 days,No,Never smoked a cigarette,0 days,Did not smoke cigarettes,TRUE
928103,2009,Did not ride a bicycle,NA,No,Never smoked a cigarette,0 days,Did not smoke cigarettes,FALSE
513419,2003,Never wore a helmet,NA,Yes,Never smoked a cigarette,0 days,Did not smoke cigarettes,NA
121638,1993,Sometimes wore a helmet,NA,Yes,9 or 10 years old,0 days,Did not smoke cigarettes,NA
325791,1999,Never wore a helmet,NA,Yes,15 or 16 years old,3 to 5 days,1 cigarette,NA
762899,2007,Did not ride a bicycle,NA,NA,Never smoked a cigarette,0 days,Did not smoke cigarettes,NA
321660,1999,Sometimes wore a helmet,NA,No,Never smoked a cigarette,0 days,Did not smoke cigarettes,NA
505925,2003,Never wore a helmet,NA,No,Never smoked a cigarette,0 days,Did not smoke cigarettes,NA
258778,1997,Did not ride a bicycle,NA,Yes,15 or 16 years old,NA,NA,NA
508072,2003,Never wore a helmet,NA,No,Never smoked a cigarette,NA,Did not smoke cigarettes,NA
325251,1999,Never wore a helmet,NA,Yes,15 or 16 years old,1 or 2 days,Less than 1 cigarette,NA
630971,2005,Never wore a helmet,NA,No,Never smoked a cigarette,0 days,Did not smoke cigarettes,NA
630051,2005,Did not ride a bicycle,NA,No,Never smoked a cigarette,0 days,Did not smoke cigarettes,NA
31629,1991,Never wore a helmet,NA,Yes,8 years old or younger,NA,NA,NA
929306,2009,Did not ride a bicycle,NA,No,Never smoked a cigarette,0 days,Did not smoke cigarettes,FALSE
39252,1991,Never wore a helmet,NA,No,Never smoked a cigarette,0 days,Did not smoke cigarettes,NA
33915,1991,Never wore a helmet,NA,No,Never smoked a cigarette,0 days,Did not smoke cigarettes,NA
258547,1997,Never wore a helmet,NA,Yes,13 or 14 years old,1 or 2 days,2 to 5 cigarettes,NA
409096,2001,Did not ride a bicycle,NA,No,Never smoked a cigarette,0 days,Did not smoke cigarettes,NA
771891,2007,Did not ride a bicycle,NA,No,Never smoked a cigarette,0 days,Did not smoke cigarettes,NA
182227,1995,Did not ride a bicycle,NA,Yes,Never smoked a cigarette,0 days,Did not smoke cigarettes,NA
118093,1993,Did not ride a bicycle,NA,Yes,11 or 12 years old,0 days,Did not smoke cigarettes,NA
184978,1995,Never wore a helmet,NA,No,Never smoked a cigarette,0 days,Did not smoke cigarettes,NA
1097878,2011,Did not ride a bicycle,NA,Yes,15 or 16 years old,0 days,Did not smoke cigarettes,FALSE
35536,1991,Never wore a helmet,NA,No,Never smoked a cigarette,0 days,Did not smoke cigarettes,NA
1104768,2011,Did not ride a bicycle,NA,No,Never smoked a cigarette,0 days,Did not smoke cigarettes,FALSE
120368,1993,Did not ride a bicycle,NA,No,Never smoked a cigarette,0 days,Did not smoke cigarettes,NA
329847,1999,Never wore a helmet,NA,No,Never smoked a cigarette,0 days,Did not smoke cigarettes,NA
1311389,2013,Never wore a helmet,3 to 5 days,Yes,NA,NA,NA,FALSE
270695,1997,Did not ride a bicycle,NA,Yes,8 years old or younger,0 days,Did not smoke cigarettes,NA
1097724,2011,Never wore a helmet,NA,NA,NA,0 days,Did not smoke cigarettes,FALSE
1309841,2013,Did not ride a bicycle,10 to 19 days,No,Never smoked a cigarette,0 days,Did not smoke cigarettes,FALSE
633162,2005,Rarely wore a helmet,NA,No,Never smoked a cigarette,0 days,Did not smoke cigarettes,NA
1105825,2011,Sometimes wore a helmet,NA,Yes,Never smoked a cigarette,NA,NA,TRUE
37627,1991,Did not ride a bicycle,NA,No,Never smoked a cigarette,0 days,Did not smoke cigarettes,NA
632603,2005,Did not ride a bicycle,NA,No,Never smoked a cigarette,0 days,Did not smoke cigarettes,NA
503566,2003,Never wore a helmet,NA,Yes,15 or 16 years old,0 days,Did not smoke cigarettes,NA
399392,2001,Did not ride a bicycle,NA,Yes,Never smoked a cigarette,0 days,Did not smoke cigarettes,NA
1096854,2011,Never wore a helmet,NA,No,Never smoked a cigarette,0 days,Did not smoke cigarettes,FALSE
34196,1991,Did not ride a bicycle,NA,Yes,Never smoked a cigarette,0 days,Did not smoke cigarettes,NA
929327,2009,Did not ride a bicycle,NA,No,Never smoked a cigarette,0 days,Did not smoke cigarettes,TRUE
1107905,2011,Never wore a helmet,NA,No,Never smoked a cigarette,0 days,Did not smoke cigarettes,TRUE
508407,2003,Never wore a helmet,NA,Yes,13 or 14 years old,0 days,Did not smoke cigarettes,NA
184105,1995,Did not ride a bicycle,NA,No,Never smoked a cigarette,0 days,Did not smoke cigarettes,NA
180794,1995,Rarely wore a helmet,NA,Yes,11 or 12 years old,6 to 9 days,2 to 5 cigarettes,NA
505451,2003,Did not ride a bicycle,NA,No,Never smoked a cigarette,0 days,Did not smoke cigarettes,NA
637034,2005,Did not ride a bicycle,NA,Yes,13 or 14 years old,0 days,Did not smoke cigarettes,NA
922295,2009,Never wore a helmet,NA,Yes,11 or 12 years old,6 to 9 days,1 cigarette,FALSE
933090,2009,Never wore a helmet,NA,No,Never smoked a cigarette,0 days,Did not smoke cigarettes,FALSE
181090,1995,Never wore a helmet,NA,Yes,NA,NA,Less than 1 cigarette,NA
1095065,2011,NA,NA,NA,Never smoked a cigarette,0 days,Did not smoke cigarettes,FALSE
42065,1991,Did not ride a bicycle,NA,No,Never smoked a cigarette,0 days,Did not smoke cigarettes,NA
121594,1993,Never wore a helmet,NA,No,Never smoked a cigarette,0 days,Did not smoke cigarettes,NA
1316687,2013,Never wore a helmet,6 to 9 days,Yes,Never smoked a cigarette,0 days,Did not smoke cigarettes,FALSE
766632,2007,Did not ride a bicycle,NA,Yes,13 or 14 years old,20 to 29 days,6 to 10 cigarettes,NA
923237,2009,Never wore a helmet,NA,Yes,8 years old or younger,0 days,Did not smoke cigarettes,FALSE
1309662,2013,Never wore a helmet,All 30 days,Yes,11 or 12 years old,0 days,Did not smoke cigarettes,FALSE
632725,2005,Never wore a helmet,NA,No,Never smoked a cigarette,0 days,Did not smoke cigarettes,NA
632963,2005,Never wore a helmet,NA,No,Never smoked a cigarette,0 days,Did not smoke cigarettes,NA
772918,2007,Never wore a helmet,NA,Yes,8 years old or younger,NA,NA,NA
269831,1997,Never wore a helmet,NA,NA,Never smoked a cigarette,0 days,Did not smoke cigarettes,NA
773934,2007,Never wore a helmet,NA,No,Never smoked a cigarette,0 days,Did not smoke cigarettes,NA
409741,2001,Most of the time wore a helmet,NA,Yes,15 or 16 years old,NA,NA,NA
502999,2003,Always wore a helmet,NA,No,Never smoked a cigarette,0 days,Did not smoke cigarettes,NA
635991,2005,Sometimes wore a helmet,NA,No,Never smoked a cigarette,0 days,Did not smoke cigarettes,NA
185873,1995,Did not ride a bicycle,NA,Yes,13 or 14 years old,20 to 29 days,2 to 5 cigarettes,NA
334305,1999,Did not ride a bicycle,NA,No,Never smoked a cigarette,0 days,Did not smoke cigarettes,NA
327117,1999,Did not ride a bicycle,NA,No,Never smoked a cigarette,0 days,Did not smoke cigarettes,NA
30631,1991,Never wore a helmet,NA,Yes,Never smoked a cigarette,0 days,Did not smoke cigarettes,NA
186947,1995,Did not ride a bicycle,NA,Yes,11 or 12 years old,0 days,Did not smoke cigarettes,NA
110334,1993,NA,NA,Yes,Never smoked a cigarette,0 days,Did not smoke cigarettes,NA
503920,2003,Never wore a helmet,NA,No,Never smoked a cigarette,0 days,Did not smoke cigarettes,NA
112836,1993,Did not ride a bicycle,NA,No,Never smoked a cigarette,0 days,Did not smoke cigarettes,NA
767688,2007,Always wore a helmet,NA,No,Never smoked a cigarette,0 days,Did not smoke cigarettes,NA
931387,2009,Never wore a helmet,NA,Yes,11 or 12 years old,0 days,Did not smoke cigarettes,FALSE
931548,2009,Never wore a helmet,NA,Yes,Never smoked a cigarette,0 days,Did not smoke cigarettes,FALSE
399291,2001,Sometimes wore a helmet,NA,Yes,Never smoked a cigarette,0 days,Did not smoke cigarettes,NA
259436,1997,Did not ride a bicycle,NA,Yes,9 or 10 years old,10 to 19 days,2 to 5 cigarettes,NA
38642,1991,Did not ride a bicycle,NA,No,Never smoked a cigarette,0 days,Did not smoke cigarettes,NA
934456,2009,Never wore a helmet,NA,No,Never smoked a cigarette,0 days,Did not smoke cigarettes,TRUE
928927,2009,NA,NA,No,Never smoked a cigarette,0 days,Did not smoke cigarettes,FALSE
638509,2005,Never wore a helmet,NA,No,Never smoked a cigarette,0 days,Did not smoke cigarettes,NA
38115,1991,Did not ride a bicycle,NA,No,Never smoked a cigarette,0 days,Did not smoke cigarettes,NA
930115,2009,Did not ride a bicycle,NA,Yes,17 years old or older,3 to 5 days,2 to 5 cigarettes,FALSE
32791,1991,Did not ride a bicycle,NA,Yes,13 or 14 years old,0 days,Did not smoke cigarettes,NA
933406,2009,Did not ride a bicycle,NA,No,Never smoked a cigarette,0 days,Did not smoke cigarettes,FALSE
636086,2005,Did not ride a bicycle,NA,No,Never smoked a cigarette,0 days,Did not smoke cigarettes,NA
1308176,2013,Did not ride a bicycle,0 days,Yes,Never smoked a cigarette,0 days,Did not smoke cigarettes,FALSE
922281,2009,Never wore a helmet,NA,No,Never smoked a cigarette,0 days,Did not smoke cigarettes,FALSE
1109544,2011,Did not ride a bicycle,NA,No,Never smoked a cigarette,0 days,Did not smoke cigarettes,TRUE
1103993,2011,Did not ride a bicycle,NA,No,Never smoked a cigarette,0 days,Did not smoke cigarettes,FALSE
636271,2005,Rarely wore a helmet,NA,No,Never smoked a cigarette,0 days,Did not smoke cigarettes,NA
1107836,2011,Never wore a helmet,NA,Yes,Never smoked a cigarette,0 days,Did not smoke cigarettes,FALSE
408570,2001,Never wore a helmet,NA,NA,Never smoked a cigarette,0 days,Did not smoke cigarettes,NA
1314534,2013,Did not ride a bicycle,0 days,No,Never smoked a cigarette,0 days,Did not smoke cigarettes,FALSE
107059,1993,Never wore a helmet,NA,Yes,Never smoked a cigarette,0 days,Did not smoke cigarettes,NA
401241,2001,Never wore a helmet,NA,Yes,Never smoked a cigarette,0 days,Did not smoke cigarettes,NA
1098825,2011,Never wore a helmet,NA,Yes,15 or 16 years old,0 days,Did not smoke cigarettes,TRUE
332736,1999,Did not ride a bicycle,NA,Yes,11 or 12 years old,0 days,Did not smoke cigarettes,NA
635920,2005,Rarely wore a helmet,NA,Yes,13 or 14 years old,1 or 2 days,Less than 1 cigarette,NA
331888,1999,Did not ride a bicycle,NA,Yes,15 or 16 years old,3 to 5 days,Less than 1 cigarette,NA
406056,2001,Sometimes wore a helmet,NA,No,Never smoked a cigarette,0 days,Did not smoke cigarettes,NA
923716,2009,Sometimes wore a helmet,NA,No,Never smoked a cigarette,0 days,Did not smoke cigarettes,FALSE
35762,1991,Never wore a helmet,NA,No,Never smoked a cigarette,0 days,Did not smoke cigarettes,NA
513994,2003,Did not ride a bicycle,NA,No,Never smoked a cigarette,0 days,Did not smoke cigarettes,NA
190817,1995,Did not ride a bicycle,NA,Yes,17 years old or older,10 to 19 days,2 to 5 cigarettes,NA
933152,2009,Sometimes wore a helmet,NA,No,Never smoked a cigarette,0 days,Did not smoke cigarettes,TRUE
933329,2009,Did not ride a bicycle,NA,No,Never smoked a cigarette,0 days,Did not smoke cigarettes,FALSE
641782,2005,Never wore a helmet,NA,Yes,17 years old or older,1 or 2 days,Less than 1 cigarette,NA
112947,1993,Did not ride a bicycle,NA,No,Never smoked a cigarette,0 days,Did not smoke cigarettes,NA
1314553,2013,Did not ride a bicycle,All 30 days,Yes,Never smoked a cigarette,0 days,Did not smoke cigarettes,TRUE
257089,1997,Rarely wore a helmet,NA,Yes,Never smoked a cigarette,0 days,Did not smoke cigarettes,NA
37860,1991,Did not ride a bicycle,NA,No,Never smoked a cigarette,0 days,Did not smoke cigarettes,NA
929773,2009,Never wore a helmet,NA,Yes,13 or 14 years old,All 30 days,11 to 20 cigarettes,FALSE
38846,1991,Never wore a helmet,NA,Yes,13 or 14 years old,All 30 days,6 to 10 cigarettes,NA
188779,1995,Never wore a helmet,NA,Yes,11 or 12 years old,0 days,Did not smoke cigarettes,NA
36220,1991,Never wore a helmet,NA,Yes,13 or 14 years old,0 days,Did not smoke cigarettes,NA
397197,2001,Never wore a helmet,NA,No,Never smoked a cigarette,0 days,Did not smoke cigarettes,NA
263362,1997,Did not ride a bicycle,NA,No,Never smoked a cigarette,0 days,Did not smoke cigarettes,NA
628785,2005,Never wore a helmet,NA,Yes,13 or 14 years old,0 days,Did not smoke cigarettes,NA
505272,2003,Did not ride a bicycle,NA,NA,Never smoked a cigarette,0 days,NA,NA
499463,2003,Rarely wore a helmet,NA,No,Never smoked a cigarette,0 days,Did not smoke cigarettes,NA
39430,1991,Never wore a helmet,NA,Yes,15 or 16 years old,0 days,Did not smoke cigarettes,NA
629511,2005,Never wore a helmet,NA,Yes,13 or 14 years old,1 or 2 days,1 cigarette,NA
185026,1995,Never wore a helmet,NA,No,Never smoked a cigarette,0 days,Did not smoke cigarettes,NA
34987,1991,Never wore a helmet,NA,NA,NA,0 days,Did not smoke cigarettes,NA
109661,1993,Never wore a helmet,NA,No,Never smoked a cigarette,0 days,Did not smoke cigarettes,NA
113802,1993,Did not ride a bicycle,NA,Yes,13 or 14 years old,0 days,Did not smoke cigarettes,NA
30836,1991,Rarely wore a helmet,NA,No,Never smoked a cigarette,0 days,Did not smoke cigarettes,NA
762810,2007,NA,NA,NA,NA,0 days,Did not smoke cigarettes,NA
923979,2009,Always wore a helmet,NA,NA,NA,0 days,Did not smoke cigarettes,FALSE
117634,1993,Never wore a helmet,NA,Yes,13 or 14 years old,1 or 2 days,Less than 1 cigarette,NA
1101326,2011,Never wore a helmet,NA,No,Never smoked a cigarette,0 days,Did not smoke cigarettes,FALSE
408683,2001,Did not ride a bicycle,NA,No,Never smoked a cigarette,0 days,Did not smoke cigarettes,NA
1100437,2011,Never wore a helmet,NA,NA,15 or 16 years old,0 days,NA,FALSE
36725,1991,Did not ride a bicycle,NA,Yes,13 or 14 years old,0 days,Did not smoke cigarettes,NA
768799,2007,Sometimes wore a helmet,NA,No,Never smoked a cigarette,0 days,Did not smoke cigarettes,NA
34225,1991,Never wore a helmet,NA,No,Never smoked a cigarette,0 days,Did not smoke cigarettes,NA
403771,2001,Did not ride a bicycle,NA,Yes,13 or 14 years old,0 days,Did not smoke cigarettes,NA
638363,2005,Never wore a helmet,NA,Yes,11 or 12 years old,All 30 days,11 to 20 cigarettes,NA
926134,2009,Did not ride a bicycle,NA,Yes,15 or 16 years old,0 days,Did not smoke cigarettes,FALSE
937359,2009,Sometimes wore a helmet,NA,No,Never smoked a cigarette,0 days,Did not smoke cigarettes,FALSE
263630,1997,Did not ride a bicycle,NA,NA,Never smoked a cigarette,0 days,Did not smoke cigarettes,NA
408924,2001,Did not ride a bicycle,NA,Yes,13 or 14 years old,All 30 days,11 to 20 cigarettes,NA
507114,2003,Never wore a helmet,NA,Yes,Never smoked a cigarette,0 days,Did not smoke cigarettes,NA
401927,2001,Always wore a helmet,NA,Yes,17 years old or older,NA,NA,NA
1102884,2011,Did not ride a bicycle,NA,Yes,11 or 12 years old,0 days,Did not smoke cigarettes,TRUE
761766,2007,Did not ride a bicycle,NA,Yes,13 or 14 years old,0 days,Did not smoke cigarettes,NA
1309241,2013,Did not ride a bicycle,3 to 5 days,No,Never smoked a cigarette,0 days,Did not smoke cigarettes,FALSE
183404,1995,Did not ride a bicycle,NA,Yes,13 or 14 years old,0 days,Did not smoke cigarettes,NA
258539,1997,Never wore a helmet,NA,Yes,15 or 16 years old,1 or 2 days,Less than 1 cigarette,NA
1304430,2013,Never wore a helmet,0 days,Yes,15 or 16 years old,0 days,Did not smoke cigarettes,FALSE
926458,2009,Did not ride a bicycle,NA,No,Never smoked a cigarette,0 days,Did not smoke cigarettes,FALSE
923890,2009,Always wore a helmet,NA,No,Never smoked a cigarette,0 days,Did not smoke cigarettes,FALSE
403658,2001,Did not ride a bicycle,NA,Yes,13 or 14 years old,0 days,Did not smoke cigarettes,NA
402652,2001,Always wore a helmet,NA,Yes,NA,NA,NA,NA
924224,2009,Always wore a helmet,NA,No,Never smoked a cigarette,0 days,Did not smoke cigarettes,FALSE
119733,1993,Never wore a helmet,NA,No,Never smoked a cigarette,0 days,Did not smoke cigarettes,NA
1099472,2011,Never wore a helmet,NA,No,Never smoked a cigarette,0 days,Did not smoke cigarettes,FALSE
1308787,2013,Rarely wore a helmet,3 to 5 days,No,Never smoked a cigarette,0 days,Did not smoke cigarettes,TRUE
1309172,2013,Never wore a helmet,6 to 9 days,Yes,9 or 10 years old,NA,NA,FALSE
35261,1991,Never wore a helmet,NA,No,Never smoked a cigarette,0 days,Did not smoke cigarettes,NA
182079,1995,Did not ride a bicycle,NA,Yes,9 or 10 years old,All 30 days,11 to 20 cigarettes,NA
635652,2005,Never wore a helmet,NA,No,Never smoked a cigarette,0 days,Did not smoke cigarettes,NA
1310317,2013,Never wore a helmet,All 30 days,No,Never smoked a cigarette,0 days,Did not smoke cigarettes,FALSE
186547,1995,Never wore a helmet,NA,No,Never smoked a cigarette,0 days,Did not smoke cigarettes,NA
401798,2001,Did not ride a bicycle,NA,No,Never smoked a cigarette,0 days,Did not smoke cigarettes,NA
1100173,2011,Did not ride a bicycle,NA,NA,NA,0 days,Did not smoke cigarettes,FALSE
107759,1993,Never wore a helmet,NA,Yes,11 or 12 years old,0 days,Did not smoke cigarettes,NA
191010,1995,Did not ride a bicycle,NA,Yes,8 years old or younger,0 days,Did not smoke cigarettes,NA
1097367,2011,Rarely wore a helmet,NA,No,Never smoked a cigarette,0 days,Did not smoke cigarettes,FALSE
121955,1993,Did not ride a bicycle,NA,Yes,15 or 16 years old,10 to 19 days,1 cigarette,NA
635038,2005,Never wore a helmet,NA,Yes,9 or 10 years old,NA,NA,NA
929462,2009,Never wore a helmet,NA,No,Never smoked a cigarette,0 days,Did not smoke cigarettes,FALSE
403806,2001,Never wore a helmet,NA,Yes,9 or 10 years old,0 days,Did not smoke cigarettes,NA
259126,1997,Never wore a helmet,NA,No,Never smoked a cigarette,0 days,Did not smoke cigarettes,NA
181718,1995,Never wore a helmet,NA,Yes,13 or 14 years old,1 or 2 days,1 cigarette,NA
924784,2009,Did not ride a bicycle,NA,Yes,13 or 14 years old,0 days,Did not smoke cigarettes,TRUE
501184,2003,Rarely wore a helmet,NA,No,Never smoked a cigarette,0 days,Did not smoke cigarettes,NA
401954,2001,Did not ride a bicycle,NA,No,Never smoked a cigarette,0 days,Did not smoke cigarettes,NA
399399,2001,Did not ride a bicycle,NA,No,Never smoked a cigarette,0 days,Did not smoke cigarettes,NA
325503,1999,Never wore a helmet,NA,NA,NA,NA,NA,NA
256351,1997,Never wore a helmet,NA,No,Never smoked a cigarette,0 days,Did not smoke cigarettes,NA
258978,1997,Rarely wore a helmet,NA,No,Never smoked a cigarette,0 days,Did not smoke cigarettes,NA
185719,1995,Most of the time wore a helmet,NA,Yes,13 or 14 years old,NA,NA,NA
122194,1993,Never wore a helmet,NA,No,Never smoked a cigarette,0 days,Did not smoke cigarettes,NA
770161,2007,Did not ride a bicycle,NA,Yes,15 or 16 years old,10 to 19 days,2 to 5 cigarettes,NA
931589,2009,Rarely wore a helmet,NA,Yes,13 or 14 years old,1 or 2 days,Less than 1 cigarette,TRUE
1304451,2013,Did not ride a bicycle,I did not drive the past 30 days,No,Never smoked a cigarette,0 days,Did not smoke cigarettes,FALSE
111606,1993,Did not ride a bicycle,NA,Yes,Never smoked a cigarette,0 days,Did not smoke cigarettes,NA
761045,2007,NA,NA,Yes,9 or 10 years old,All 30 days,6 to 10 cigarettes,NA
330766,1999,Did not ride a bicycle,NA,No,Never smoked a cigarette,0 days,Did not smoke cigarettes,NA
266827,1997,Never wore a helmet,NA,Yes,8 years old or younger,NA,NA,NA
499682,2003,Never wore a helmet,NA,NA,13 or 14 years old,1 or 2 days,Less than 1 cigarette,NA
266754,1997,Did not ride a bicycle,NA,Yes,15 or 16 years old,0 days,Did not smoke cigarettes,NA
107695,1993,Never wore a helmet,NA,Yes,Never smoked a cigarette,0 days,Did not smoke cigarettes,NA
771473,2007,NA,NA,Yes,13 or 14 years old,1 or 2 days,1 cigarette,NA
323163,1999,Never wore a helmet,NA,No,Never smoked a cigarette,0 days,Did not smoke cigarettes,NA
188111,1995,Always wore a helmet,NA,No,Never smoked a cigarette,0 days,Did not smoke cigarettes,NA
257262,1997,Sometimes wore a helmet,NA,Yes,13 or 14 years old,0 days,Did not smoke cigarettes,NA
403400,2001,Did not ride a bicycle,NA,Yes,Never smoked a cigarette,0 days,Did not smoke cigarettes,NA
119158,1993,Did not ride a bicycle,NA,Yes,13 or 14 years old,6 to 9 days,Less than 1 cigarette,NA
401101,2001,Sometimes wore a helmet,NA,Yes,8 years old or younger,1 or 2 days,Less than 1 cigarette,NA
505666,2003,Sometimes wore a helmet,NA,No,Never smoked a cigarette,0 days,Did not smoke cigarettes,NA
405332,2001,Did not ride a bicycle,NA,No,Never smoked a cigarette,0 days,Did not smoke cigarettes,NA
187716,1995,Did not ride a bicycle,NA,Yes,Never smoked a cigarette,0 days,Did not smoke cigarettes,NA
501520,2003,Sometimes wore a helmet,NA,No,Never smoked a cigarette,0 days,Did not smoke cigarettes,NA
1307622,2013,Never wore a helmet,1 or 2 days,Yes,15 or 16 years old,1 or 2 days,Less than 1 cigarette,TRUE
638147,2005,Never wore a helmet,NA,Yes,Never smoked a cigarette,0 days,Did not smoke cigarettes,NA
501855,2003,Never wore a helmet,NA,Yes,Never smoked a cigarette,0 days,Did not smoke cigarettes,NA
768550,2007,Never wore a helmet,NA,Yes,Never smoked a cigarette,0 days,Did not smoke cigarettes,NA
934413,2009,Never wore a helmet,NA,Yes,Never smoked a cigarette,0 days,Did not smoke cigarettes,TRUE
1098065,2011,Did not ride a bicycle,NA,Yes,Never smoked a cigarette,0 days,Did not smoke cigarettes,FALSE
1303854,2013,Never wore a helmet,I did not drive the past 30 days,No,Never smoked a cigarette,0 days,Did not smoke cigarettes,FALSE
41608,1991,Did not ride a bicycle,NA,No,Never smoked a cigarette,0 days,Did not smoke cigarettes,NA
120150,1993,Did not ride a bicycle,NA,Yes,15 or 16 years old,0 days,Did not smoke cigarettes,NA
932482,2009,Never wore a helmet,NA,NA,NA,0 days,Did not smoke cigarettes,FALSE
35208,1991,Did not ride a bicycle,NA,No,Never smoked a cigarette,0 days,Did not smoke cigarettes,NA
1095722,2011,Sometimes wore a helmet,NA,Yes,15 or 16 years old,3 to 5 days,2 to 5 cigarettes,FALSE
924950,2009,Never wore a helmet,NA,Yes,13 or 14 years old,NA,NA,FALSE
407084,2001,Did not ride a bicycle,NA,No,Never smoked a cigarette,0 days,Did not smoke cigarettes,NA
766948,2007,Never wore a helmet,NA,Yes,13 or 14 years old,3 to 5 days,2 to 5 cigarettes,NA
331482,1999,Sometimes wore a helmet,NA,No,Never smoked a cigarette,0 days,Did not smoke cigarettes,NA
768873,2007,Never wore a helmet,NA,No,Never smoked a cigarette,0 days,Did not smoke cigarettes,NA
408530,2001,NA,NA,No,Never smoked a cigarette,0 days,Did not smoke cigarettes,NA
259105,1997,Rarely wore a helmet,NA,No,Never smoked a cigarette,0 days,Did not smoke cigarettes,NA
629325,2005,Always wore a helmet,NA,No,Never smoked a cigarette,0 days,Did not smoke cigarettes,NA
1100014,2011,Most of the time wore a helmet,NA,No,Never smoked a cigarette,0 days,Did not smoke cigarettes,FALSE
631029,2005,Did not ride a bicycle,NA,No,Never smoked a cigarette,0 days,Did not smoke cigarettes,NA
499457,2003,Never wore a helmet,NA,No,Never smoked a cigarette,0 days,Did not smoke cigarettes,NA
111310,1993,Never wore a helmet,NA,Yes,15 or 16 years old,3 to 5 days,1 cigarette,NA
509269,2003,Never wore a helmet,NA,Yes,13 or 14 years old,3 to 5 days,1 cigarette,NA
1308250,2013,Did not ride a bicycle,0 days,No,Never smoked a cigarette,0 days,Did not smoke cigarettes,FALSE
330118,1999,Never wore a helmet,NA,NA,NA,NA,NA,NA
499962,2003,NA,NA,No,NA,0 days,Did not smoke cigarettes,NA
1307588,2013,Never wore a helmet,All 30 days,Yes,11 or 12 years old,All 30 days,2 to 5 cigarettes,FALSE
768403,2007,Rarely wore a helmet,NA,No,Never smoked a cigarette,0 days,Did not smoke cigarettes,NA
329057,1999,Did not ride a bicycle,NA,Yes,13 or 14 years old,All 30 days,6 to 10 cigarettes,NA
396228,2001,Never wore a helmet,NA,No,Never smoked a cigarette,0 days,Did not smoke cigarettes,NA
505805,2003,Did not ride a bicycle,NA,Yes,13 or 14 years old,0 days,Did not smoke cigarettes,NA
629397,2005,Most of the time wore a helmet,NA,No,Never smoked a cigarette,0 days,Did not smoke cigarettes,NA
261888,1997,Did not ride a bicycle,NA,No,Never smoked a cigarette,0 days,Did not smoke cigarettes,NA
1316878,2013,Did not ride a bicycle,I did not drive the past 30 days,Yes,Never smoked a cigarette,0 days,Did not smoke cigarettes,FALSE
326652,1999,Did not ride a bicycle,NA,Yes,13 or 14 years old,3 to 5 days,2 to 5 cigarettes,NA
774468,2007,Never wore a helmet,NA,Yes,9 or 10 years old,0 days,Did not smoke cigarettes,NA
407296,2001,Never wore a helmet,NA,Yes,Never smoked a cigarette,0 days,Did not smoke cigarettes,NA
923327,2009,Did not ride a bicycle,NA,No,Never smoked a cigarette,0 days,Did not smoke cigarettes,FALSE
407372,2001,Did not ride a bicycle,NA,Yes,Never smoked a cigarette,0 days,Did not smoke cigarettes,NA
191329,1995,Never wore a helmet,NA,No,Never smoked a cigarette,0 days,Did not smoke cigarettes,NA
1305868,2013,Did not ride a bicycle,0 days,Yes,8 years old or younger,0 days,Did not smoke cigarettes,FALSE
765078,2007,Never wore a helmet,NA,No,Never smoked a cigarette,0 days,Did not smoke cigarettes,NA
1304280,2013,Never wore a helmet,0 days,Yes,13 or 14 years old,1 or 2 days,1 cigarette,TRUE
1109331,2011,Never wore a helmet,NA,Yes,Never smoked a cigarette,0 days,Did not smoke cigarettes,TRUE
37503,1991,Did not ride a bicycle,NA,Yes,13 or 14 years old,1 or 2 days,1 cigarette,NA
1105968,2011,Never wore a helmet,NA,Yes,15 or 16 years old,0 days,Did not smoke cigarettes,FALSE
1314279,2013,Never wore a helmet,I did not drive the past 30 days,No,Never smoked a cigarette,0 days,Did not smoke cigarettes,FALSE
33630,1991,NA,NA,Yes,8 years old or younger,1 or 2 days,Less than 1 cigarette,NA
636165,2005,Did not ride a bicycle,NA,Yes,15 or 16 years old,3 to 5 days,1 cigarette,NA
40357,1991,Never wore a helmet,NA,Yes,Never smoked a cigarette,0 days,Did not smoke cigarettes,NA
1102215,2011,Never wore a helmet,NA,NA,Never smoked a cigarette,0 days,NA,FALSE
1095373,2011,Never wore a helmet,NA,Yes,15 or 16 years old,1 or 2 days,1 cigarette,FALSE
503897,2003,Sometimes wore a helmet,NA,No,Never smoked a cigarette,0 days,Did not smoke cigarettes,NA
109391,1993,Never wore a helmet,NA,Yes,Never smoked a cigarette,0 days,Did not smoke cigarettes,NA
332036,1999,Did not ride a bicycle,NA,Yes,11 or 12 years old,20 to 29 days,2 to 5 cigarettes,NA
760520,2007,Never wore a helmet,NA,Yes,8 years old or younger,All 30 days,More than 20 cigarettes,NA
401588,2001,Did not ride a bicycle,NA,Yes,13 or 14 years old,3 to 5 days,2 to 5 cigarettes,NA
936577,2009,Always wore a helmet,NA,Yes,13 or 14 years old,1 or 2 days,Less than 1 cigarette,TRUE
1310407,2013,Did not ride a bicycle,10 to 19 days,Yes,11 or 12 years old,0 days,Did not smoke cigarettes,FALSE
770736,2007,Did not ride a bicycle,NA,Yes,Never smoked a cigarette,0 days,Did not smoke cigarettes,NA
1097097,2011,Never wore a helmet,NA,No,Never smoked a cigarette,0 days,Did not smoke cigarettes,FALSE
189089,1995,Did not ride a bicycle,NA,Yes,13 or 14 years old,All 30 days,2 to 5 cigarettes,NA
505705,2003,Did not ride a bicycle,NA,No,Never smoked a cigarette,0 days,Did not smoke cigarettes,NA
634832,2005,Did not ride a bicycle,NA,No,Never smoked a cigarette,0 days,Did not smoke cigarettes,NA
113717,1993,Never wore a helmet,NA,Yes,15 or 16 years old,All 30 days,6 to 10 cigarettes,NA
397805,2001,Rarely wore a helmet,NA,No,Never smoked a cigarette,0 days,Did not smoke cigarettes,NA
628921,2005,Most of the time wore a helmet,NA,No,Never smoked a cigarette,0 days,Did not smoke cigarettes,NA
405670,2001,Did not ride a bicycle,NA,No,Never smoked a cigarette,0 days,Did not smoke cigarettes,NA
1105575,2011,Did not ride a bicycle,NA,No,Never smoked a cigarette,0 days,Did not smoke cigarettes,FALSE
30635,1991,Never wore a helmet,NA,Yes,13 or 14 years old,0 days,Did not smoke cigarettes,NA
40618,1991,Never wore a helmet,NA,Yes,13 or 14 years old,All 30 days,2 to 5 cigarettes,NA
403086,2001,Did not ride a bicycle,NA,No,Never smoked a cigarette,0 days,Did not smoke cigarettes,NA
929798,2009,Never wore a helmet,NA,NA,NA,NA,NA,NA
505538,2003,Did not ride a bicycle,NA,No,Never smoked a cigarette,0 days,Did not smoke cigarettes,NA
1095251,2011,Never wore a helmet,NA,Yes,9 or 10 years old,10 to 19 days,1 cigarette,FALSE
260173,1997,Never wore a helmet,NA,Yes,13 or 14 years old,1 or 2 days,Less than 1 cigarette,NA
925612,2009,Most of the time wore a helmet,NA,No,Never smoked a cigarette,0 days,Did not smoke cigarettes,FALSE
329274,1999,Never wore a helmet,NA,No,Never smoked a cigarette,0 days,Did not smoke cigarettes,NA
1307785,2013,Did not ride a bicycle,0 days,Yes,15 or 16 years old,1 or 2 days,Less than 1 cigarette,FALSE
1106311,2011,Never wore a helmet,NA,NA,15 or 16 years old,3 to 5 days,NA,TRUE
504525,2003,Did not ride a bicycle,NA,No,Never smoked a cigarette,0 days,Did not smoke cigarettes,NA
763101,2007,NA,NA,Yes,15 or 16 years old,3 to 5 days,1 cigarette,NA
189226,1995,Never wore a helmet,NA,Yes,9 or 10 years old,20 to 29 days,2 to 5 cigarettes,NA
185864,1995,Never wore a helmet,NA,No,Never smoked a cigarette,0 days,Did not smoke cigarettes,NA
264556,1997,Never wore a helmet,NA,No,Never smoked a cigarette,0 days,Did not smoke cigarettes,NA
257998,1997,Did not ride a bicycle,NA,Yes,13 or 14 years old,0 days,Did not smoke cigarettes,NA
321433,1999,Never wore a helmet,NA,No,Never smoked a cigarette,0 days,Did not smoke cigarettes,NA
182417,1995,Never wore a helmet,NA,No,Never smoked a cigarette,0 days,Did not smoke cigarettes,NA
1107677,2011,Never wore a helmet,NA,Yes,Never smoked a cigarette,0 days,Did not smoke cigarettes,FALSE
632553,2005,Did not ride a bicycle,NA,No,Never smoked a cigarette,0 days,Did not smoke cigarettes,NA
406336,2001,Never wore a helmet,NA,Yes,13 or 14 years old,0 days,Did not smoke cigarettes,NA
335379,1999,Never wore a helmet,NA,Yes,11 or 12 years old,All 30 days,11 to 20 cigarettes,NA
631098,2005,NA,NA,Yes,Never smoked a cigarette,0 days,Did not smoke cigarettes,NA
408641,2001,Did not ride a bicycle,NA,No,Never smoked a cigarette,0 days,Did not smoke cigarettes,NA
398205,2001,Never wore a helmet,NA,Yes,8 years old or younger,3 to 5 days,1 cigarette,NA
508228,2003,Did not ride a bicycle,NA,Yes,Never smoked a cigarette,0 days,Did not smoke cigarettes,NA
256580,1997,Did not ride a bicycle,NA,Yes,9 or 10 years old,All 30 days,2 to 5 cigarettes,NA
121973,1993,NA,NA,No,Never smoked a cigarette,0 days,Did not smoke cigarettes,NA
1099868,2011,Did not ride a bicycle,NA,Yes,Never smoked a cigarette,0 days,Did not smoke cigarettes,FALSE
1106432,2011,Did not ride a bicycle,NA,Yes,15 or 16 years old,1 or 2 days,2 to 5 cigarettes,TRUE
628736,2005,Never wore a helmet,NA,No,Never smoked a cigarette,0 days,Did not smoke cigarettes,NA
264594,1997,Never wore a helmet,NA,Yes,13 or 14 years old,0 days,Did not smoke cigarettes,NA
924392,2009,Did not ride a bicycle,NA,No,Never smoked a cigarette,0 days,Did not smoke cigarettes,FALSE
926916,2009,Always wore a helmet,NA,Yes,17 years old or older,All 30 days,More than 20 cigarettes,TRUE
1094596,2011,Did not ride a bicycle,NA,Yes,Never smoked a cigarette,0 days,NA,FALSE
109434,1993,Never wore a helmet,NA,Yes,8 years old or younger,1 or 2 days,2 to 5 cigarettes,NA
31166,1991,Never wore a helmet,NA,No,Never smoked a cigarette,0 days,Did not smoke cigarettes,NA
503904,2003,Did not ride a bicycle,NA,Yes,Never smoked a cigarette,0 days,Did not smoke cigarettes,NA
181416,1995,Never wore a helmet,NA,No,Never smoked a cigarette,0 days,Did not smoke cigarettes,NA
265602,1997,Did not ride a bicycle,NA,No,Never smoked a cigarette,0 days,Did not smoke cigarettes,NA
926408,2009,Never wore a helmet,NA,NA,NA,0 days,Did not smoke cigarettes,FALSE
922763,2009,Did not ride a bicycle,NA,No,Never smoked a cigarette,0 days,Did not smoke cigarettes,FALSE
184288,1995,Never wore a helmet,NA,Yes,Never smoked a cigarette,0 days,Did not smoke cigarettes,NA
185875,1995,Never wore a helmet,NA,Yes,NA,NA,NA,NA
1310700,2013,Did not ride a bicycle,I did not drive the past 30 days,NA,NA,0 days,Did not smoke cigarettes,TRUE
629027,2005,Never wore a helmet,NA,No,Never smoked a cigarette,0 days,Did not smoke cigarettes,NA
119366,1993,Never wore a helmet,NA,Yes,13 or 14 years old,3 to 5 days,1 cigarette,NA
265278,1997,Always wore a helmet,NA,Yes,Never smoked a cigarette,0 days,Did not smoke cigarettes,NA
1306747,2013,Never wore a helmet,6 to 9 days,Yes,15 or 16 years old,0 days,Did not smoke cigarettes,FALSE
511188,2003,Always wore a helmet,NA,Yes,Never smoked a cigarette,0 days,Did not smoke cigarettes,NA
1308146,2013,Did not ride a bicycle,NA,No,Never smoked a cigarette,0 days,Did not smoke cigarettes,FALSE
398611,2001,Sometimes wore a helmet,NA,NA,NA,NA,NA,NA
32133,1991,NA,NA,Yes,Never smoked a cigarette,0 days,Did not smoke cigarettes,NA
186166,1995,Sometimes wore a helmet,NA,No,Never smoked a cigarette,0 days,Did not smoke cigarettes,NA
1316280,2013,Did not ride a bicycle,0 days,No,Never smoked a cigarette,0 days,Did not smoke cigarettes,FALSE
333633,1999,Never wore a helmet,NA,Yes,13 or 14 years old,1 or 2 days,Less than 1 cigarette,NA
638307,2005,Did not ride a bicycle,NA,No,Never smoked a cigarette,0 days,Did not smoke cigarettes,NA
508124,2003,Never wore a helmet,NA,No,Never smoked a cigarette,0 days,Did not smoke cigarettes,NA
322124,1999,Rarely wore a helmet,NA,No,Never smoked a cigarette,0 days,Did not smoke cigarettes,NA
41906,1991,Never wore a helmet,NA,Yes,Never smoked a cigarette,0 days,Did not smoke cigarettes,NA
509270,2003,Rarely wore a helmet,NA,Yes,13 or 14 years old,10 to 19 days,1 cigarette,NA
500166,2003,Never wore a helmet,NA,Yes,Never smoked a cigarette,0 days,Did not smoke cigarettes,NA
333953,1999,Did not ride a bicycle,NA,No,Never smoked a cigarette,0 days,Did not smoke cigarettes,NA
264805,1997,Never wore a helmet,NA,Yes,13 or 14 years old,NA,NA,NA
405843,2001,Always wore a helmet,NA,No,Never smoked a cigarette,0 days,Did not smoke cigarettes,NA
1109478,2011,Never wore a helmet,NA,Yes,15 or 16 years old,0 days,Did not smoke cigarettes,TRUE
260572,1997,Never wore a helmet,NA,No,Never smoked a cigarette,0 days,Did not smoke cigarettes,NA
768357,2007,Sometimes wore a helmet,NA,No,Never smoked a cigarette,0 days,Did not smoke cigarettes,NA
266615,1997,Did not ride a bicycle,NA,Yes,15 or 16 years old,10 to 19 days,Less than 1 cigarette,NA
1109152,2011,Never wore a helmet,NA,No,Never smoked a cigarette,0 days,Did not smoke cigarettes,FALSE
634229,2005,Never wore a helmet,NA,No,Never smoked a cigarette,0 days,Did not smoke cigarettes,NA
111342,1993,Sometimes wore a helmet,NA,No,Never smoked a cigarette,0 days,Did not smoke cigarettes,NA
324262,1999,Never wore a helmet,NA,No,Never smoked a cigarette,0 days,Did not smoke cigarettes,NA
258173,1997,Never wore a helmet,NA,No,Never smoked a cigarette,0 days,Did not smoke cigarettes,NA
407470,2001,Never wore a helmet,NA,No,Never smoked a cigarette,0 days,Did not smoke cigarettes,NA
266454,1997,Never wore a helmet,NA,No,Never smoked a cigarette,0 days,Did not smoke cigarettes,NA
760625,2007,NA,NA,Yes,Never smoked a cigarette,0 days,Did not smoke cigarettes,NA
635578,2005,Never wore a helmet,NA,Yes,13 or 14 years old,0 days,Did not smoke cigarettes,NA
1317062,2013,Did not ride a bicycle,I did not drive the past 30 days,No,Never smoked a cigarette,0 days,Did not smoke cigarettes,FALSE
329978,1999,Never wore a helmet,NA,No,Never smoked a cigarette,0 days,Did not smoke cigarettes,NA
113461,1993,Never wore a helmet,NA,Yes,15 or 16 years old,1 or 2 days,Less than 1 cigarette,NA
39625,1991,Did not ride a bicycle,NA,Yes,Never smoked a cigarette,0 days,Did not smoke cigarettes,NA
768669,2007,Sometimes wore a helmet,NA,No,Never smoked a cigarette,0 days,Did not smoke cigarettes,NA
934719,2009,Rarely wore a helmet,NA,No,Never smoked a cigarette,0 days,Did not smoke cigarettes,TRUE
1097226,2011,Always wore a helmet,NA,No,Never smoked a cigarette,0 days,Did not smoke cigarettes,TRUE
396850,2001,Never wore a helmet,NA,No,Never smoked a cigarette,0 days,Did not smoke cigarettes,NA
331558,1999,Never wore a helmet,NA,Yes,13 or 14 years old,1 or 2 days,Less than 1 cigarette,NA
929368,2009,Never wore a helmet,NA,Yes,17 years old or older,0 days,Did not smoke cigarettes,TRUE
763909,2007,Did not ride a bicycle,NA,Yes,15 or 16 years old,0 days,Did not smoke cigarettes,NA
263710,1997,Never wore a helmet,NA,Yes,11 or 12 years old,0 days,Did not smoke cigarettes,NA
329554,1999,NA,NA,Yes,Never smoked a cigarette,0 days,Did not smoke cigarettes,NA
398395,2001,Never wore a helmet,NA,Yes,8 years old or younger,0 days,Did not smoke cigarettes,NA
183415,1995,Never wore a helmet,NA,Yes,15 or 16 years old,0 days,Did not smoke cigarettes,NA
505492,2003,Did not ride a bicycle,NA,Yes,11 or 12 years old,0 days,Did not smoke cigarettes,NA
111047,1993,Sometimes wore a helmet,NA,Yes,13 or 14 years old,1 or 2 days,Less than 1 cigarette,NA
260903,1997,Did not ride a bicycle,NA,Yes,Never smoked a cigarette,0 days,Did not smoke cigarettes,NA
631168,2005,Never wore a helmet,NA,NA,NA,0 days,Did not smoke cigarettes,NA
773666,2007,Did not ride a bicycle,NA,No,Never smoked a cigarette,0 days,Did not smoke cigarettes,NA
1316665,2013,Did not ride a bicycle,I did not drive the past 30 days,No,Never smoked a cigarette,0 days,Did not smoke cigarettes,FALSE
331868,1999,Did not ride a bicycle,NA,Yes,15 or 16 years old,1 or 2 days,Less than 1 cigarette,NA
1095242,2011,Did not ride a bicycle,NA,No,Never smoked a cigarette,0 days,Did not smoke cigarettes,FALSE
405865,2001,Did not ride a bicycle,NA,Yes,15 or 16 years old,0 days,Did not smoke cigarettes,NA
1315533,2013,Never wore a helmet,I did not drive the past 30 days,No,Never smoked a cigarette,0 days,Did not smoke cigarettes,TRUE
1096975,2011,Did not ride a bicycle,NA,NA,NA,0 days,Did not smoke cigarettes,FALSE
1097860,2011,Never wore a helmet,NA,No,Never smoked a cigarette,0 days,Did not smoke cigarettes,FALSE
405072,2001,Rarely wore a helmet,NA,Yes,13 or 14 years old,20 to 29 days,2 to 5 cigarettes,NA
327624,1999,Did not ride a bicycle,NA,Yes,15 or 16 years old,0 days,Did not smoke cigarettes,NA
335787,1999,Never wore a helmet,NA,Yes,17 years old or older,6 to 9 days,1 cigarette,NA
1103748,2011,Did not ride a bicycle,NA,Yes,13 or 14 years old,10 to 19 days,2 to 5 cigarettes,FALSE
406003,2001,Sometimes wore a helmet,NA,No,Never smoked a cigarette,0 days,Did not smoke cigarettes,NA
406135,2001,Did not ride a bicycle,NA,No,Never smoked a cigarette,0 days,Did not smoke cigarettes,NA
255863,1997,Did not ride a bicycle,NA,No,Never smoked a cigarette,0 days,Did not smoke cigarettes,NA
271069,1997,Never wore a helmet,NA,No,Never smoked a cigarette,0 days,Did not smoke cigarettes,NA
1308306,2013,Never wore a helmet,0 days,No,Never smoked a cigarette,0 days,Did not smoke cigarettes,FALSE
1094637,2011,Never wore a helmet,NA,Yes,13 or 14 years old,6 to 9 days,2 to 5 cigarettes,FALSE
929607,2009,Did not ride a bicycle,NA,No,Never smoked a cigarette,0 days,Did not smoke cigarettes,FALSE
116002,1993,Did not ride a bicycle,NA,Yes,13 or 14 years old,0 days,Did not smoke cigarettes,NA
1109764,2011,NA,NA,Yes,17 years old or older,0 days,Did not smoke cigarettes,NA
327478,1999,Did not ride a bicycle,NA,No,Never smoked a cigarette,0 days,Did not smoke cigarettes,NA
934726,2009,Sometimes wore a helmet,NA,No,Never smoked a cigarette,0 days,Did not smoke cigarettes,TRUE
118075,1993,Never wore a helmet,NA,No,Never smoked a cigarette,0 days,Did not smoke cigarettes,NA
638049,2005,Never wore a helmet,NA,Yes,9 or 10 years old,0 days,Did not smoke cigarettes,NA
1107673,2011,Never wore a helmet,NA,No,Never smoked a cigarette,0 days,Did not smoke cigarettes,TRUE
926985,2009,Never wore a helmet,NA,No,Never smoked a cigarette,0 days,Did not smoke cigarettes,FALSE
113777,1993,Did not ride a bicycle,NA,No,Never smoked a cigarette,0 days,Did not smoke cigarettes,NA
36542,1991,Never wore a helmet,NA,No,Never smoked a cigarette,0 days,Did not smoke cigarettes,NA
400051,2001,Never wore a helmet,NA,Yes,8 years old or younger,All 30 days,More than 20 cigarettes,NA
640117,2005,Did not ride a bicycle,NA,Yes,Never smoked a cigarette,0 days,Did not smoke cigarettes,NA
323719,1999,Never wore a helmet,NA,No,Never smoked a cigarette,0 days,Did not smoke cigarettes,NA
270820,1997,Did not ride a bicycle,NA,No,Never smoked a cigarette,0 days,Did not smoke cigarettes,NA
180584,1995,Never wore a helmet,NA,Yes,Never smoked a cigarette,0 days,Did not smoke cigarettes,NA
927140,2009,Did not ride a bicycle,NA,Yes,13 or 14 years old,0 days,Did not smoke cigarettes,FALSE
927681,2009,Did not ride a bicycle,NA,No,Never smoked a cigarette,0 days,Did not smoke cigarettes,FALSE
397740,2001,Rarely wore a helmet,NA,No,Never smoked a cigarette,0 days,Did not smoke cigarettes,NA
765534,2007,Did not ride a bicycle,NA,No,Never smoked a cigarette,0 days,Did not smoke cigarettes,NA
188712,1995,Never wore a helmet,NA,Yes,15 or 16 years old,6 to 9 days,2 to 5 cigarettes,NA
927313,2009,Rarely wore a helmet,NA,No,Never smoked a cigarette,0 days,Did not smoke cigarettes,FALSE
1303671,2013,Never wore a helmet,NA,No,Never smoked a cigarette,0 days,Did not smoke cigarettes,FALSE
1097161,2011,Never wore a helmet,NA,No,Never smoked a cigarette,0 days,Did not smoke cigarettes,TRUE
405900,2001,Never wore a helmet,NA,Yes,Never smoked a cigarette,0 days,Did not smoke cigarettes,NA
1099859,2011,Did not ride a bicycle,NA,Yes,13 or 14 years old,1 or 2 days,1 cigarette,FALSE
255675,1997,Always wore a helmet,NA,Yes,Never smoked a cigarette,0 days,Did not smoke cigarettes,NA
262312,1997,Did not ride a bicycle,NA,Yes,Never smoked a cigarette,0 days,Did not smoke cigarettes,NA
507117,2003,Sometimes wore a helmet,NA,No,Never smoked a cigarette,0 days,Did not smoke cigarettes,NA
120400,1993,Sometimes wore a helmet,NA,No,Never smoked a cigarette,0 days,Did not smoke cigarettes,NA
925253,2009,Always wore a helmet,NA,No,Never smoked a cigarette,0 days,Did not smoke cigarettes,TRUE
181024,1995,Never wore a helmet,NA,Yes,Never smoked a cigarette,0 days,Did not smoke cigarettes,NA
1305905,2013,Never wore a helmet,1 or 2 days,No,Never smoked a cigarette,0 days,Did not smoke cigarettes,FALSE
190093,1995,Did not ride a bicycle,NA,Yes,13 or 14 years old,All 30 days,11 to 20 cigarettes,NA
1306990,2013,Did not ride a bicycle,20 to 29 days,No,Never smoked a cigarette,0 days,Did not smoke cigarettes,FALSE
41888,1991,Never wore a helmet,NA,Yes,Never smoked a cigarette,0 days,Did not smoke cigarettes,NA
34810,1991,Did not ride a bicycle,NA,Yes,Never smoked a cigarette,0 days,Did not smoke cigarettes,NA
933307,2009,Never wore a helmet,NA,Yes,13 or 14 years old,3 to 5 days,2 to 5 cigarettes,FALSE
260636,1997,Never wore a helmet,NA,Yes,11 or 12 years old,0 days,Did not smoke cigarettes,NA
929023,2009,Never wore a helmet,NA,No,Never smoked a cigarette,0 days,Did not smoke cigarettes,FALSE
396969,2001,Never wore a helmet,NA,No,Never smoked a cigarette,0 days,Did not smoke cigarettes,NA
771598,2007,Always wore a helmet,NA,No,Never smoked a cigarette,0 days,Did not smoke cigarettes,NA
774186,2007,Always wore a helmet,NA,No,Never smoked a cigarette,0 days,Did not smoke cigarettes,NA
398655,2001,Most of the time wore a helmet,NA,Yes,13 or 14 years old,0 days,Did not smoke cigarettes,NA
187900,1995,Never wore a helmet,NA,Yes,13 or 14 years old,3 to 5 days,1 cigarette,NA
503776,2003,Never wore a helmet,NA,No,Never smoked a cigarette,0 days,Did not smoke cigarettes,NA
768536,2007,Never wore a helmet,NA,Yes,13 or 14 years old,0 days,Did not smoke cigarettes,NA
1097906,2011,Never wore a helmet,NA,Yes,15 or 16 years old,0 days,Did not smoke cigarettes,TRUE
329888,1999,Sometimes wore a helmet,NA,Yes,13 or 14 years old,3 to 5 days,1 cigarette,NA
1096719,2011,Rarely wore a helmet,NA,Yes,Never smoked a cigarette,0 days,Did not smoke cigarettes,FALSE
181973,1995,Did not ride a bicycle,NA,Yes,13 or 14 years old,0 days,Did not smoke cigarettes,NA
769918,2007,Did not ride a bicycle,NA,No,Never smoked a cigarette,0 days,Did not smoke cigarettes,NA
1107253,2011,Never wore a helmet,NA,No,Never smoked a cigarette,0 days,Did not smoke cigarettes,TRUE
190572,1995,Never wore a helmet,NA,No,Never smoked a cigarette,0 days,Did not smoke cigarettes,NA
1303819,2013,Never wore a helmet,0 days,Yes,Never smoked a cigarette,0 days,Did not smoke cigarettes,FALSE
267046,1997,Did not ride a bicycle,NA,No,Never smoked a cigarette,0 days,Did not smoke cigarettes,NA
767638,2007,Never wore a helmet,NA,No,NA,0 days,Did not smoke cigarettes,NA
768454,2007,Rarely wore a helmet,NA,No,Never smoked a cigarette,0 days,Did not smoke cigarettes,NA
502044,2003,Did not ride a bicycle,NA,No,Never smoked a cigarette,0 days,Did not smoke cigarettes,NA
181462,1995,NA,NA,Yes,13 or 14 years old,0 days,Did not smoke cigarettes,NA
119123,1993,Did not ride a bicycle,NA,No,Never smoked a cigarette,0 days,Did not smoke cigarettes,NA
399843,2001,Never wore a helmet,NA,Yes,15 or 16 years old,NA,NA,NA
1308699,2013,Most of the time wore a helmet,I did not drive the past 30 days,No,Never smoked a cigarette,0 days,Did not smoke cigarettes,FALSE
116476,1993,Never wore a helmet,NA,No,Never smoked a cigarette,0 days,Did not smoke cigarettes,NA
937112,2009,NA,NA,No,Never smoked a cigarette,0 days,Did not smoke cigarettes,NA
117611,1993,NA,NA,Yes,11 or 12 years old,0 days,Did not smoke cigarettes,NA
1305059,2013,Rarely wore a helmet,0 days,No,Never smoked a cigarette,0 days,Did not smoke cigarettes,FALSE
771848,2007,Did not ride a bicycle,NA,Yes,11 or 12 years old,0 days,Did not smoke cigarettes,NA
771185,2007,Rarely wore a helmet,NA,Yes,Never smoked a cigarette,0 days,Did not smoke cigarettes,NA
1109798,2011,Did not ride a bicycle,NA,No,Never smoked a cigarette,0 days,Did not smoke cigarettes,FALSE
508419,2003,Never wore a helmet,NA,Yes,Never smoked a cigarette,0 days,Did not smoke cigarettes,NA
405775,2001,Did not ride a bicycle,NA,No,Never smoked a cigarette,0 days,Did not smoke cigarettes,NA
1312940,2013,Never wore a helmet,0 days,No,Never smoked a cigarette,0 days,Did not smoke cigarettes,FALSE
634914,2005,Did not ride a bicycle,NA,No,Never smoked a cigarette,0 days,Did not smoke cigarettes,NA
110167,1993,Did not ride a bicycle,NA,Yes,11 or 12 years old,3 to 5 days,2 to 5 cigarettes,NA
924160,2009,Sometimes wore a helmet,NA,No,Never smoked a cigarette,0 days,Did not smoke cigarettes,FALSE
1316087,2013,Always wore a helmet,All 30 days,Yes,15 or 16 years old,0 days,Did not smoke cigarettes,FALSE
401232,2001,Sometimes wore a helmet,NA,Yes,11 or 12 years old,0 days,Did not smoke cigarettes,NA
30872,1991,Rarely wore a helmet,NA,Yes,8 years old or younger,0 days,Did not smoke cigarettes,NA
768451,2007,Never wore a helmet,NA,Yes,9 or 10 years old,6 to 9 days,Less than 1 cigarette,NA
931794,2009,Never wore a helmet,NA,Yes,13 or 14 years old,0 days,Did not smoke cigarettes,FALSE
268751,1997,Never wore a helmet,NA,No,Never smoked a cigarette,0 days,Did not smoke cigarettes,NA
39089,1991,Did not ride a bicycle,NA,Yes,13 or 14 years old,10 to 19 days,1 cigarette,NA
271066,1997,Never wore a helmet,NA,No,Never smoked a cigarette,0 days,Did not smoke cigarettes,NA
405794,2001,Never wore a helmet,NA,No,Never smoked a cigarette,0 days,Did not smoke cigarettes,NA
509444,2003,Did not ride a bicycle,NA,No,Never smoked a cigarette,0 days,Did not smoke cigarettes,NA
764669,2007,Never wore a helmet,NA,Yes,8 years old or younger,0 days,Did not smoke cigarettes,NA
764655,2007,Did not ride a bicycle,NA,No,Never smoked a cigarette,0 days,Did not smoke cigarettes,NA
509872,2003,Never wore a helmet,NA,No,Never smoked a cigarette,0 days,Did not smoke cigarettes,NA
259467,1997,Rarely wore a helmet,NA,Yes,15 or 16 years old,6 to 9 days,1 cigarette,NA
399976,2001,Did not ride a bicycle,NA,No,Never smoked a cigarette,0 days,Did not smoke cigarettes,NA
768618,2007,Did not ride a bicycle,NA,Yes,8 years old or younger,10 to 19 days,2 to 5 cigarettes,NA
766318,2007,Sometimes wore a helmet,NA,Yes,Never smoked a cigarette,0 days,Did not smoke cigarettes,NA
325377,1999,Always wore a helmet,NA,No,Never smoked a cigarette,0 days,Did not smoke cigarettes,NA
767632,2007,Never wore a helmet,NA,No,Never smoked a cigarette,0 days,Did not smoke cigarettes,NA
111356,1993,Sometimes wore a helmet,NA,Yes,13 or 14 years old,0 days,Did not smoke cigarettes,NA
400641,2001,Always wore a helmet,NA,No,Never smoked a cigarette,0 days,Did not smoke cigarettes,NA
638234,2005,Never wore a helmet,NA,Yes,15 or 16 years old,0 days,Did not smoke cigarettes,NA
514349,2003,NA,NA,Yes,Never smoked a cigarette,0 days,Did not smoke cigarettes,NA
336078,1999,Did not ride a bicycle,NA,No,Never smoked a cigarette,0 days,Did not smoke cigarettes,NA
933690,2009,Never wore a helmet,NA,NA,Never smoked a cigarette,NA,NA,FALSE
261142,1997,Did not ride a bicycle,NA,Yes,9 or 10 years old,All 30 days,More than 20 cigarettes,NA
922381,2009,Most of the time wore a helmet,NA,No,Never smoked a cigarette,0 days,Did not smoke cigarettes,FALSE
513704,2003,NA,NA,Yes,8 years old or younger,All 30 days,More than 20 cigarettes,NA
407491,2001,Did not ride a bicycle,NA,No,Never smoked a cigarette,0 days,Did not smoke cigarettes,NA
180719,1995,Most of the time wore a helmet,NA,Yes,Never smoked a cigarette,0 days,Did not smoke cigarettes,NA
37244,1991,Did not ride a bicycle,NA,No,Never smoked a cigarette,0 days,Did not smoke cigarettes,NA
399869,2001,Did not ride a bicycle,NA,Yes,Never smoked a cigarette,0 days,Did not smoke cigarettes,NA
1313761,2013,Did not ride a bicycle,0 days,Yes,Never smoked a cigarette,0 days,Did not smoke cigarettes,FALSE
513684,2003,Did not ride a bicycle,NA,No,Never smoked a cigarette,0 days,Did not smoke cigarettes,NA
399917,2001,Never wore a helmet,NA,Yes,15 or 16 years old,0 days,Did not smoke cigarettes,NA
1103424,2011,Never wore a helmet,NA,No,Never smoked a cigarette,0 days,Did not smoke cigarettes,TRUE
111353,1993,Never wore a helmet,NA,Yes,Never smoked a cigarette,0 days,Did not smoke cigarettes,NA
1098083,2011,Never wore a helmet,NA,Yes,8 years old or younger,All 30 days,More than 20 cigarettes,TRUE
264143,1997,NA,NA,Yes,13 or 14 years old,1 or 2 days,Less than 1 cigarette,NA
402842,2001,Most of the time wore a helmet,NA,Yes,13 or 14 years old,0 days,Did not smoke cigarettes,NA
332041,1999,Never wore a helmet,NA,No,Never smoked a cigarette,0 days,Did not smoke cigarettes,NA
39652,1991,Did not ride a bicycle,NA,No,Never smoked a cigarette,0 days,Did not smoke cigarettes,NA
760630,2007,NA,NA,Yes,9 or 10 years old,0 days,Did not smoke cigarettes,NA
763150,2007,Never wore a helmet,NA,Yes,15 or 16 years old,20 to 29 days,2 to 5 cigarettes,NA
629575,2005,Never wore a helmet,NA,Yes,Never smoked a cigarette,0 days,Did not smoke cigarettes,NA
513771,2003,Did not ride a bicycle,NA,No,Never smoked a cigarette,0 days,Did not smoke cigarettes,NA
189232,1995,Never wore a helmet,NA,Yes,11 or 12 years old,All 30 days,11 to 20 cigarettes,NA
187308,1995,Never wore a helmet,NA,Yes,8 years old or younger,0 days,Did not smoke cigarettes,NA
399719,2001,Most of the time wore a helmet,NA,No,Never smoked a cigarette,0 days,Did not smoke cigarettes,NA
40981,1991,Never wore a helmet,NA,No,Never smoked a cigarette,0 days,Did not smoke cigarettes,NA
931382,2009,Never wore a helmet,NA,No,Never smoked a cigarette,0 days,Did not smoke cigarettes,FALSE
396420,2001,Rarely wore a helmet,NA,Yes,Never smoked a cigarette,0 days,Did not smoke cigarettes,NA
635479,2005,Never wore a helmet,NA,Yes,8 years old or younger,3 to 5 days,1 cigarette,NA
268642,1997,Never wore a helmet,NA,Yes,Never smoked a cigarette,NA,NA,NA
629208,2005,Never wore a helmet,NA,NA,8 years old or younger,1 or 2 days,NA,NA
1107686,2011,NA,NA,Yes,13 or 14 years old,All 30 days,11 to 20 cigarettes,FALSE
112874,1993,Did not ride a bicycle,NA,No,Never smoked a cigarette,0 days,Did not smoke cigarettes,NA
181978,1995,Never wore a helmet,NA,Yes,Never smoked a cigarette,0 days,Did not smoke cigarettes,NA
400332,2001,Did not ride a bicycle,NA,No,Never smoked a cigarette,0 days,Did not smoke cigarettes,NA
110318,1993,Never wore a helmet,NA,NA,NA,0 days,Did not smoke cigarettes,NA
507880,2003,Never wore a helmet,NA,Yes,Never smoked a cigarette,0 days,Did not smoke cigarettes,NA
331977,1999,Always wore a helmet,NA,Yes,15 or 16 years old,0 days,Did not smoke cigarettes,NA
335899,1999,Never wore a helmet,NA,No,Never smoked a cigarette,0 days,Did not smoke cigarettes,NA
502283,2003,Never wore a helmet,NA,Yes,8 years old or younger,NA,NA,NA
266715,1997,Did not ride a bicycle,NA,Yes,NA,NA,Less than 1 cigarette,NA
42698,1991,Did not ride a bicycle,NA,No,Never smoked a cigarette,0 days,Did not smoke cigarettes,NA
513717,2003,Sometimes wore a helmet,NA,No,Never smoked a cigarette,0 days,Did not smoke cigarettes,NA
639535,2005,Did not ride a bicycle,NA,Yes,11 or 12 years old,20 to 29 days,2 to 5 cigarettes,NA
1108330,2011,NA,NA,NA,Never smoked a cigarette,0 days,Did not smoke cigarettes,NA
930907,2009,Never wore a helmet,NA,No,Never smoked a cigarette,0 days,Did not smoke cigarettes,FALSE
34509,1991,Never wore a helmet,NA,Yes,15 or 16 years old,0 days,Did not smoke cigarettes,NA
38975,1991,Never wore a helmet,NA,Yes,9 or 10 years old,0 days,Did not smoke cigarettes,NA
1107050,2011,Never wore a helmet,NA,Yes,15 or 16 years old,3 to 5 days,2 to 5 cigarettes,FALSE
328066,1999,Most of the time wore a helmet,NA,Yes,17 years old or older,All 30 days,2 to 5 cigarettes,NA
402728,2001,Did not ride a bicycle,NA,Yes,Never smoked a cigarette,0 days,Did not smoke cigarettes,NA
108354,1993,Never wore a helmet,NA,Yes,Never smoked a cigarette,0 days,Did not smoke cigarettes,NA
770959,2007,Never wore a helmet,NA,Yes,13 or 14 years old,3 to 5 days,2 to 5 cigarettes,NA
268790,1997,Did not ride a bicycle,NA,No,Never smoked a cigarette,0 days,Did not smoke cigarettes,NA
333652,1999,Did not ride a bicycle,NA,Yes,Never smoked a cigarette,0 days,Did not smoke cigarettes,NA
334055,1999,Never wore a helmet,NA,Yes,Never smoked a cigarette,0 days,Did not smoke cigarettes,NA
764496,2007,Sometimes wore a helmet,NA,Yes,Never smoked a cigarette,0 days,Did not smoke cigarettes,NA
1308206,2013,Never wore a helmet,0 days,Yes,Never smoked a cigarette,0 days,Did not smoke cigarettes,FALSE
321861,1999,Did not ride a bicycle,NA,No,Never smoked a cigarette,0 days,Did not smoke cigarettes,NA
1310231,2013,Never wore a helmet,NA,No,Never smoked a cigarette,0 days,Did not smoke cigarettes,FALSE
508475,2003,NA,NA,Yes,9 or 10 years old,6 to 9 days,2 to 5 cigarettes,NA
406766,2001,NA,NA,No,Never smoked a cigarette,0 days,Did not smoke cigarettes,NA
41493,1991,Did not ride a bicycle,NA,No,Never smoked a cigarette,0 days,Did not smoke cigarettes,NA
328431,1999,Never wore a helmet,NA,Yes,13 or 14 years old,All 30 days,11 to 20 cigarettes,NA
324207,1999,Did not ride a bicycle,NA,No,Never smoked a cigarette,0 days,Did not smoke cigarettes,NA
399085,2001,Never wore a helmet,NA,Yes,15 or 16 years old,All 30 days,6 to 10 cigarettes,NA
186788,1995,Sometimes wore a helmet,NA,NA,Never smoked a cigarette,0 days,Did not smoke cigarettes,NA
256833,1997,Rarely wore a helmet,NA,No,Never smoked a cigarette,0 days,Did not smoke cigarettes,NA
186929,1995,Never wore a helmet,NA,No,Never smoked a cigarette,0 days,Did not smoke cigarettes,NA
269511,1997,Did not ride a bicycle,NA,No,Never smoked a cigarette,0 days,Did not smoke cigarettes,NA
631073,2005,Most of the time wore a helmet,NA,No,Never smoked a cigarette,0 days,Did not smoke cigarettes,NA
1312313,2013,Rarely wore a helmet,1 or 2 days,No,Never smoked a cigarette,0 days,Did not smoke cigarettes,TRUE
191043,1995,Always wore a helmet,NA,No,Never smoked a cigarette,0 days,Did not smoke cigarettes,NA
1106129,2011,NA,NA,NA,Never smoked a cigarette,0 days,Did not smoke cigarettes,TRUE
39715,1991,Never wore a helmet,NA,Yes,11 or 12 years old,NA,More than 20 cigarettes,NA
405677,2001,Did not ride a bicycle,NA,No,Never smoked a cigarette,0 days,Did not smoke cigarettes,NA
32132,1991,Did not ride a bicycle,NA,No,Never smoked a cigarette,0 days,Did not smoke cigarettes,NA
184812,1995,Never wore a helmet,NA,Yes,9 or 10 years old,All 30 days,2 to 5 cigarettes,NA
329004,1999,Never wore a helmet,NA,No,Never smoked a cigarette,0 days,Did not smoke cigarettes,NA
773799,2007,NA,NA,Yes,15 or 16 years old,All 30 days,11 to 20 cigarettes,NA
1108514,2011,NA,NA,Yes,15 or 16 years old,0 days,Did not smoke cigarettes,NA
398061,2001,Rarely wore a helmet,NA,Yes,8 years old or younger,6 to 9 days,2 to 5 cigarettes,NA
1307544,2013,Did not ride a bicycle,1 or 2 days,No,Never smoked a cigarette,0 days,Did not smoke cigarettes,FALSE
119775,1993,Never wore a helmet,NA,Yes,13 or 14 years old,20 to 29 days,6 to 10 cigarettes,NA
185400,1995,Never wore a helmet,NA,Yes,Never smoked a cigarette,0 days,Did not smoke cigarettes,NA
329775,1999,Did not ride a bicycle,NA,Yes,11 or 12 years old,0 days,Did not smoke cigarettes,NA
632226,2005,Never wore a helmet,NA,No,Never smoked a cigarette,0 days,Did not smoke cigarettes,NA
182016,1995,Never wore a helmet,NA,Yes,8 years old or younger,10 to 19 days,11 to 20 cigarettes,NA
258881,1997,Never wore a helmet,NA,No,Never smoked a cigarette,0 days,Did not smoke cigarettes,NA
258273,1997,Never wore a helmet,NA,Yes,11 or 12 years old,0 days,Did not smoke cigarettes,NA
764702,2007,Never wore a helmet,NA,Yes,13 or 14 years old,1 or 2 days,1 cigarette,NA
507812,2003,Most of the time wore a helmet,NA,No,Never smoked a cigarette,0 days,Did not smoke cigarettes,NA
767667,2007,Never wore a helmet,NA,No,Never smoked a cigarette,0 days,Did not smoke cigarettes,NA
401875,2001,Did not ride a bicycle,NA,No,Never smoked a cigarette,0 days,Did not smoke cigarettes,NA
406681,2001,Rarely wore a helmet,NA,Yes,13 or 14 years old,0 days,Did not smoke cigarettes,NA
107001,1993,NA,NA,Yes,8 years old or younger,All 30 days,Less than 1 cigarette,NA
771474,2007,NA,NA,No,Never smoked a cigarette,0 days,Did not smoke cigarettes,NA
401579,2001,Never wore a helmet,NA,Yes,17 years old or older,3 to 5 days,2 to 5 cigarettes,NA
503601,2003,Did not ride a bicycle,NA,No,Never smoked a cigarette,0 days,Did not smoke cigarettes,NA
935851,2009,Never wore a helmet,NA,Yes,15 or 16 years old,1 or 2 days,6 to 10 cigarettes,FALSE
333947,1999,Did not ride a bicycle,NA,No,Never smoked a cigarette,0 days,Did not smoke cigarettes,NA
1109801,2011,Sometimes wore a helmet,NA,Yes,13 or 14 years old,0 days,Did not smoke cigarettes,FALSE
930367,2009,NA,NA,No,Never smoked a cigarette,0 days,Did not smoke cigarettes,FALSE
266418,1997,Never wore a helmet,NA,Yes,13 or 14 years old,20 to 29 days,2 to 5 cigarettes,NA
107866,1993,Never wore a helmet,NA,Yes,Never smoked a cigarette,0 days,Did not smoke cigarettes,NA
1103256,2011,Never wore a helmet,NA,No,Never smoked a cigarette,0 days,Did not smoke cigarettes,FALSE
324030,1999,Rarely wore a helmet,NA,No,Never smoked a cigarette,0 days,Did not smoke cigarettes,NA
324773,1999,Never wore a helmet,NA,No,Never smoked a cigarette,0 days,Did not smoke cigarettes,NA
1097377,2011,Did not ride a bicycle,NA,No,Never smoked a cigarette,0 days,Did not smoke cigarettes,FALSE
184256,1995,Did not ride a bicycle,NA,No,Never smoked a cigarette,0 days,Did not smoke cigarettes,NA
184195,1995,Never wore a helmet,NA,No,Never smoked a cigarette,0 days,Did not smoke cigarettes,NA
323819,1999,Did not ride a bicycle,NA,Yes,Never smoked a cigarette,0 days,Did not smoke cigarettes,NA
513389,2003,Did not ride a bicycle,NA,Yes,11 or 12 years old,0 days,Did not smoke cigarettes,NA
634689,2005,Sometimes wore a helmet,NA,No,Never smoked a cigarette,0 days,Did not smoke cigarettes,NA
929004,2009,Did not ride a bicycle,NA,Yes,17 years old or older,0 days,Did not smoke cigarettes,FALSE
265996,1997,Rarely wore a helmet,NA,Yes,15 or 16 years old,0 days,Did not smoke cigarettes,NA
35342,1991,Never wore a helmet,NA,Yes,13 or 14 years old,10 to 19 days,2 to 5 cigarettes,NA
181291,1995,Never wore a helmet,NA,No,Never smoked a cigarette,0 days,Did not smoke cigarettes,NA
120130,1993,Did not ride a bicycle,NA,Yes,15 or 16 years old,0 days,Did not smoke cigarettes,NA
1308511,2013,Most of the time wore a helmet,0 days,No,Never smoked a cigarette,0 days,Did not smoke cigarettes,FALSE
1306290,2013,Sometimes wore a helmet,0 days,Yes,Never smoked a cigarette,0 days,Did not smoke cigarettes,FALSE
923185,2009,Did not ride a bicycle,NA,Yes,11 or 12 years old,1 or 2 days,More than 20 cigarettes,TRUE
323564,1999,Never wore a helmet,NA,NA,NA,0 days,Did not smoke cigarettes,NA
764918,2007,Always wore a helmet,NA,Yes,11 or 12 years old,All 30 days,11 to 20 cigarettes,NA
331106,1999,Sometimes wore a helmet,NA,Yes,13 or 14 years old,3 to 5 days,1 cigarette,NA
1101923,2011,Did not ride a bicycle,NA,NA,Never smoked a cigarette,0 days,NA,FALSE
767585,2007,Never wore a helmet,NA,No,Never smoked a cigarette,0 days,Did not smoke cigarettes,NA
629628,2005,Never wore a helmet,NA,Yes,11 or 12 years old,All 30 days,2 to 5 cigarettes,NA
323821,1999,Never wore a helmet,NA,Yes,Never smoked a cigarette,0 days,Did not smoke cigarettes,NA
1097184,2011,Did not ride a bicycle,NA,No,Never smoked a cigarette,0 days,Did not smoke cigarettes,TRUE
404148,2001,Most of the time wore a helmet,NA,Yes,Never smoked a cigarette,0 days,Did not smoke cigarettes,NA
769051,2007,Did not ride a bicycle,NA,No,Never smoked a cigarette,0 days,Did not smoke cigarettes,NA
187777,1995,Did not ride a bicycle,NA,No,Never smoked a cigarette,0 days,Did not smoke cigarettes,NA
1102786,2011,Did not ride a bicycle,NA,NA,Never smoked a cigarette,0 days,NA,FALSE
1095338,2011,Never wore a helmet,NA,No,Never smoked a cigarette,0 days,Did not smoke cigarettes,TRUE
500742,2003,Never wore a helmet,NA,No,Never smoked a cigarette,0 days,Did not smoke cigarettes,NA
771342,2007,Rarely wore a helmet,NA,Yes,8 years old or younger,20 to 29 days,6 to 10 cigarettes,NA
181621,1995,Never wore a helmet,NA,Yes,13 or 14 years old,0 days,Did not smoke cigarettes,NA
1103886,2011,Did not ride a bicycle,NA,No,Never smoked a cigarette,0 days,Did not smoke cigarettes,FALSE
184025,1995,Never wore a helmet,NA,NA,15 or 16 years old,0 days,Did not smoke cigarettes,NA
1102739,2011,Never wore a helmet,NA,Yes,NA,3 to 5 days,Less than 1 cigarette,FALSE
1313604,2013,Never wore a helmet,0 days,No,Never smoked a cigarette,0 days,Did not smoke cigarettes,FALSE
503053,2003,Never wore a helmet,NA,Yes,8 years old or younger,20 to 29 days,1 cigarette,NA
182031,1995,Never wore a helmet,NA,Yes,13 or 14 years old,1 or 2 days,Less than 1 cigarette,NA
113651,1993,Never wore a helmet,NA,No,Never smoked a cigarette,0 days,Did not smoke cigarettes,NA
408554,2001,Did not ride a bicycle,NA,NA,Never smoked a cigarette,0 days,Did not smoke cigarettes,NA
760816,2007,NA,NA,No,Never smoked a cigarette,0 days,Did not smoke cigarettes,NA
399123,2001,Did not ride a bicycle,NA,Yes,Never smoked a cigarette,0 days,Did not smoke cigarettes,NA
333111,1999,Never wore a helmet,NA,Yes,11 or 12 years old,0 days,Did not smoke cigarettes,NA
638013,2005,Never wore a helmet,NA,No,Never smoked a cigarette,0 days,Did not smoke cigarettes,NA
191016,1995,Never wore a helmet,NA,No,Never smoked a cigarette,0 days,Did not smoke cigarettes,NA
324488,1999,Never wore a helmet,NA,Yes,15 or 16 years old,1 or 2 days,Less than 1 cigarette,NA
187954,1995,Never wore a helmet,NA,Yes,15 or 16 years old,0 days,Did not smoke cigarettes,NA
182156,1995,Never wore a helmet,NA,Yes,9 or 10 years old,0 days,Did not smoke cigarettes,NA
264832,1997,Never wore a helmet,NA,Yes,13 or 14 years old,0 days,Did not smoke cigarettes,NA
321752,1999,Rarely wore a helmet,NA,No,Never smoked a cigarette,0 days,Did not smoke cigarettes,NA
322883,1999,Never wore a helmet,NA,No,Never smoked a cigarette,0 days,Did not smoke cigarettes,NA
182151,1995,Never wore a helmet,NA,Yes,13 or 14 years old,1 or 2 days,Less than 1 cigarette,NA
30815,1991,Never wore a helmet,NA,No,Never smoked a cigarette,0 days,Did not smoke cigarettes,NA
636679,2005,Rarely wore a helmet,NA,No,Never smoked a cigarette,0 days,Did not smoke cigarettes,NA
767553,2007,Did not ride a bicycle,NA,No,Never smoked a cigarette,0 days,Did not smoke cigarettes,NA
328989,1999,Never wore a helmet,NA,Yes,Never smoked a cigarette,0 days,Did not smoke cigarettes,NA
256101,1997,Never wore a helmet,NA,Yes,13 or 14 years old,1 or 2 days,Less than 1 cigarette,NA
760629,2007,Did not ride a bicycle,NA,No,Never smoked a cigarette,0 days,Did not smoke cigarettes,NA
190523,1995,Never wore a helmet,NA,Yes,9 or 10 years old,All 30 days,6 to 10 cigarettes,NA
503744,2003,Sometimes wore a helmet,NA,Yes,13 or 14 years old,20 to 29 days,Less than 1 cigarette,NA
118064,1993,Rarely wore a helmet,NA,No,Never smoked a cigarette,0 days,Did not smoke cigarettes,NA
505746,2003,NA,NA,No,Never smoked a cigarette,0 days,Did not smoke cigarettes,NA
181216,1995,Most of the time wore a helmet,NA,Yes,9 or 10 years old,3 to 5 days,2 to 5 cigarettes,NA
405406,2001,Never wore a helmet,NA,No,Never smoked a cigarette,0 days,Did not smoke cigarettes,NA
767579,2007,NA,NA,Yes,NA,NA,NA,NA
628883,2005,Never wore a helmet,NA,Yes,13 or 14 years old,1 or 2 days,1 cigarette,NA
190495,1995,Did not ride a bicycle,NA,Yes,15 or 16 years old,0 days,Did not smoke cigarettes,NA
1303722,2013,Always wore a helmet,I did not drive the past 30 days,No,Never smoked a cigarette,0 days,Did not smoke cigarettes,TRUE
36731,1991,Did not ride a bicycle,NA,No,Never smoked a cigarette,0 days,Did not smoke cigarettes,NA
771858,2007,Did not ride a bicycle,NA,Yes,NA,NA,NA,NA
325809,1999,Never wore a helmet,NA,Yes,11 or 12 years old,10 to 19 days,6 to 10 cigarettes,NA
1099722,2011,Did not ride a bicycle,NA,No,Never smoked a cigarette,0 days,Did not smoke cigarettes,FALSE
255666,1997,Did not ride a bicycle,NA,No,Never smoked a cigarette,0 days,Did not smoke cigarettes,NA
182106,1995,Never wore a helmet,NA,Yes,13 or 14 years old,10 to 19 days,1 cigarette,NA
1304808,2013,Never wore a helmet,All 30 days,No,Never smoked a cigarette,0 days,Did not smoke cigarettes,FALSE
396847,2001,Never wore a helmet,NA,No,Never smoked a cigarette,0 days,Did not smoke cigarettes,NA
334068,1999,Did not ride a bicycle,NA,Yes,15 or 16 years old,1 or 2 days,Less than 1 cigarette,NA
761073,2007,Never wore a helmet,NA,NA,8 years old or younger,NA,Less than 1 cigarette,NA
330782,1999,Did not ride a bicycle,NA,Yes,13 or 14 years old,0 days,Did not smoke cigarettes,NA
113271,1993,Never wore a helmet,NA,Yes,9 or 10 years old,0 days,Did not smoke cigarettes,NA
931062,2009,Did not ride a bicycle,NA,Yes,13 or 14 years old,0 days,Did not smoke cigarettes,FALSE
323507,1999,Did not ride a bicycle,NA,NA,NA,0 days,Did not smoke cigarettes,NA
1311396,2013,Did not ride a bicycle,I did not drive the past 30 days,No,Never smoked a cigarette,0 days,Did not smoke cigarettes,FALSE
632785,2005,Never wore a helmet,NA,Yes,13 or 14 years old,0 days,Did not smoke cigarettes,NA
510457,2003,Did not ride a bicycle,NA,No,Never smoked a cigarette,0 days,Did not smoke cigarettes,NA
42069,1991,Never wore a helmet,NA,Yes,Never smoked a cigarette,0 days,Did not smoke cigarettes,NA
42716,1991,Did not ride a bicycle,NA,No,Never smoked a cigarette,0 days,Did not smoke cigarettes,NA
37208,1991,Did not ride a bicycle,NA,No,Never smoked a cigarette,0 days,Did not smoke cigarettes,NA
500097,2003,Sometimes wore a helmet,NA,No,Never smoked a cigarette,0 days,Did not smoke cigarettes,NA
259081,1997,Did not ride a bicycle,NA,No,Never smoked a cigarette,0 days,Did not smoke cigarettes,NA
182847,1995,Never wore a helmet,NA,No,Never smoked a cigarette,0 days,Did not smoke cigarettes,NA
263264,1997,Never wore a helmet,NA,No,Never smoked a cigarette,0 days,Did not smoke cigarettes,NA
509667,2003,Never wore a helmet,NA,Yes,9 or 10 years old,6 to 9 days,1 cigarette,NA
504888,2003,Did not ride a bicycle,NA,No,Never smoked a cigarette,0 days,Did not smoke cigarettes,NA
934057,2009,Never wore a helmet,NA,Yes,13 or 14 years old,3 to 5 days,1 cigarette,FALSE
119822,1993,Did not ride a bicycle,NA,Yes,15 or 16 years old,0 days,Did not smoke cigarettes,NA
1305782,2013,Never wore a helmet,I did not drive the past 30 days,Yes,11 or 12 years old,10 to 19 days,2 to 5 cigarettes,FALSE
1315246,2013,Sometimes wore a helmet,0 days,No,Never smoked a cigarette,0 days,Did not smoke cigarettes,FALSE
257077,1997,Never wore a helmet,NA,No,Never smoked a cigarette,0 days,Did not smoke cigarettes,NA
328699,1999,Did not ride a bicycle,NA,Yes,Never smoked a cigarette,0 days,Did not smoke cigarettes,NA
402186,2001,Never wore a helmet,NA,Yes,Never smoked a cigarette,0 days,Did not smoke cigarettes,NA
633565,2005,Did not ride a bicycle,NA,No,Never smoked a cigarette,0 days,Did not smoke cigarettes,NA
1096253,2011,Always wore a helmet,NA,No,Never smoked a cigarette,0 days,Did not smoke cigarettes,FALSE
183640,1995,Never wore a helmet,NA,No,Never smoked a cigarette,0 days,Did not smoke cigarettes,NA
262758,1997,Did not ride a bicycle,NA,Yes,13 or 14 years old,0 days,Did not smoke cigarettes,NA
185906,1995,Never wore a helmet,NA,Yes,NA,NA,Less than 1 cigarette,NA
1307846,2013,Never wore a helmet,1 or 2 days,Yes,17 years old or older,20 to 29 days,1 cigarette,FALSE
186737,1995,Never wore a helmet,NA,No,Never smoked a cigarette,0 days,Did not smoke cigarettes,NA
183350,1995,Did not ride a bicycle,NA,Yes,8 years old or younger,1 or 2 days,Less than 1 cigarette,NA
402825,2001,Never wore a helmet,NA,No,Never smoked a cigarette,0 days,Did not smoke cigarettes,NA
406566,2001,Did not ride a bicycle,NA,Yes,8 years old or younger,0 days,Did not smoke cigarettes,NA
404512,2001,Rarely wore a helmet,NA,No,Never smoked a cigarette,0 days,Did not smoke cigarettes,NA
503642,2003,Did not ride a bicycle,NA,No,Never smoked a cigarette,0 days,Did not smoke cigarettes,NA
1105748,2011,Rarely wore a helmet,NA,Yes,13 or 14 years old,0 days,Did not smoke cigarettes,TRUE
117870,1993,Never wore a helmet,NA,Yes,Never smoked a cigarette,0 days,Did not smoke cigarettes,NA
933803,2009,Did not ride a bicycle,NA,Yes,Never smoked a cigarette,0 days,Did not smoke cigarettes,FALSE
266349,1997,Never wore a helmet,NA,No,Never smoked a cigarette,0 days,Did not smoke cigarettes,NA
32299,1991,Never wore a helmet,NA,Yes,9 or 10 years old,20 to 29 days,6 to 10 cigarettes,NA
511220,2003,Did not ride a bicycle,NA,Yes,9 or 10 years old,0 days,Did not smoke cigarettes,NA
115986,1993,Never wore a helmet,NA,Yes,Never smoked a cigarette,0 days,Did not smoke cigarettes,NA
770214,2007,Did not ride a bicycle,NA,No,Never smoked a cigarette,0 days,Did not smoke cigarettes,NA
186644,1995,Did not ride a bicycle,NA,Yes,15 or 16 years old,1 or 2 days,Less than 1 cigarette,NA
397718,2001,Never wore a helmet,NA,Yes,13 or 14 years old,0 days,Did not smoke cigarettes,NA
1311697,2013,Never wore a helmet,I did not drive the past 30 days,No,Never smoked a cigarette,0 days,Did not smoke cigarettes,FALSE
509477,2003,Did not ride a bicycle,NA,Yes,11 or 12 years old,1 or 2 days,Less than 1 cigarette,NA
1313242,2013,Did not ride a bicycle,I did not drive the past 30 days,No,Never smoked a cigarette,0 days,Did not smoke cigarettes,FALSE
30657,1991,Never wore a helmet,NA,Yes,11 or 12 years old,1 or 2 days,2 to 5 cigarettes,NA
937273,2009,Did not ride a bicycle,NA,Yes,Never smoked a cigarette,0 days,Did not smoke cigarettes,TRUE
508120,2003,Never wore a helmet,NA,No,Never smoked a cigarette,0 days,Did not smoke cigarettes,NA
42498,1991,Never wore a helmet,NA,No,Never smoked a cigarette,0 days,Did not smoke cigarettes,NA
635025,2005,Always wore a helmet,NA,No,Never smoked a cigarette,0 days,Did not smoke cigarettes,NA
331450,1999,Never wore a helmet,NA,Yes,13 or 14 years old,0 days,Did not smoke cigarettes,NA
763237,2007,Did not ride a bicycle,NA,Yes,9 or 10 years old,0 days,Did not smoke cigarettes,NA
323725,1999,Never wore a helmet,NA,No,Never smoked a cigarette,0 days,Did not smoke cigarettes,NA
187980,1995,Never wore a helmet,NA,Yes,11 or 12 years old,0 days,Did not smoke cigarettes,NA
922411,2009,Never wore a helmet,NA,No,Never smoked a cigarette,0 days,Did not smoke cigarettes,FALSE
183546,1995,Did not ride a bicycle,NA,Yes,Never smoked a cigarette,0 days,Did not smoke cigarettes,NA
326040,1999,Rarely wore a helmet,NA,Yes,NA,0 days,Did not smoke cigarettes,NA
931690,2009,Always wore a helmet,NA,No,Never smoked a cigarette,0 days,Did not smoke cigarettes,FALSE
503729,2003,Never wore a helmet,NA,Yes,13 or 14 years old,6 to 9 days,2 to 5 cigarettes,NA
1307982,2013,Always wore a helmet,All 30 days,No,Never smoked a cigarette,0 days,Did not smoke cigarettes,FALSE
403488,2001,Did not ride a bicycle,NA,Yes,Never smoked a cigarette,0 days,Did not smoke cigarettes,NA
39243,1991,Did not ride a bicycle,NA,No,Never smoked a cigarette,0 days,Did not smoke cigarettes,NA
255927,1997,Never wore a helmet,NA,No,Never smoked a cigarette,0 days,Did not smoke cigarettes,NA
32829,1991,Did not ride a bicycle,NA,Yes,13 or 14 years old,0 days,Did not smoke cigarettes,NA
184861,1995,Never wore a helmet,NA,No,Never smoked a cigarette,0 days,Did not smoke cigarettes,NA
39586,1991,Did not ride a bicycle,NA,Yes,13 or 14 years old,0 days,Did not smoke cigarettes,NA
510011,2003,Did not ride a bicycle,NA,Yes,15 or 16 years old,1 or 2 days,1 cigarette,NA
261024,1997,Never wore a helmet,NA,Yes,8 years old or younger,All 30 days,6 to 10 cigarettes,NA
509675,2003,NA,NA,No,Never smoked a cigarette,0 days,Did not smoke cigarettes,NA
184893,1995,Never wore a helmet,NA,Yes,8 years old or younger,0 days,Did not smoke cigarettes,NA
38395,1991,Never wore a helmet,NA,Yes,13 or 14 years old,10 to 19 days,6 to 10 cigarettes,NA
1094542,2011,Never wore a helmet,NA,Yes,Never smoked a cigarette,0 days,Did not smoke cigarettes,FALSE
409213,2001,Never wore a helmet,NA,Yes,13 or 14 years old,0 days,Did not smoke cigarettes,NA
182006,1995,Never wore a helmet,NA,Yes,15 or 16 years old,0 days,Did not smoke cigarettes,NA
638916,2005,Rarely wore a helmet,NA,No,Never smoked a cigarette,0 days,Did not smoke cigarettes,NA
262699,1997,Rarely wore a helmet,NA,Yes,13 or 14 years old,0 days,Did not smoke cigarettes,NA
331576,1999,Never wore a helmet,NA,Yes,11 or 12 years old,0 days,Did not smoke cigarettes,NA
335772,1999,Did not ride a bicycle,NA,Yes,NA,0 days,Did not smoke cigarettes,NA
1310007,2013,Never wore a helmet,All 30 days,Yes,17 years old or older,0 days,Did not smoke cigarettes,TRUE
331630,1999,Did not ride a bicycle,NA,Yes,11 or 12 years old,6 to 9 days,1 cigarette,NA
934516,2009,Did not ride a bicycle,NA,No,Never smoked a cigarette,0 days,Did not smoke cigarettes,FALSE
1314461,2013,Did not ride a bicycle,6 to 9 days,Yes,Never smoked a cigarette,0 days,Did not smoke cigarettes,FALSE
635788,2005,Did not ride a bicycle,NA,Yes,9 or 10 years old,All 30 days,11 to 20 cigarettes,NA
397590,2001,Never wore a helmet,NA,No,Never smoked a cigarette,0 days,Did not smoke cigarettes,NA
333616,1999,Never wore a helmet,NA,Yes,15 or 16 years old,0 days,Did not smoke cigarettes,NA
114539,1993,Never wore a helmet,NA,Yes,9 or 10 years old,All 30 days,6 to 10 cigarettes,NA
323751,1999,Never wore a helmet,NA,Yes,13 or 14 years old,0 days,Did not smoke cigarettes,NA
763121,2007,Never wore a helmet,NA,Yes,Never smoked a cigarette,0 days,Did not smoke cigarettes,NA
641807,2005,Always wore a helmet,NA,Yes,13 or 14 years old,0 days,Did not smoke cigarettes,NA
264290,1997,Did not ride a bicycle,NA,No,Never smoked a cigarette,0 days,Did not smoke cigarettes,NA
188004,1995,Rarely wore a helmet,NA,Yes,Never smoked a cigarette,0 days,Did not smoke cigarettes,NA
398860,2001,Did not ride a bicycle,NA,No,Never smoked a cigarette,0 days,Did not smoke cigarettes,NA
35708,1991,Never wore a helmet,NA,No,Never smoked a cigarette,0 days,Did not smoke cigarettes,NA
335729,1999,Did not ride a bicycle,NA,Yes,13 or 14 years old,0 days,Did not smoke cigarettes,NA
333994,1999,Never wore a helmet,NA,Yes,11 or 12 years old,All 30 days,2 to 5 cigarettes,NA
181414,1995,Most of the time wore a helmet,NA,No,Never smoked a cigarette,0 days,Did not smoke cigarettes,NA
925219,2009,Never wore a helmet,NA,No,Never smoked a cigarette,0 days,Did not smoke cigarettes,FALSE
185961,1995,Never wore a helmet,NA,No,Never smoked a cigarette,0 days,Did not smoke cigarettes,NA
930977,2009,Did not ride a bicycle,NA,Yes,13 or 14 years old,0 days,Did not smoke cigarettes,FALSE
927142,2009,Never wore a helmet,NA,No,Never smoked a cigarette,0 days,Did not smoke cigarettes,FALSE
768157,2007,Did not ride a bicycle,NA,Yes,NA,0 days,Did not smoke cigarettes,NA
773486,2007,Rarely wore a helmet,NA,No,Never smoked a cigarette,0 days,Did not smoke cigarettes,NA
38854,1991,Never wore a helmet,NA,Yes,15 or 16 years old,6 to 9 days,2 to 5 cigarettes,NA
937655,2009,Did not ride a bicycle,NA,Yes,15 or 16 years old,1 or 2 days,2 to 5 cigarettes,FALSE
1314522,2013,Did not ride a bicycle,0 days,Yes,11 or 12 years old,All 30 days,2 to 5 cigarettes,FALSE
764570,2007,NA,NA,No,Never smoked a cigarette,0 days,Did not smoke cigarettes,NA
403742,2001,Did not ride a bicycle,NA,No,Never smoked a cigarette,0 days,Did not smoke cigarettes,NA
765301,2007,Did not ride a bicycle,NA,No,Never smoked a cigarette,0 days,Did not smoke cigarettes,NA
1109487,2011,Rarely wore a helmet,NA,No,Never smoked a cigarette,0 days,Did not smoke cigarettes,TRUE
331436,1999,Never wore a helmet,NA,Yes,11 or 12 years old,All 30 days,2 to 5 cigarettes,NA
1309804,2013,Did not ride a bicycle,NA,Yes,Never smoked a cigarette,0 days,Did not smoke cigarettes,FALSE
926524,2009,NA,NA,No,Never smoked a cigarette,0 days,Did not smoke cigarettes,NA
324128,1999,Never wore a helmet,NA,Yes,9 or 10 years old,20 to 29 days,2 to 5 cigarettes,NA
113549,1993,Never wore a helmet,NA,No,Never smoked a cigarette,0 days,Did not smoke cigarettes,NA
183013,1995,Never wore a helmet,NA,NA,Never smoked a cigarette,0 days,Did not smoke cigarettes,NA
925202,2009,Never wore a helmet,NA,No,Never smoked a cigarette,0 days,Did not smoke cigarettes,TRUE
500117,2003,Never wore a helmet,NA,Yes,15 or 16 years old,0 days,Did not smoke cigarettes,NA
265028,1997,Never wore a helmet,NA,Yes,Never smoked a cigarette,0 days,Did not smoke cigarettes,NA
934320,2009,Never wore a helmet,NA,No,Never smoked a cigarette,0 days,Did not smoke cigarettes,FALSE
108206,1993,Did not ride a bicycle,NA,Yes,8 years old or younger,NA,More than 20 cigarettes,NA
260593,1997,Never wore a helmet,NA,No,Never smoked a cigarette,0 days,Did not smoke cigarettes,NA
1103929,2011,Most of the time wore a helmet,NA,No,Never smoked a cigarette,0 days,Did not smoke cigarettes,FALSE
500304,2003,Most of the time wore a helmet,NA,No,Never smoked a cigarette,0 days,Did not smoke cigarettes,NA
119731,1993,Did not ride a bicycle,NA,Yes,13 or 14 years old,0 days,Did not smoke cigarettes,NA
409597,2001,Did not ride a bicycle,NA,Yes,13 or 14 years old,0 days,Did not smoke cigarettes,NA
330201,1999,Always wore a helmet,NA,No,Never smoked a cigarette,0 days,Did not smoke cigarettes,NA
930903,2009,Never wore a helmet,NA,Yes,13 or 14 years old,1 or 2 days,Less than 1 cigarette,TRUE
38715,1991,Never wore a helmet,NA,No,Never smoked a cigarette,0 days,Did not smoke cigarettes,NA
926405,2009,Did not ride a bicycle,NA,No,Never smoked a cigarette,0 days,Did not smoke cigarettes,TRUE
396718,2001,Did not ride a bicycle,NA,Yes,13 or 14 years old,20 to 29 days,1 cigarette,NA
506706,2003,Did not ride a bicycle,NA,Yes,17 years old or older,1 or 2 days,1 cigarette,NA
328371,1999,Never wore a helmet,NA,NA,NA,NA,NA,NA
768428,2007,Never wore a helmet,NA,No,Never smoked a cigarette,0 days,Did not smoke cigarettes,NA
1311038,2013,Never wore a helmet,6 to 9 days,Yes,11 or 12 years old,1 or 2 days,1 cigarette,TRUE
186724,1995,Did not ride a bicycle,NA,Yes,Never smoked a cigarette,0 days,Did not smoke cigarettes,NA
773142,2007,Always wore a helmet,NA,No,Never smoked a cigarette,0 days,Did not smoke cigarettes,NA
640009,2005,Never wore a helmet,NA,Yes,8 years old or younger,0 days,Did not smoke cigarettes,NA
1108954,2011,Did not ride a bicycle,NA,No,Never smoked a cigarette,0 days,Did not smoke cigarettes,FALSE
929352,2009,Did not ride a bicycle,NA,No,Never smoked a cigarette,0 days,Did not smoke cigarettes,FALSE
511167,2003,NA,NA,Yes,15 or 16 years old,0 days,Did not smoke cigarettes,NA
269957,1997,Most of the time wore a helmet,NA,Yes,9 or 10 years old,0 days,Did not smoke cigarettes,NA
1309474,2013,Did not ride a bicycle,All 30 days,Yes,17 years old or older,3 to 5 days,2 to 5 cigarettes,FALSE
402976,2001,Did not ride a bicycle,NA,Yes,Never smoked a cigarette,0 days,Did not smoke cigarettes,NA
266442,1997,Never wore a helmet,NA,Yes,8 years old or younger,6 to 9 days,2 to 5 cigarettes,NA
931469,2009,Rarely wore a helmet,NA,No,Never smoked a cigarette,0 days,Did not smoke cigarettes,FALSE
38236,1991,Did not ride a bicycle,NA,Yes,9 or 10 years old,1 or 2 days,Less than 1 cigarette,NA
186376,1995,Did not ride a bicycle,NA,Yes,11 or 12 years old,0 days,Did not smoke cigarettes,NA
1309369,2013,Did not ride a bicycle,0 days,Yes,13 or 14 years old,0 days,Did not smoke cigarettes,FALSE
1308955,2013,Did not ride a bicycle,0 days,No,Never smoked a cigarette,0 days,Did not smoke cigarettes,NA
629603,2005,Did not ride a bicycle,NA,Yes,15 or 16 years old,1 or 2 days,1 cigarette,NA
270149,1997,Never wore a helmet,NA,No,Never smoked a cigarette,0 days,Did not smoke cigarettes,NA
1105172,2011,Never wore a helmet,NA,No,Never smoked a cigarette,0 days,Did not smoke cigarettes,FALSE
1315386,2013,Did not ride a bicycle,I did not drive the past 30 days,No,Never smoked a cigarette,0 days,Did not smoke cigarettes,FALSE
255943,1997,Rarely wore a helmet,NA,No,Never smoked a cigarette,0 days,Did not smoke cigarettes,NA
323961,1999,Did not ride a bicycle,NA,Yes,NA,0 days,Did not smoke cigarettes,NA
407036,2001,Did not ride a bicycle,NA,No,Never smoked a cigarette,0 days,Did not smoke cigarettes,NA
632338,2005,Never wore a helmet,NA,Yes,13 or 14 years old,NA,Did not smoke cigarettes,NA
1309052,2013,Did not ride a bicycle,1 or 2 days,No,Never smoked a cigarette,0 days,Did not smoke cigarettes,FALSE
633966,2005,Never wore a helmet,NA,Yes,15 or 16 years old,0 days,Did not smoke cigarettes,NA
399008,2001,Always wore a helmet,NA,No,Never smoked a cigarette,0 days,Did not smoke cigarettes,NA
270672,1997,Never wore a helmet,NA,Yes,17 years old or older,0 days,Did not smoke cigarettes,NA
1094810,2011,Never wore a helmet,NA,No,Never smoked a cigarette,0 days,Did not smoke cigarettes,FALSE
324517,1999,Most of the time wore a helmet,NA,Yes,13 or 14 years old,10 to 19 days,2 to 5 cigarettes,NA
121882,1993,Never wore a helmet,NA,Yes,11 or 12 years old,10 to 19 days,6 to 10 cigarettes,NA
32357,1991,Never wore a helmet,NA,No,Never smoked a cigarette,0 days,Did not smoke cigarettes,NA
110468,1993,Never wore a helmet,NA,No,Never smoked a cigarette,0 days,Did not smoke cigarettes,NA
331317,1999,Never wore a helmet,NA,Yes,Never smoked a cigarette,0 days,Did not smoke cigarettes,NA
397754,2001,Most of the time wore a helmet,NA,No,Never smoked a cigarette,0 days,Did not smoke cigarettes,NA
1308238,2013,Did not ride a bicycle,0 days,Yes,13 or 14 years old,10 to 19 days,2 to 5 cigarettes,FALSE
1104960,2011,Did not ride a bicycle,NA,Yes,15 or 16 years old,0 days,Did not smoke cigarettes,TRUE
1304427,2013,Never wore a helmet,I did not drive the past 30 days,No,Never smoked a cigarette,0 days,Did not smoke cigarettes,FALSE
925499,2009,Never wore a helmet,NA,No,Never smoked a cigarette,0 days,Did not smoke cigarettes,FALSE
333234,1999,Did not ride a bicycle,NA,No,Never smoked a cigarette,0 days,Did not smoke cigarettes,NA
930350,2009,NA,NA,Yes,13 or 14 years old,0 days,Did not smoke cigarettes,FALSE
117775,1993,Did not ride a bicycle,NA,Yes,Never smoked a cigarette,0 days,Did not smoke cigarettes,NA
508696,2003,Rarely wore a helmet,NA,No,Never smoked a cigarette,0 days,Did not smoke cigarettes,NA
633843,2005,Did not ride a bicycle,NA,No,Never smoked a cigarette,0 days,Did not smoke cigarettes,NA
328470,1999,Never wore a helmet,NA,Yes,8 years old or younger,All 30 days,6 to 10 cigarettes,NA
763359,2007,Did not ride a bicycle,NA,Yes,15 or 16 years old,0 days,Did not smoke cigarettes,NA
926424,2009,Never wore a helmet,NA,NA,NA,0 days,NA,NA
407500,2001,Never wore a helmet,NA,No,Never smoked a cigarette,0 days,Did not smoke cigarettes,NA
628790,2005,Never wore a helmet,NA,Yes,13 or 14 years old,NA,Did not smoke cigarettes,NA
933674,2009,Did not ride a bicycle,NA,No,Never smoked a cigarette,0 days,Did not smoke cigarettes,FALSE
933911,2009,Did not ride a bicycle,NA,Yes,15 or 16 years old,0 days,Did not smoke cigarettes,TRUE
508135,2003,Most of the time wore a helmet,NA,No,Never smoked a cigarette,0 days,Did not smoke cigarettes,NA
770401,2007,Sometimes wore a helmet,NA,No,Never smoked a cigarette,0 days,Did not smoke cigarettes,NA
509823,2003,Never wore a helmet,NA,No,Never smoked a cigarette,0 days,Did not smoke cigarettes,NA
269381,1997,Rarely wore a helmet,NA,No,Never smoked a cigarette,0 days,Did not smoke cigarettes,NA
927339,2009,Never wore a helmet,NA,No,Never smoked a cigarette,0 days,Did not smoke cigarettes,FALSE
260027,1997,NA,NA,Yes,13 or 14 years old,20 to 29 days,2 to 5 cigarettes,NA
38978,1991,Never wore a helmet,NA,No,Never smoked a cigarette,0 days,Did not smoke cigarettes,NA
926490,2009,Never wore a helmet,NA,No,Never smoked a cigarette,0 days,Did not smoke cigarettes,TRUE
33882,1991,Never wore a helmet,NA,Yes,Never smoked a cigarette,0 days,Did not smoke cigarettes,NA
767714,2007,Never wore a helmet,NA,Yes,11 or 12 years old,1 or 2 days,Less than 1 cigarette,NA
1109725,2011,Never wore a helmet,NA,NA,NA,0 days,NA,FALSE
1105350,2011,Did not ride a bicycle,NA,No,Never smoked a cigarette,0 days,Did not smoke cigarettes,FALSE
31809,1991,NA,NA,Yes,13 or 14 years old,0 days,Did not smoke cigarettes,NA
117546,1993,Did not ride a bicycle,NA,Yes,Never smoked a cigarette,0 days,Did not smoke cigarettes,NA
511621,2003,Did not ride a bicycle,NA,Yes,15 or 16 years old,0 days,Did not smoke cigarettes,NA
932821,2009,Never wore a helmet,NA,Yes,Never smoked a cigarette,1 or 2 days,Less than 1 cigarette,FALSE
929062,2009,Did not ride a bicycle,NA,No,Never smoked a cigarette,0 days,Did not smoke cigarettes,FALSE
636265,2005,Did not ride a bicycle,NA,Yes,13 or 14 years old,0 days,Did not smoke cigarettes,NA
260717,1997,Never wore a helmet,NA,Yes,13 or 14 years old,NA,NA,NA
256396,1997,Always wore a helmet,NA,No,Never smoked a cigarette,0 days,Did not smoke cigarettes,NA
185822,1995,Did not ride a bicycle,NA,Yes,8 years old or younger,All 30 days,More than 20 cigarettes,NA
926463,2009,Did not ride a bicycle,NA,No,Never smoked a cigarette,0 days,Did not smoke cigarettes,FALSE
267131,1997,Did not ride a bicycle,NA,Yes,Never smoked a cigarette,0 days,Did not smoke cigarettes,NA
636443,2005,Never wore a helmet,NA,Yes,11 or 12 years old,All 30 days,2 to 5 cigarettes,NA
633105,2005,Never wore a helmet,NA,No,Never smoked a cigarette,0 days,Did not smoke cigarettes,NA
506033,2003,Rarely wore a helmet,NA,Yes,11 or 12 years old,NA,NA,NA
766651,2007,Did not ride a bicycle,NA,Yes,9 or 10 years old,All 30 days,11 to 20 cigarettes,NA
323121,1999,Sometimes wore a helmet,NA,Yes,Never smoked a cigarette,0 days,Did not smoke cigarettes,NA
932288,2009,Never wore a helmet,NA,No,Never smoked a cigarette,0 days,Did not smoke cigarettes,FALSE
189871,1995,Never wore a helmet,NA,No,Never smoked a cigarette,0 days,Did not smoke cigarettes,NA
642061,2005,Never wore a helmet,NA,NA,15 or 16 years old,20 to 29 days,NA,NA
1105412,2011,Did not ride a bicycle,NA,Yes,8 years old or younger,0 days,Did not smoke cigarettes,TRUE
109983,1993,Did not ride a bicycle,NA,Yes,Never smoked a cigarette,0 days,Did not smoke cigarettes,NA
1306105,2013,Never wore a helmet,0 days,No,Never smoked a cigarette,0 days,Did not smoke cigarettes,FALSE
258195,1997,Never wore a helmet,NA,Yes,11 or 12 years old,6 to 9 days,1 cigarette,NA
933382,2009,Most of the time wore a helmet,NA,No,Never smoked a cigarette,0 days,Did not smoke cigarettes,FALSE
1306769,2013,Most of the time wore a helmet,0 days,No,Never smoked a cigarette,0 days,Did not smoke cigarettes,FALSE
1303524,2013,Did not ride a bicycle,NA,No,Never smoked a cigarette,0 days,Did not smoke cigarettes,FALSE
1313546,2013,Did not ride a bicycle,20 to 29 days,NA,NA,0 days,Did not smoke cigarettes,FALSE
1314917,2013,NA,0 days,Yes,17 years old or older,0 days,Did not smoke cigarettes,TRUE
766357,2007,Never wore a helmet,NA,Yes,15 or 16 years old,0 days,Did not smoke cigarettes,NA
500379,2003,Never wore a helmet,NA,Yes,15 or 16 years old,0 days,Did not smoke cigarettes,NA
503661,2003,Never wore a helmet,NA,Yes,8 years old or younger,0 days,Did not smoke cigarettes,NA
120472,1993,Never wore a helmet,NA,No,Never smoked a cigarette,0 days,Did not smoke cigarettes,NA
927883,2009,Never wore a helmet,NA,Yes,Never smoked a cigarette,0 days,Did not smoke cigarettes,TRUE
1316745,2013,Did not ride a bicycle,0 days,Yes,13 or 14 years old,0 days,Did not smoke cigarettes,FALSE
335637,1999,Did not ride a bicycle,NA,No,Never smoked a cigarette,0 days,Did not smoke cigarettes,NA
406980,2001,Rarely wore a helmet,NA,No,Never smoked a cigarette,0 days,Did not smoke cigarettes,NA
1304681,2013,Always wore a helmet,0 days,No,Never smoked a cigarette,0 days,Did not smoke cigarettes,FALSE
1310989,2013,Most of the time wore a helmet,I did not drive the past 30 days,No,Never smoked a cigarette,0 days,Did not smoke cigarettes,FALSE
334392,1999,Did not ride a bicycle,NA,Yes,13 or 14 years old,0 days,Did not smoke cigarettes,NA
321768,1999,Never wore a helmet,NA,No,Never smoked a cigarette,0 days,Did not smoke cigarettes,NA
629578,2005,Never wore a helmet,NA,No,Never smoked a cigarette,0 days,Did not smoke cigarettes,NA
188064,1995,Did not ride a bicycle,NA,Yes,11 or 12 years old,0 days,Did not smoke cigarettes,NA
31899,1991,Did not ride a bicycle,NA,Yes,13 or 14 years old,1 or 2 days,Less than 1 cigarette,NA
37370,1991,Did not ride a bicycle,NA,Yes,13 or 14 years old,3 to 5 days,Less than 1 cigarette,NA
256611,1997,Never wore a helmet,NA,Yes,13 or 14 years old,1 or 2 days,1 cigarette,NA
933601,2009,Did not ride a bicycle,NA,No,Never smoked a cigarette,0 days,Did not smoke cigarettes,FALSE
641091,2005,Never wore a helmet,NA,No,Never smoked a cigarette,0 days,Did not smoke cigarettes,NA
405693,2001,Did not ride a bicycle,NA,No,Never smoked a cigarette,0 days,Did not smoke cigarettes,NA
1315514,2013,Did not ride a bicycle,All 30 days,Yes,15 or 16 years old,All 30 days,6 to 10 cigarettes,FALSE
110800,1993,Rarely wore a helmet,NA,Yes,8 years old or younger,NA,1 cigarette,NA
40306,1991,Never wore a helmet,NA,Yes,17 years old or older,0 days,Did not smoke cigarettes,NA
268414,1997,Never wore a helmet,NA,Yes,15 or 16 years old,20 to 29 days,6 to 10 cigarettes,NA
185398,1995,Did not ride a bicycle,NA,No,Never smoked a cigarette,0 days,Did not smoke cigarettes,NA
509746,2003,Never wore a helmet,NA,Yes,15 or 16 years old,1 or 2 days,1 cigarette,NA
327779,1999,Never wore a helmet,NA,No,Never smoked a cigarette,0 days,Did not smoke cigarettes,NA
502442,2003,Did not ride a bicycle,NA,Yes,11 or 12 years old,0 days,Did not smoke cigarettes,NA
768645,2007,Did not ride a bicycle,NA,Yes,13 or 14 years old,0 days,Did not smoke cigarettes,NA
636685,2005,Never wore a helmet,NA,No,Never smoked a cigarette,0 days,Did not smoke cigarettes,NA
122005,1993,Never wore a helmet,NA,No,Never smoked a cigarette,0 days,Did not smoke cigarettes,NA
187882,1995,Did not ride a bicycle,NA,No,Never smoked a cigarette,0 days,Did not smoke cigarettes,NA
120176,1993,Sometimes wore a helmet,NA,Yes,11 or 12 years old,10 to 19 days,6 to 10 cigarettes,NA
116775,1993,Never wore a helmet,NA,No,Never smoked a cigarette,0 days,Did not smoke cigarettes,NA
934332,2009,Did not ride a bicycle,NA,No,Never smoked a cigarette,0 days,Did not smoke cigarettes,FALSE
398504,2001,Most of the time wore a helmet,NA,No,Never smoked a cigarette,0 days,Did not smoke cigarettes,NA
1315367,2013,Did not ride a bicycle,All 30 days,No,Never smoked a cigarette,0 days,Did not smoke cigarettes,FALSE
773632,2007,Did not ride a bicycle,NA,No,Never smoked a cigarette,0 days,Did not smoke cigarettes,NA
1095169,2011,NA,NA,No,Never smoked a cigarette,0 days,Did not smoke cigarettes,NA
186824,1995,Never wore a helmet,NA,Yes,13 or 14 years old,0 days,Did not smoke cigarettes,NA
923358,2009,Never wore a helmet,NA,Yes,9 or 10 years old,3 to 5 days,2 to 5 cigarettes,FALSE
770312,2007,Rarely wore a helmet,NA,Yes,15 or 16 years old,NA,NA,NA
768684,2007,NA,NA,No,Never smoked a cigarette,0 days,Did not smoke cigarettes,NA
408858,2001,Did not ride a bicycle,NA,No,Never smoked a cigarette,0 days,Did not smoke cigarettes,NA
1313004,2013,Never wore a helmet,0 days,No,Never smoked a cigarette,0 days,Did not smoke cigarettes,FALSE
34386,1991,Did not ride a bicycle,NA,No,Never smoked a cigarette,0 days,Did not smoke cigarettes,NA
761884,2007,NA,NA,No,Never smoked a cigarette,0 days,Did not smoke cigarettes,NA
502036,2003,Did not ride a bicycle,NA,Yes,13 or 14 years old,0 days,Did not smoke cigarettes,NA
636390,2005,Did not ride a bicycle,NA,Yes,NA,0 days,Did not smoke cigarettes,NA
501619,2003,Did not ride a bicycle,NA,NA,NA,NA,NA,NA
323653,1999,Never wore a helmet,NA,No,Never smoked a cigarette,0 days,Did not smoke cigarettes,NA
266385,1997,Never wore a helmet,NA,Yes,13 or 14 years old,3 to 5 days,2 to 5 cigarettes,NA
325346,1999,Did not ride a bicycle,NA,Yes,13 or 14 years old,0 days,Did not smoke cigarettes,NA
932134,2009,Most of the time wore a helmet,NA,No,Never smoked a cigarette,0 days,Did not smoke cigarettes,FALSE
332793,1999,Never wore a helmet,NA,No,Never smoked a cigarette,0 days,Did not smoke cigarettes,NA
110178,1993,Never wore a helmet,NA,No,Never smoked a cigarette,0 days,Did not smoke cigarettes,NA
927070,2009,Never wore a helmet,NA,Yes,8 years old or younger,NA,Less than 1 cigarette,FALSE
760539,2007,NA,NA,No,Never smoked a cigarette,0 days,Did not smoke cigarettes,NA
764535,2007,Most of the time wore a helmet,NA,No,Never smoked a cigarette,0 days,Did not smoke cigarettes,NA
183157,1995,Never wore a helmet,NA,Yes,13 or 14 years old,6 to 9 days,Less than 1 cigarette,NA
328574,1999,Did not ride a bicycle,NA,Yes,13 or 14 years old,All 30 days,11 to 20 cigarettes,NA
120279,1993,NA,NA,Yes,15 or 16 years old,0 days,Did not smoke cigarettes,NA
1309521,2013,Never wore a helmet,6 to 9 days,Yes,13 or 14 years old,0 days,Did not smoke cigarettes,FALSE
505486,2003,Never wore a helmet,NA,Yes,9 or 10 years old,NA,NA,NA
107285,1993,Did not ride a bicycle,NA,Yes,9 or 10 years old,10 to 19 days,6 to 10 cigarettes,NA
628892,2005,Rarely wore a helmet,NA,No,Never smoked a cigarette,0 days,Did not smoke cigarettes,NA
641668,2005,Never wore a helmet,NA,Yes,Never smoked a cigarette,0 days,Did not smoke cigarettes,NA
256267,1997,Did not ride a bicycle,NA,No,Never smoked a cigarette,0 days,Did not smoke cigarettes,NA
933092,2009,Never wore a helmet,NA,No,Never smoked a cigarette,0 days,Did not smoke cigarettes,FALSE
408168,2001,Did not ride a bicycle,NA,No,Never smoked a cigarette,0 days,Did not smoke cigarettes,NA
42668,1991,Did not ride a bicycle,NA,No,Never smoked a cigarette,0 days,Did not smoke cigarettes,NA
1107724,2011,Did not ride a bicycle,NA,No,Never smoked a cigarette,0 days,Did not smoke cigarettes,FALSE
266846,1997,Always wore a helmet,NA,No,Never smoked a cigarette,0 days,Did not smoke cigarettes,NA
640115,2005,Did not ride a bicycle,NA,Yes,NA,0 days,Did not smoke cigarettes,NA
111633,1993,Did not ride a bicycle,NA,Yes,15 or 16 years old,6 to 9 days,2 to 5 cigarettes,NA
398558,2001,Never wore a helmet,NA,Yes,9 or 10 years old,All 30 days,2 to 5 cigarettes,NA
258571,1997,Never wore a helmet,NA,Yes,9 or 10 years old,6 to 9 days,1 cigarette,NA
507917,2003,Never wore a helmet,NA,No,Never smoked a cigarette,0 days,Did not smoke cigarettes,NA
35444,1991,Never wore a helmet,NA,Yes,13 or 14 years old,6 to 9 days,2 to 5 cigarettes,NA
257582,1997,Never wore a helmet,NA,Yes,9 or 10 years old,0 days,Did not smoke cigarettes,NA
1107028,2011,Did not ride a bicycle,NA,No,Never smoked a cigarette,0 days,Did not smoke cigarettes,FALSE
40632,1991,Did not ride a bicycle,NA,No,Never smoked a cigarette,0 days,Did not smoke cigarettes,NA
119807,1993,Never wore a helmet,NA,Yes,15 or 16 years old,All 30 days,11 to 20 cigarettes,NA
401065,2001,Sometimes wore a helmet,NA,Yes,15 or 16 years old,0 days,Did not smoke cigarettes,NA
1104507,2011,Did not ride a bicycle,NA,Yes,13 or 14 years old,NA,NA,FALSE
186578,1995,Did not ride a bicycle,NA,No,Never smoked a cigarette,0 days,Did not smoke cigarettes,NA
506743,2003,Never wore a helmet,NA,Yes,9 or 10 years old,All 30 days,More than 20 cigarettes,NA
31499,1991,Did not ride a bicycle,NA,Yes,13 or 14 years old,All 30 days,11 to 20 cigarettes,NA
1097085,2011,Never wore a helmet,NA,Yes,NA,0 days,Did not smoke cigarettes,TRUE
112395,1993,Never wore a helmet,NA,Yes,13 or 14 years old,10 to 19 days,2 to 5 cigarettes,NA
34223,1991,Did not ride a bicycle,NA,Yes,8 years old or younger,0 days,Did not smoke cigarettes,NA
773245,2007,Always wore a helmet,NA,No,Never smoked a cigarette,0 days,Did not smoke cigarettes,NA
40838,1991,Did not ride a bicycle,NA,Yes,15 or 16 years old,0 days,Did not smoke cigarettes,NA
640560,2005,Never wore a helmet,NA,Yes,13 or 14 years old,0 days,Did not smoke cigarettes,NA
1313957,2013,Never wore a helmet,NA,No,Never smoked a cigarette,0 days,Did not smoke cigarettes,FALSE
328672,1999,Did not ride a bicycle,NA,Yes,13 or 14 years old,20 to 29 days,11 to 20 cigarettes,NA
332344,1999,Never wore a helmet,NA,No,Never smoked a cigarette,0 days,Did not smoke cigarettes,NA
263608,1997,Most of the time wore a helmet,NA,Yes,13 or 14 years old,10 to 19 days,2 to 5 cigarettes,NA
1312737,2013,Never wore a helmet,I did not drive the past 30 days,Yes,Never smoked a cigarette,NA,NA,FALSE
329863,1999,Never wore a helmet,NA,Yes,13 or 14 years old,All 30 days,2 to 5 cigarettes,NA
260473,1997,Did not ride a bicycle,NA,Yes,15 or 16 years old,1 or 2 days,NA,NA
1109043,2011,Never wore a helmet,NA,Yes,17 years old or older,6 to 9 days,6 to 10 cigarettes,FALSE
41158,1991,Rarely wore a helmet,NA,Yes,Never smoked a cigarette,0 days,Did not smoke cigarettes,NA
34168,1991,Never wore a helmet,NA,Yes,13 or 14 years old,0 days,Did not smoke cigarettes,NA
40264,1991,Never wore a helmet,NA,Yes,13 or 14 years old,0 days,Did not smoke cigarettes,NA
107122,1993,Never wore a helmet,NA,NA,NA,0 days,Did not smoke cigarettes,NA
109364,1993,Never wore a helmet,NA,Yes,13 or 14 years old,0 days,Did not smoke cigarettes,NA
39285,1991,Did not ride a bicycle,NA,No,Never smoked a cigarette,0 days,Did not smoke cigarettes,NA
405454,2001,Never wore a helmet,NA,Yes,15 or 16 years old,6 to 9 days,1 cigarette,NA
328147,1999,Never wore a helmet,NA,No,Never smoked a cigarette,0 days,Did not smoke cigarettes,NA
641571,2005,Did not ride a bicycle,NA,No,Never smoked a cigarette,0 days,Did not smoke cigarettes,NA
327620,1999,Did not ride a bicycle,NA,Yes,13 or 14 years old,All 30 days,11 to 20 cigarettes,NA
264207,1997,Rarely wore a helmet,NA,Yes,13 or 14 years old,0 days,Did not smoke cigarettes,NA
330189,1999,Never wore a helmet,NA,No,Never smoked a cigarette,0 days,Did not smoke cigarettes,NA
641617,2005,Did not ride a bicycle,NA,Yes,Never smoked a cigarette,0 days,Did not smoke cigarettes,NA
924463,2009,NA,NA,Yes,13 or 14 years old,0 days,Did not smoke cigarettes,NA
765949,2007,Sometimes wore a helmet,NA,Yes,11 or 12 years old,6 to 9 days,Less than 1 cigarette,NA
403340,2001,Rarely wore a helmet,NA,No,Never smoked a cigarette,0 days,Did not smoke cigarettes,NA
768695,2007,Did not ride a bicycle,NA,Yes,13 or 14 years old,1 or 2 days,2 to 5 cigarettes,NA
257291,1997,Rarely wore a helmet,NA,Yes,Never smoked a cigarette,0 days,Did not smoke cigarettes,NA
1104862,2011,Rarely wore a helmet,NA,Yes,11 or 12 years old,0 days,Did not smoke cigarettes,FALSE
1105644,2011,Did not ride a bicycle,NA,Yes,15 or 16 years old,0 days,Did not smoke cigarettes,FALSE
769965,2007,Did not ride a bicycle,NA,No,Never smoked a cigarette,0 days,Did not smoke cigarettes,NA
31321,1991,NA,NA,Yes,13 or 14 years old,1 or 2 days,Less than 1 cigarette,NA
271480,1997,Never wore a helmet,NA,NA,Never smoked a cigarette,0 days,Did not smoke cigarettes,NA
931058,2009,Sometimes wore a helmet,NA,No,Never smoked a cigarette,0 days,Did not smoke cigarettes,FALSE
513665,2003,Never wore a helmet,NA,Yes,Never smoked a cigarette,0 days,Did not smoke cigarettes,NA
636190,2005,Never wore a helmet,NA,No,Never smoked a cigarette,0 days,Did not smoke cigarettes,NA
115027,1993,Never wore a helmet,NA,No,Never smoked a cigarette,0 days,Did not smoke cigarettes,NA
189971,1995,Did not ride a bicycle,NA,No,Never smoked a cigarette,0 days,Did not smoke cigarettes,NA
1096443,2011,Did not ride a bicycle,NA,No,Never smoked a cigarette,0 days,Did not smoke cigarettes,FALSE
1098547,2011,NA,NA,NA,NA,0 days,Did not smoke cigarettes,NA
936110,2009,Did not ride a bicycle,NA,Yes,11 or 12 years old,0 days,Did not smoke cigarettes,FALSE
640127,2005,Never wore a helmet,NA,No,Never smoked a cigarette,0 days,Did not smoke cigarettes,NA
180447,1995,Never wore a helmet,NA,No,Never smoked a cigarette,0 days,Did not smoke cigarettes,NA
118515,1993,Never wore a helmet,NA,No,Never smoked a cigarette,0 days,Did not smoke cigarettes,NA
760887,2007,Did not ride a bicycle,NA,No,Never smoked a cigarette,0 days,Did not smoke cigarettes,NA
1310630,2013,Did not ride a bicycle,I did not drive the past 30 days,Yes,13 or 14 years old,0 days,Did not smoke cigarettes,FALSE
924959,2009,Never wore a helmet,NA,No,Never smoked a cigarette,0 days,Did not smoke cigarettes,FALSE
185368,1995,Never wore a helmet,NA,Yes,15 or 16 years old,1 or 2 days,Less than 1 cigarette,NA
511878,2003,Always wore a helmet,NA,No,Never smoked a cigarette,0 days,Did not smoke cigarettes,NA
110784,1993,Most of the time wore a helmet,NA,Yes,15 or 16 years old,6 to 9 days,1 cigarette,NA
772369,2007,Never wore a helmet,NA,Yes,13 or 14 years old,0 days,Did not smoke cigarettes,NA
407871,2001,Most of the time wore a helmet,NA,No,Never smoked a cigarette,0 days,Did not smoke cigarettes,NA
38924,1991,Never wore a helmet,NA,Yes,9 or 10 years old,0 days,Did not smoke cigarettes,NA
1309869,2013,Did not ride a bicycle,I did not drive the past 30 days,Yes,Never smoked a cigarette,0 days,Did not smoke cigarettes,FALSE
108082,1993,Did not ride a bicycle,NA,Yes,13 or 14 years old,0 days,Did not smoke cigarettes,NA
32472,1991,Did not ride a bicycle,NA,Yes,9 or 10 years old,0 days,Did not smoke cigarettes,NA
1096873,2011,Always wore a helmet,NA,No,Never smoked a cigarette,0 days,Did not smoke cigarettes,FALSE
115504,1993,Most of the time wore a helmet,NA,No,Never smoked a cigarette,0 days,Did not smoke cigarettes,NA
40165,1991,NA,NA,Yes,Never smoked a cigarette,0 days,Did not smoke cigarettes,NA
40536,1991,Never wore a helmet,NA,Yes,11 or 12 years old,0 days,Did not smoke cigarettes,NA
185244,1995,Never wore a helmet,NA,No,Never smoked a cigarette,0 days,Did not smoke cigarettes,NA
263946,1997,Did not ride a bicycle,NA,No,Never smoked a cigarette,0 days,Did not smoke cigarettes,NA
773262,2007,Never wore a helmet,NA,Yes,15 or 16 years old,1 or 2 days,1 cigarette,NA
509052,2003,Rarely wore a helmet,NA,Yes,Never smoked a cigarette,0 days,Did not smoke cigarettes,NA
331512,1999,Never wore a helmet,NA,Yes,9 or 10 years old,3 to 5 days,1 cigarette,NA
180618,1995,Never wore a helmet,NA,Yes,Never smoked a cigarette,0 days,Did not smoke cigarettes,NA
501698,2003,Never wore a helmet,NA,Yes,13 or 14 years old,1 or 2 days,2 to 5 cigarettes,NA
111294,1993,Never wore a helmet,NA,No,Never smoked a cigarette,0 days,Did not smoke cigarettes,NA
30691,1991,Never wore a helmet,NA,Yes,11 or 12 years old,3 to 5 days,Less than 1 cigarette,NA
188945,1995,Did not ride a bicycle,NA,No,Never smoked a cigarette,0 days,Did not smoke cigarettes,NA
631348,2005,Most of the time wore a helmet,NA,No,Never smoked a cigarette,0 days,Did not smoke cigarettes,NA
186552,1995,Never wore a helmet,NA,No,Never smoked a cigarette,0 days,Did not smoke cigarettes,NA
396738,2001,Never wore a helmet,NA,Yes,Never smoked a cigarette,0 days,Did not smoke cigarettes,NA
408952,2001,Did not ride a bicycle,NA,No,Never smoked a cigarette,0 days,Did not smoke cigarettes,NA
936791,2009,Did not ride a bicycle,NA,Yes,Never smoked a cigarette,0 days,Did not smoke cigarettes,TRUE
256638,1997,Never wore a helmet,NA,No,Never smoked a cigarette,0 days,Did not smoke cigarettes,NA
925005,2009,Did not ride a bicycle,NA,Yes,13 or 14 years old,1 or 2 days,1 cigarette,FALSE
926439,2009,Did not ride a bicycle,NA,Yes,8 years old or younger,0 days,Did not smoke cigarettes,NA
926513,2009,Never wore a helmet,NA,No,Never smoked a cigarette,0 days,Did not smoke cigarettes,TRUE
184487,1995,Never wore a helmet,NA,Yes,Never smoked a cigarette,0 days,Did not smoke cigarettes,NA
1308315,2013,Rarely wore a helmet,I did not drive the past 30 days,No,Never smoked a cigarette,0 days,Did not smoke cigarettes,FALSE
1103356,2011,Did not ride a bicycle,NA,No,Never smoked a cigarette,0 days,Did not smoke cigarettes,FALSE
122364,1993,Did not ride a bicycle,NA,Yes,8 years old or younger,All 30 days,2 to 5 cigarettes,NA
1096586,2011,Did not ride a bicycle,NA,NA,Never smoked a cigarette,0 days,NA,FALSE
761367,2007,Did not ride a bicycle,NA,No,Never smoked a cigarette,0 days,Did not smoke cigarettes,NA
633261,2005,Never wore a helmet,NA,NA,Never smoked a cigarette,NA,NA,NA
635728,2005,Sometimes wore a helmet,NA,Yes,Never smoked a cigarette,0 days,Did not smoke cigarettes,NA
510259,2003,Never wore a helmet,NA,Yes,13 or 14 years old,1 or 2 days,Less than 1 cigarette,NA
41819,1991,Did not ride a bicycle,NA,No,Never smoked a cigarette,0 days,Did not smoke cigarettes,NA
181056,1995,Never wore a helmet,NA,Yes,13 or 14 years old,1 or 2 days,1 cigarette,NA
630619,2005,Rarely wore a helmet,NA,No,Never smoked a cigarette,0 days,Did not smoke cigarettes,NA
109192,1993,Rarely wore a helmet,NA,No,Never smoked a cigarette,0 days,Did not smoke cigarettes,NA
112105,1993,Did not ride a bicycle,NA,No,Never smoked a cigarette,0 days,Did not smoke cigarettes,NA
41168,1991,Never wore a helmet,NA,No,Never smoked a cigarette,0 days,Did not smoke cigarettes,NA
330227,1999,Did not ride a bicycle,NA,Yes,11 or 12 years old,0 days,Did not smoke cigarettes,NA
503935,2003,Never wore a helmet,NA,Yes,13 or 14 years old,10 to 19 days,2 to 5 cigarettes,NA
935675,2009,Rarely wore a helmet,NA,Yes,Never smoked a cigarette,0 days,Did not smoke cigarettes,FALSE
336393,1999,Never wore a helmet,NA,No,Never smoked a cigarette,0 days,Did not smoke cigarettes,NA
925610,2009,Never wore a helmet,NA,Yes,15 or 16 years old,10 to 19 days,1 cigarette,FALSE
42214,1991,Did not ride a bicycle,NA,No,Never smoked a cigarette,0 days,Did not smoke cigarettes,NA
400906,2001,Rarely wore a helmet,NA,No,Never smoked a cigarette,0 days,Did not smoke cigarettes,NA
261876,1997,NA,NA,Yes,8 years old or younger,All 30 days,6 to 10 cigarettes,NA
930426,2009,Always wore a helmet,NA,No,Never smoked a cigarette,0 days,Did not smoke cigarettes,TRUE
631875,2005,Rarely wore a helmet,NA,No,Never smoked a cigarette,0 days,Did not smoke cigarettes,NA
261383,1997,Never wore a helmet,NA,Yes,11 or 12 years old,6 to 9 days,2 to 5 cigarettes,NA
504348,2003,Never wore a helmet,NA,No,Never smoked a cigarette,0 days,Did not smoke cigarettes,NA
504035,2003,Rarely wore a helmet,NA,Yes,Never smoked a cigarette,0 days,Did not smoke cigarettes,NA
927308,2009,Never wore a helmet,NA,Yes,13 or 14 years old,0 days,Did not smoke cigarettes,FALSE
118424,1993,Did not ride a bicycle,NA,No,Never smoked a cigarette,0 days,Did not smoke cigarettes,NA
511132,2003,Sometimes wore a helmet,NA,Yes,11 or 12 years old,All 30 days,2 to 5 cigarettes,NA
262069,1997,Never wore a helmet,NA,Yes,11 or 12 years old,10 to 19 days,2 to 5 cigarettes,NA
32499,1991,Never wore a helmet,NA,NA,NA,NA,NA,NA
1316135,2013,Did not ride a bicycle,0 days,No,Never smoked a cigarette,0 days,Did not smoke cigarettes,FALSE
632864,2005,Never wore a helmet,NA,No,Never smoked a cigarette,0 days,Did not smoke cigarettes,NA
183967,1995,Never wore a helmet,NA,Yes,NA,NA,Less than 1 cigarette,NA
109658,1993,Never wore a helmet,NA,Yes,8 years old or younger,0 days,Did not smoke cigarettes,NA
258450,1997,Did not ride a bicycle,NA,Yes,15 or 16 years old,1 or 2 days,Less than 1 cigarette,NA
635598,2005,Did not ride a bicycle,NA,NA,NA,0 days,Did not smoke cigarettes,NA
326354,1999,Never wore a helmet,NA,NA,NA,0 days,Did not smoke cigarettes,NA
396398,2001,Never wore a helmet,NA,No,Never smoked a cigarette,0 days,Did not smoke cigarettes,NA
185324,1995,Did not ride a bicycle,NA,Yes,8 years old or younger,3 to 5 days,1 cigarette,NA
32393,1991,Never wore a helmet,NA,No,Never smoked a cigarette,0 days,Did not smoke cigarettes,NA
323706,1999,Never wore a helmet,NA,No,Never smoked a cigarette,0 days,Did not smoke cigarettes,NA
327799,1999,Did not ride a bicycle,NA,No,Never smoked a cigarette,0 days,Did not smoke cigarettes,NA
262307,1997,Never wore a helmet,NA,Yes,15 or 16 years old,10 to 19 days,2 to 5 cigarettes,NA
186543,1995,Always wore a helmet,NA,No,Never smoked a cigarette,0 days,Did not smoke cigarettes,NA
1311494,2013,Never wore a helmet,0 days,No,Never smoked a cigarette,0 days,Did not smoke cigarettes,FALSE
1311397,2013,Never wore a helmet,NA,No,Never smoked a cigarette,0 days,Did not smoke cigarettes,FALSE
514144,2003,Never wore a helmet,NA,No,Never smoked a cigarette,0 days,Did not smoke cigarettes,NA
119897,1993,Never wore a helmet,NA,Yes,15 or 16 years old,NA,NA,NA
1105322,2011,Always wore a helmet,NA,No,Never smoked a cigarette,0 days,Did not smoke cigarettes,FALSE
33591,1991,Never wore a helmet,NA,No,Never smoked a cigarette,0 days,Did not smoke cigarettes,NA
259230,1997,Never wore a helmet,NA,Yes,8 years old or younger,10 to 19 days,2 to 5 cigarettes,NA
401684,2001,Did not ride a bicycle,NA,No,Never smoked a cigarette,0 days,Did not smoke cigarettes,NA
761537,2007,Never wore a helmet,NA,Yes,15 or 16 years old,NA,NA,NA
321916,1999,NA,NA,Yes,11 or 12 years old,1 or 2 days,Less than 1 cigarette,NA
507870,2003,Never wore a helmet,NA,No,Never smoked a cigarette,0 days,Did not smoke cigarettes,NA
766649,2007,Did not ride a bicycle,NA,Yes,13 or 14 years old,All 30 days,2 to 5 cigarettes,NA
268658,1997,Did not ride a bicycle,NA,Yes,15 or 16 years old,0 days,Did not smoke cigarettes,NA
330947,1999,Never wore a helmet,NA,NA,NA,0 days,Did not smoke cigarettes,NA
268963,1997,Never wore a helmet,NA,Yes,Never smoked a cigarette,0 days,Did not smoke cigarettes,NA
924348,2009,Rarely wore a helmet,NA,No,Never smoked a cigarette,0 days,Did not smoke cigarettes,FALSE
923321,2009,Rarely wore a helmet,NA,Yes,13 or 14 years old,0 days,Did not smoke cigarettes,FALSE
180981,1995,Never wore a helmet,NA,NA,Never smoked a cigarette,0 days,Did not smoke cigarettes,NA
930257,2009,Never wore a helmet,NA,Yes,17 years old or older,NA,Less than 1 cigarette,TRUE
113652,1993,Did not ride a bicycle,NA,No,Never smoked a cigarette,0 days,Did not smoke cigarettes,NA
772314,2007,Never wore a helmet,NA,No,Never smoked a cigarette,0 days,Did not smoke cigarettes,NA
264911,1997,Sometimes wore a helmet,NA,No,Never smoked a cigarette,0 days,Did not smoke cigarettes,NA
256194,1997,Never wore a helmet,NA,NA,Never smoked a cigarette,0 days,Did not smoke cigarettes,NA
329609,1999,Never wore a helmet,NA,No,Never smoked a cigarette,0 days,Did not smoke cigarettes,NA
1102653,2011,Never wore a helmet,NA,No,Never smoked a cigarette,0 days,Did not smoke cigarettes,FALSE
400444,2001,Did not ride a bicycle,NA,No,Never smoked a cigarette,0 days,Did not smoke cigarettes,NA
930851,2009,Sometimes wore a helmet,NA,No,Never smoked a cigarette,0 days,Did not smoke cigarettes,TRUE
261177,1997,Did not ride a bicycle,NA,Yes,Never smoked a cigarette,0 days,Did not smoke cigarettes,NA
115154,1993,Did not ride a bicycle,NA,Yes,Never smoked a cigarette,0 days,Did not smoke cigarettes,NA
120578,1993,Never wore a helmet,NA,No,Never smoked a cigarette,0 days,Did not smoke cigarettes,NA
932879,2009,Did not ride a bicycle,NA,Yes,9 or 10 years old,0 days,Did not smoke cigarettes,TRUE
113896,1993,NA,NA,No,Never smoked a cigarette,0 days,Did not smoke cigarettes,NA
1104906,2011,Never wore a helmet,NA,No,Never smoked a cigarette,0 days,Did not smoke cigarettes,FALSE
503785,2003,Did not ride a bicycle,NA,No,Never smoked a cigarette,0 days,Did not smoke cigarettes,NA
37291,1991,Never wore a helmet,NA,Yes,NA,0 days,Did not smoke cigarettes,NA
1306581,2013,Never wore a helmet,20 to 29 days,Yes,8 years old or younger,NA,NA,TRUE
1314270,2013,Did not ride a bicycle,I did not drive the past 30 days,Yes,15 or 16 years old,NA,NA,TRUE
499495,2003,Never wore a helmet,NA,Yes,13 or 14 years old,1 or 2 days,Less than 1 cigarette,NA
629587,2005,Never wore a helmet,NA,No,Never smoked a cigarette,0 days,Did not smoke cigarettes,NA
1311847,2013,Most of the time wore a helmet,I did not drive the past 30 days,No,Never smoked a cigarette,0 days,Did not smoke cigarettes,FALSE
408041,2001,Never wore a helmet,NA,No,Never smoked a cigarette,0 days,Did not smoke cigarettes,NA
187938,1995,Never wore a helmet,NA,No,Never smoked a cigarette,0 days,Did not smoke cigarettes,NA
630109,2005,Did not ride a bicycle,NA,Yes,13 or 14 years old,20 to 29 days,2 to 5 cigarettes,NA
255829,1997,Did not ride a bicycle,NA,No,Never smoked a cigarette,0 days,Did not smoke cigarettes,NA
189054,1995,Never wore a helmet,NA,Yes,15 or 16 years old,NA,NA,NA
773641,2007,Did not ride a bicycle,NA,Yes,Never smoked a cigarette,0 days,Did not smoke cigarettes,NA
268808,1997,Never wore a helmet,NA,No,Never smoked a cigarette,0 days,Did not smoke cigarettes,NA
122790,1993,Never wore a helmet,NA,No,Never smoked a cigarette,0 days,Did not smoke cigarettes,NA
1098251,2011,Never wore a helmet,NA,No,Never smoked a cigarette,0 days,Did not smoke cigarettes,TRUE
401591,2001,Never wore a helmet,NA,Yes,17 years old or older,0 days,Did not smoke cigarettes,NA
767557,2007,Never wore a helmet,NA,Yes,Never smoked a cigarette,0 days,Did not smoke cigarettes,NA
931683,2009,Did not ride a bicycle,NA,No,Never smoked a cigarette,0 days,Did not smoke cigarettes,FALSE
187636,1995,Never wore a helmet,NA,Yes,11 or 12 years old,0 days,Did not smoke cigarettes,NA
934138,2009,Did not ride a bicycle,NA,No,Never smoked a cigarette,0 days,Did not smoke cigarettes,FALSE
183896,1995,Never wore a helmet,NA,No,Never smoked a cigarette,0 days,Did not smoke cigarettes,NA
188313,1995,Did not ride a bicycle,NA,Yes,11 or 12 years old,20 to 29 days,2 to 5 cigarettes,NA
935920,2009,Did not ride a bicycle,NA,No,Never smoked a cigarette,0 days,Did not smoke cigarettes,FALSE
1102918,2011,Did not ride a bicycle,NA,No,Never smoked a cigarette,0 days,Did not smoke cigarettes,FALSE
35818,1991,Never wore a helmet,NA,Yes,8 years old or younger,All 30 days,6 to 10 cigarettes,NA
180454,1995,Did not ride a bicycle,NA,Yes,13 or 14 years old,20 to 29 days,2 to 5 cigarettes,NA
31202,1991,Did not ride a bicycle,NA,Yes,NA,0 days,Did not smoke cigarettes,NA
1304245,2013,Did not ride a bicycle,0 days,Yes,15 or 16 years old,0 days,Did not smoke cigarettes,TRUE
329033,1999,Did not ride a bicycle,NA,Yes,11 or 12 years old,1 or 2 days,1 cigarette,NA
1314984,2013,Never wore a helmet,1 or 2 days,Yes,13 or 14 years old,0 days,Did not smoke cigarettes,FALSE
185307,1995,Never wore a helmet,NA,No,Never smoked a cigarette,0 days,Did not smoke cigarettes,NA
111144,1993,Did not ride a bicycle,NA,No,Never smoked a cigarette,0 days,Did not smoke cigarettes,NA
1312168,2013,Rarely wore a helmet,I did not drive the past 30 days,No,Never smoked a cigarette,0 days,Did not smoke cigarettes,FALSE
185071,1995,Did not ride a bicycle,NA,Yes,13 or 14 years old,3 to 5 days,2 to 5 cigarettes,NA
1108605,2011,Did not ride a bicycle,NA,Yes,Never smoked a cigarette,0 days,Did not smoke cigarettes,TRUE
636000,2005,Rarely wore a helmet,NA,Yes,Never smoked a cigarette,0 days,Did not smoke cigarettes,NA
38226,1991,Never wore a helmet,NA,No,Never smoked a cigarette,0 days,Did not smoke cigarettes,NA
405303,2001,Did not ride a bicycle,NA,No,Never smoked a cigarette,0 days,Did not smoke cigarettes,NA
39773,1991,Did not ride a bicycle,NA,No,Never smoked a cigarette,0 days,Did not smoke cigarettes,NA
323177,1999,Most of the time wore a helmet,NA,Yes,Never smoked a cigarette,0 days,Did not smoke cigarettes,NA
322406,1999,Rarely wore a helmet,NA,Yes,11 or 12 years old,0 days,Did not smoke cigarettes,NA
119706,1993,Never wore a helmet,NA,Yes,8 years old or younger,0 days,Did not smoke cigarettes,NA
396788,2001,Never wore a helmet,NA,Yes,13 or 14 years old,All 30 days,6 to 10 cigarettes,NA
110583,1993,Never wore a helmet,NA,No,Never smoked a cigarette,0 days,Did not smoke cigarettes,NA
1094664,2011,Never wore a helmet,NA,Yes,11 or 12 years old,10 to 19 days,2 to 5 cigarettes,TRUE
639766,2005,Never wore a helmet,NA,Yes,11 or 12 years old,0 days,Did not smoke cigarettes,NA
503535,2003,Rarely wore a helmet,NA,Yes,13 or 14 years old,NA,NA,NA
264041,1997,Never wore a helmet,NA,No,Never smoked a cigarette,0 days,Did not smoke cigarettes,NA
335624,1999,Never wore a helmet,NA,Yes,17 years old or older,0 days,Did not smoke cigarettes,NA
507846,2003,Sometimes wore a helmet,NA,Yes,13 or 14 years old,0 days,Did not smoke cigarettes,NA
186410,1995,Never wore a helmet,NA,Yes,8 years old or younger,1 or 2 days,Less than 1 cigarette,NA
934903,2009,Never wore a helmet,NA,No,Never smoked a cigarette,0 days,Did not smoke cigarettes,FALSE
765154,2007,Never wore a helmet,NA,NA,NA,NA,NA,NA
117750,1993,Never wore a helmet,NA,Yes,11 or 12 years old,0 days,Did not smoke cigarettes,NA
39292,1991,Did not ride a bicycle,NA,No,Never smoked a cigarette,0 days,Did not smoke cigarettes,NA
763383,2007,NA,NA,No,Never smoked a cigarette,0 days,Did not smoke cigarettes,NA
1309727,2013,Never wore a helmet,NA,No,Never smoked a cigarette,0 days,Did not smoke cigarettes,FALSE
184468,1995,Most of the time wore a helmet,NA,No,Never smoked a cigarette,0 days,Did not smoke cigarettes,NA
499338,2003,Never wore a helmet,NA,No,Never smoked a cigarette,0 days,Did not smoke cigarettes,NA
773161,2007,Sometimes wore a helmet,NA,No,Never smoked a cigarette,0 days,Did not smoke cigarettes,NA
513290,2003,Never wore a helmet,NA,No,Never smoked a cigarette,0 days,Did not smoke cigarettes,NA
35435,1991,NA,NA,Yes,15 or 16 years old,6 to 9 days,6 to 10 cigarettes,NA
325657,1999,Did not ride a bicycle,NA,Yes,13 or 14 years old,NA,NA,NA
325804,1999,Never wore a helmet,NA,Yes,11 or 12 years old,20 to 29 days,2 to 5 cigarettes,NA
266706,1997,Did not ride a bicycle,NA,Yes,15 or 16 years old,0 days,Did not smoke cigarettes,NA
931936,2009,Never wore a helmet,NA,No,Never smoked a cigarette,0 days,Did not smoke cigarettes,TRUE
1316914,2013,Never wore a helmet,0 days,Yes,15 or 16 years old,All 30 days,6 to 10 cigarettes,FALSE
36482,1991,Never wore a helmet,NA,No,Never smoked a cigarette,0 days,Did not smoke cigarettes,NA
761746,2007,Did not ride a bicycle,NA,No,Never smoked a cigarette,0 days,Did not smoke cigarettes,NA
630617,2005,Rarely wore a helmet,NA,No,Never smoked a cigarette,0 days,Did not smoke cigarettes,NA
39874,1991,Did not ride a bicycle,NA,Yes,Never smoked a cigarette,0 days,Did not smoke cigarettes,NA
112335,1993,Never wore a helmet,NA,No,Never smoked a cigarette,0 days,Did not smoke cigarettes,NA
113544,1993,Never wore a helmet,NA,Yes,11 or 12 years old,3 to 5 days,Less than 1 cigarette,NA
502464,2003,Never wore a helmet,NA,NA,NA,0 days,Did not smoke cigarettes,NA
38869,1991,Did not ride a bicycle,NA,No,Never smoked a cigarette,0 days,Did not smoke cigarettes,NA
1307799,2013,Did not ride a bicycle,I did not drive the past 30 days,Yes,15 or 16 years old,0 days,Did not smoke cigarettes,FALSE
38838,1991,Did not ride a bicycle,NA,No,Never smoked a cigarette,0 days,Did not smoke cigarettes,NA
32403,1991,Never wore a helmet,NA,No,Never smoked a cigarette,0 days,Did not smoke cigarettes,NA
31464,1991,Never wore a helmet,NA,Yes,13 or 14 years old,0 days,Did not smoke cigarettes,NA
501293,2003,Always wore a helmet,NA,No,Never smoked a cigarette,0 days,Did not smoke cigarettes,NA
1306673,2013,Rarely wore a helmet,0 days,No,Never smoked a cigarette,0 days,Did not smoke cigarettes,FALSE
924891,2009,Never wore a helmet,NA,No,Never smoked a cigarette,0 days,Did not smoke cigarettes,TRUE
1098182,2011,Rarely wore a helmet,NA,No,Never smoked a cigarette,0 days,Did not smoke cigarettes,FALSE
403686,2001,Never wore a helmet,NA,No,Never smoked a cigarette,0 days,Did not smoke cigarettes,NA
933712,2009,Did not ride a bicycle,NA,No,Never smoked a cigarette,0 days,Did not smoke cigarettes,FALSE
1306683,2013,Never wore a helmet,0 days,Yes,15 or 16 years old,10 to 19 days,2 to 5 cigarettes,TRUE
399687,2001,Did not ride a bicycle,NA,No,Never smoked a cigarette,0 days,Did not smoke cigarettes,NA
115477,1993,Never wore a helmet,NA,Yes,11 or 12 years old,All 30 days,1 cigarette,NA
40294,1991,Never wore a helmet,NA,Yes,15 or 16 years old,NA,NA,NA
925282,2009,Never wore a helmet,NA,NA,NA,NA,NA,FALSE
335746,1999,Did not ride a bicycle,NA,Yes,15 or 16 years old,1 or 2 days,2 to 5 cigarettes,NA
1307471,2013,Never wore a helmet,I did not drive the past 30 days,Yes,Never smoked a cigarette,0 days,Did not smoke cigarettes,TRUE
1304442,2013,Rarely wore a helmet,0 days,No,Never smoked a cigarette,0 days,Did not smoke cigarettes,FALSE
39119,1991,Did not ride a bicycle,NA,Yes,Never smoked a cigarette,0 days,Did not smoke cigarettes,NA
111576,1993,Never wore a helmet,NA,No,Never smoked a cigarette,0 days,Did not smoke cigarettes,NA
927156,2009,Did not ride a bicycle,NA,Yes,13 or 14 years old,6 to 9 days,Less than 1 cigarette,FALSE
510891,2003,Never wore a helmet,NA,No,Never smoked a cigarette,0 days,Did not smoke cigarettes,NA
405282,2001,Did not ride a bicycle,NA,No,Never smoked a cigarette,0 days,Did not smoke cigarettes,NA
41953,1991,Never wore a helmet,NA,Yes,15 or 16 years old,0 days,Did not smoke cigarettes,NA
504850,2003,Rarely wore a helmet,NA,Yes,13 or 14 years old,0 days,Did not smoke cigarettes,NA
32788,1991,Did not ride a bicycle,NA,Yes,9 or 10 years old,0 days,Did not smoke cigarettes,NA
1316748,2013,Did not ride a bicycle,All 30 days,No,Never smoked a cigarette,0 days,Did not smoke cigarettes,FALSE
1304499,2013,Rarely wore a helmet,0 days,Yes,Never smoked a cigarette,0 days,Did not smoke cigarettes,FALSE
37403,1991,Never wore a helmet,NA,No,Never smoked a cigarette,0 days,Did not smoke cigarettes,NA
932748,2009,Did not ride a bicycle,NA,NA,NA,0 days,NA,NA
768886,2007,Did not ride a bicycle,NA,Yes,13 or 14 years old,6 to 9 days,1 cigarette,NA
930525,2009,Did not ride a bicycle,NA,Yes,13 or 14 years old,0 days,Did not smoke cigarettes,FALSE
1100581,2011,NA,NA,NA,Never smoked a cigarette,0 days,Did not smoke cigarettes,NA
36934,1991,Never wore a helmet,NA,Yes,Never smoked a cigarette,0 days,Did not smoke cigarettes,NA
271706,1997,Did not ride a bicycle,NA,Yes,13 or 14 years old,NA,NA,NA
771517,2007,NA,NA,NA,NA,NA,NA,NA
30610,1991,Never wore a helmet,NA,Yes,11 or 12 years old,0 days,Did not smoke cigarettes,NA
631824,2005,Never wore a helmet,NA,Yes,11 or 12 years old,20 to 29 days,11 to 20 cigarettes,NA
930888,2009,Never wore a helmet,NA,Yes,13 or 14 years old,3 to 5 days,1 cigarette,TRUE
329128,1999,Did not ride a bicycle,NA,No,Never smoked a cigarette,0 days,Did not smoke cigarettes,NA
501978,2003,Never wore a helmet,NA,No,Never smoked a cigarette,0 days,Did not smoke cigarettes,NA
927691,2009,Did not ride a bicycle,NA,Yes,15 or 16 years old,1 or 2 days,Less than 1 cigarette,FALSE
773509,2007,Never wore a helmet,NA,No,NA,0 days,NA,NA
257923,1997,NA,NA,No,Never smoked a cigarette,0 days,Did not smoke cigarettes,NA
926062,2009,Did not ride a bicycle,NA,Yes,13 or 14 years old,1 or 2 days,Less than 1 cigarette,TRUE
190483,1995,Did not ride a bicycle,NA,NA,Never smoked a cigarette,0 days,Did not smoke cigarettes,NA
114145,1993,NA,NA,Yes,17 years old or older,0 days,Did not smoke cigarettes,NA
323084,1999,Rarely wore a helmet,NA,No,Never smoked a cigarette,0 days,Did not smoke cigarettes,NA
40365,1991,Did not ride a bicycle,NA,Yes,13 or 14 years old,0 days,Did not smoke cigarettes,NA
180949,1995,Never wore a helmet,NA,No,Never smoked a cigarette,0 days,Did not smoke cigarettes,NA
271835,1997,Did not ride a bicycle,NA,No,Never smoked a cigarette,0 days,Did not smoke cigarettes,NA
500832,2003,Did not ride a bicycle,NA,Yes,9 or 10 years old,0 days,Did not smoke cigarettes,NA
504546,2003,Never wore a helmet,NA,No,Never smoked a cigarette,0 days,Did not smoke cigarettes,NA
398911,2001,Never wore a helmet,NA,Yes,15 or 16 years old,1 or 2 days,1 cigarette,NA
637263,2005,Always wore a helmet,NA,No,Never smoked a cigarette,0 days,Did not smoke cigarettes,NA
513702,2003,Rarely wore a helmet,NA,No,Never smoked a cigarette,0 days,Did not smoke cigarettes,NA
265881,1997,Did not ride a bicycle,NA,No,Never smoked a cigarette,0 days,Did not smoke cigarettes,NA
1315455,2013,Did not ride a bicycle,I did not drive the past 30 days,Yes,13 or 14 years old,0 days,Did not smoke cigarettes,FALSE
408867,2001,Did not ride a bicycle,NA,Yes,13 or 14 years old,6 to 9 days,2 to 5 cigarettes,NA
1306919,2013,Never wore a helmet,6 to 9 days,No,Never smoked a cigarette,0 days,Did not smoke cigarettes,FALSE
184155,1995,Did not ride a bicycle,NA,Yes,15 or 16 years old,NA,NA,NA
109558,1993,Never wore a helmet,NA,Yes,13 or 14 years old,10 to 19 days,6 to 10 cigarettes,NA
407163,2001,Never wore a helmet,NA,Yes,17 years old or older,NA,NA,NA
640109,2005,Did not ride a bicycle,NA,Yes,13 or 14 years old,NA,1 cigarette,NA
1316702,2013,Always wore a helmet,0 days,No,Never smoked a cigarette,0 days,Did not smoke cigarettes,TRUE
761724,2007,Never wore a helmet,NA,No,Never smoked a cigarette,0 days,Did not smoke cigarettes,NA
396167,2001,Most of the time wore a helmet,NA,Yes,11 or 12 years old,0 days,Did not smoke cigarettes,NA
925634,2009,Did not ride a bicycle,NA,No,Never smoked a cigarette,0 days,Did not smoke cigarettes,FALSE
922430,2009,Did not ride a bicycle,NA,Yes,8 years old or younger,NA,NA,FALSE
37211,1991,NA,NA,Yes,13 or 14 years old,1 or 2 days,Less than 1 cigarette,NA
1108856,2011,NA,NA,NA,Never smoked a cigarette,0 days,Did not smoke cigarettes,FALSE
35796,1991,Never wore a helmet,NA,NA,NA,0 days,Did not smoke cigarettes,NA
635075,2005,Rarely wore a helmet,NA,No,Never smoked a cigarette,0 days,Did not smoke cigarettes,NA
329774,1999,Did not ride a bicycle,NA,Yes,13 or 14 years old,0 days,Did not smoke cigarettes,NA
763483,2007,Did not ride a bicycle,NA,No,Never smoked a cigarette,0 days,Did not smoke cigarettes,NA
513797,2003,Did not ride a bicycle,NA,No,Never smoked a cigarette,0 days,Did not smoke cigarettes,NA
271096,1997,Never wore a helmet,NA,No,Never smoked a cigarette,0 days,Did not smoke cigarettes,NA
773698,2007,Never wore a helmet,NA,Yes,8 years old or younger,0 days,Did not smoke cigarettes,NA
1307449,2013,Did not ride a bicycle,I did not drive the past 30 days,Yes,11 or 12 years old,1 or 2 days,2 to 5 cigarettes,FALSE
401596,2001,Never wore a helmet,NA,Yes,11 or 12 years old,0 days,Did not smoke cigarettes,NA
763128,2007,Never wore a helmet,NA,No,Never smoked a cigarette,0 days,Did not smoke cigarettes,NA
1315060,2013,Did not ride a bicycle,0 days,No,Never smoked a cigarette,0 days,Did not smoke cigarettes,TRUE
42208,1991,Did not ride a bicycle,NA,Yes,17 years old or older,0 days,Did not smoke cigarettes,NA
40687,1991,Did not ride a bicycle,NA,No,Never smoked a cigarette,0 days,Did not smoke cigarettes,NA
117600,1993,NA,NA,No,Never smoked a cigarette,0 days,Did not smoke cigarettes,NA
774370,2007,Never wore a helmet,NA,NA,NA,NA,2 to 5 cigarettes,NA
640824,2005,Most of the time wore a helmet,NA,Yes,Never smoked a cigarette,0 days,Did not smoke cigarettes,NA
41766,1991,Did not ride a bicycle,NA,No,Never smoked a cigarette,0 days,Did not smoke cigarettes,NA
637602,2005,Did not ride a bicycle,NA,No,Never smoked a cigarette,0 days,Did not smoke cigarettes,NA
933486,2009,Did not ride a bicycle,NA,No,Never smoked a cigarette,0 days,Did not smoke cigarettes,TRUE
934228,2009,Did not ride a bicycle,NA,Yes,Never smoked a cigarette,0 days,Did not smoke cigarettes,FALSE
33589,1991,Did not ride a bicycle,NA,Yes,11 or 12 years old,0 days,Did not smoke cigarettes,NA
31777,1991,Did not ride a bicycle,NA,Yes,13 or 14 years old,3 to 5 days,1 cigarette,NA
186372,1995,NA,NA,Yes,15 or 16 years old,3 to 5 days,Less than 1 cigarette,NA
39482,1991,Did not ride a bicycle,NA,Yes,13 or 14 years old,0 days,Did not smoke cigarettes,NA
262784,1997,Sometimes wore a helmet,NA,Yes,15 or 16 years old,0 days,Did not smoke cigarettes,NA
327558,1999,Did not ride a bicycle,NA,Yes,9 or 10 years old,All 30 days,11 to 20 cigarettes,NA
32964,1991,Never wore a helmet,NA,No,Never smoked a cigarette,0 days,Did not smoke cigarettes,NA
640965,2005,Rarely wore a helmet,NA,Yes,Never smoked a cigarette,0 days,Did not smoke cigarettes,NA
271358,1997,Never wore a helmet,NA,No,Never smoked a cigarette,0 days,Did not smoke cigarettes,NA
932952,2009,Never wore a helmet,NA,Yes,8 years old or younger,All 30 days,More than 20 cigarettes,TRUE
927654,2009,Did not ride a bicycle,NA,No,Never smoked a cigarette,0 days,Did not smoke cigarettes,FALSE
182105,1995,Never wore a helmet,NA,NA,NA,0 days,Did not smoke cigarettes,NA
118885,1993,Did not ride a bicycle,NA,No,Never smoked a cigarette,0 days,Did not smoke cigarettes,NA
1096590,2011,Never wore a helmet,NA,Yes,13 or 14 years old,0 days,Did not smoke cigarettes,TRUE
36161,1991,Never wore a helmet,NA,Yes,11 or 12 years old,0 days,Did not smoke cigarettes,NA
773602,2007,Sometimes wore a helmet,NA,Yes,Never smoked a cigarette,0 days,Did not smoke cigarettes,NA
261984,1997,Rarely wore a helmet,NA,No,Never smoked a cigarette,0 days,Did not smoke cigarettes,NA
772599,2007,Did not ride a bicycle,NA,Yes,8 years old or younger,0 days,Did not smoke cigarettes,NA
397935,2001,Sometimes wore a helmet,NA,No,Never smoked a cigarette,0 days,Did not smoke cigarettes,NA
770988,2007,Sometimes wore a helmet,NA,No,Never smoked a cigarette,0 days,Did not smoke cigarettes,NA
332924,1999,NA,NA,No,Never smoked a cigarette,0 days,NA,NA
271293,1997,Never wore a helmet,NA,No,Never smoked a cigarette,0 days,Did not smoke cigarettes,NA
510878,2003,Never wore a helmet,NA,No,Never smoked a cigarette,0 days,Did not smoke cigarettes,NA
327546,1999,Did not ride a bicycle,NA,Yes,15 or 16 years old,0 days,Did not smoke cigarettes,NA
1108166,2011,NA,NA,NA,Never smoked a cigarette,0 days,Did not smoke cigarettes,FALSE
396792,2001,Most of the time wore a helmet,NA,No,Never smoked a cigarette,0 days,Did not smoke cigarettes,NA
931624,2009,Never wore a helmet,NA,Yes,15 or 16 years old,0 days,Did not smoke cigarettes,FALSE
182337,1995,Did not ride a bicycle,NA,Yes,11 or 12 years old,All 30 days,2 to 5 cigarettes,NA
398528,2001,Did not ride a bicycle,NA,No,Never smoked a cigarette,0 days,Did not smoke cigarettes,NA
503758,2003,Did not ride a bicycle,NA,No,Never smoked a cigarette,0 days,Did not smoke cigarettes,NA
42221,1991,Never wore a helmet,NA,No,NA,0 days,Did not smoke cigarettes,NA
401017,2001,Never wore a helmet,NA,Yes,15 or 16 years old,NA,NA,NA
123008,1993,Did not ride a bicycle,NA,Yes,11 or 12 years old,All 30 days,6 to 10 cigarettes,NA
402884,2001,Did not ride a bicycle,NA,No,Never smoked a cigarette,0 days,Did not smoke cigarettes,NA
184899,1995,Never wore a helmet,NA,Yes,11 or 12 years old,All 30 days,2 to 5 cigarettes,NA
635309,2005,Rarely wore a helmet,NA,NA,15 or 16 years old,0 days,NA,NA
641685,2005,Did not ride a bicycle,NA,No,Never smoked a cigarette,0 days,Did not smoke cigarettes,NA
1305183,2013,Never wore a helmet,I did not drive the past 30 days,No,Never smoked a cigarette,0 days,Did not smoke cigarettes,TRUE
107947,1993,Never wore a helmet,NA,Yes,13 or 14 years old,3 to 5 days,2 to 5 cigarettes,NA
631825,2005,Never wore a helmet,NA,Yes,11 or 12 years old,All 30 days,2 to 5 cigarettes,NA
402355,2001,Never wore a helmet,NA,Yes,15 or 16 years old,0 days,Did not smoke cigarettes,NA
640555,2005,Did not ride a bicycle,NA,No,Never smoked a cigarette,0 days,Did not smoke cigarettes,NA
255890,1997,Never wore a helmet,NA,Yes,13 or 14 years old,1 or 2 days,1 cigarette,NA
768626,2007,Did not ride a bicycle,NA,No,Never smoked a cigarette,0 days,Did not smoke cigarettes,NA
768317,2007,Never wore a helmet,NA,Yes,11 or 12 years old,10 to 19 days,2 to 5 cigarettes,NA
324011,1999,Never wore a helmet,NA,Yes,15 or 16 years old,NA,NA,NA
407164,2001,Did not ride a bicycle,NA,Yes,13 or 14 years old,0 days,Did not smoke cigarettes,NA
925413,2009,Sometimes wore a helmet,NA,Yes,Never smoked a cigarette,0 days,Did not smoke cigarettes,FALSE
929193,2009,Never wore a helmet,NA,No,Never smoked a cigarette,0 days,Did not smoke cigarettes,FALSE
1107413,2011,Did not ride a bicycle,NA,Yes,15 or 16 years old,1 or 2 days,1 cigarette,FALSE
764972,2007,Did not ride a bicycle,NA,Yes,13 or 14 years old,0 days,Did not smoke cigarettes,NA
630920,2005,Did not ride a bicycle,NA,Yes,Never smoked a cigarette,0 days,Did not smoke cigarettes,NA
40118,1991,NA,NA,Yes,15 or 16 years old,1 or 2 days,1 cigarette,NA
631150,2005,Most of the time wore a helmet,NA,Yes,13 or 14 years old,0 days,Did not smoke cigarettes,NA
1105690,2011,Never wore a helmet,NA,Yes,Never smoked a cigarette,0 days,Did not smoke cigarettes,FALSE
335221,1999,Never wore a helmet,NA,No,Never smoked a cigarette,0 days,Did not smoke cigarettes,NA
512514,2003,Rarely wore a helmet,NA,No,Never smoked a cigarette,0 days,Did not smoke cigarettes,NA
107869,1993,Most of the time wore a helmet,NA,Yes,8 years old or younger,1 or 2 days,Less than 1 cigarette,NA
922328,2009,NA,NA,Yes,9 or 10 years old,0 days,Did not smoke cigarettes,NA
33884,1991,Never wore a helmet,NA,Yes,13 or 14 years old,0 days,Did not smoke cigarettes,NA
635315,2005,Did not ride a bicycle,NA,NA,Never smoked a cigarette,0 days,NA,NA
510340,2003,Most of the time wore a helmet,NA,No,Never smoked a cigarette,0 days,Did not smoke cigarettes,NA
930147,2009,NA,NA,Yes,9 or 10 years old,0 days,Did not smoke cigarettes,NA
1309753,2013,NA,0 days,No,Never smoked a cigarette,0 days,Did not smoke cigarettes,FALSE
260776,1997,Never wore a helmet,NA,Yes,Never smoked a cigarette,0 days,Did not smoke cigarettes,NA
258806,1997,Sometimes wore a helmet,NA,Yes,13 or 14 years old,6 to 9 days,2 to 5 cigarettes,NA
502886,2003,Always wore a helmet,NA,No,Never smoked a cigarette,0 days,Did not smoke cigarettes,NA
512743,2003,Did not ride a bicycle,NA,No,Never smoked a cigarette,0 days,Did not smoke cigarettes,NA
184775,1995,NA,NA,No,Never smoked a cigarette,0 days,Did not smoke cigarettes,NA
1105327,2011,Did not ride a bicycle,NA,Yes,Never smoked a cigarette,0 days,Did not smoke cigarettes,FALSE
927567,2009,Never wore a helmet,NA,Yes,13 or 14 years old,0 days,Did not smoke cigarettes,TRUE
325166,1999,Never wore a helmet,NA,Yes,15 or 16 years old,1 or 2 days,Less than 1 cigarette,NA
768412,2007,Never wore a helmet,NA,Yes,Never smoked a cigarette,0 days,Did not smoke cigarettes,NA
639561,2005,Never wore a helmet,NA,Yes,15 or 16 years old,10 to 19 days,1 cigarette,NA
187831,1995,Did not ride a bicycle,NA,Yes,Never smoked a cigarette,0 days,Did not smoke cigarettes,NA
268325,1997,Did not ride a bicycle,NA,No,Never smoked a cigarette,0 days,Did not smoke cigarettes,NA
936974,2009,Did not ride a bicycle,NA,Yes,17 years old or older,0 days,Did not smoke cigarettes,TRUE
258861,1997,Did not ride a bicycle,NA,Yes,8 years old or younger,All 30 days,More than 20 cigarettes,NA
506200,2003,Rarely wore a helmet,NA,No,Never smoked a cigarette,0 days,Did not smoke cigarettes,NA
326493,1999,Did not ride a bicycle,NA,No,Never smoked a cigarette,0 days,Did not smoke cigarettes,NA
1309783,2013,Did not ride a bicycle,All 30 days,No,Never smoked a cigarette,0 days,Did not smoke cigarettes,FALSE
761437,2007,NA,NA,No,Never smoked a cigarette,0 days,Did not smoke cigarettes,NA
1310674,2013,Did not ride a bicycle,NA,No,Never smoked a cigarette,0 days,Did not smoke cigarettes,FALSE
1095129,2011,NA,NA,NA,Never smoked a cigarette,0 days,Did not smoke cigarettes,NA
501388,2003,Always wore a helmet,NA,Yes,NA,0 days,NA,NA
109307,1993,Rarely wore a helmet,NA,Yes,9 or 10 years old,3 to 5 days,Less than 1 cigarette,NA
399074,2001,Did not ride a bicycle,NA,Yes,9 or 10 years old,All 30 days,6 to 10 cigarettes,NA
186386,1995,Never wore a helmet,NA,Yes,8 years old or younger,All 30 days,More than 20 cigarettes,NA
325677,1999,Never wore a helmet,NA,Yes,15 or 16 years old,0 days,Did not smoke cigarettes,NA
640434,2005,Did not ride a bicycle,NA,Yes,13 or 14 years old,All 30 days,2 to 5 cigarettes,NA
931587,2009,Did not ride a bicycle,NA,No,Never smoked a cigarette,0 days,Did not smoke cigarettes,FALSE
936871,2009,Never wore a helmet,NA,NA,NA,0 days,Did not smoke cigarettes,FALSE
924275,2009,Did not ride a bicycle,NA,No,Never smoked a cigarette,0 days,Did not smoke cigarettes,FALSE
1108373,2011,NA,NA,NA,8 years old or younger,1 or 2 days,1 cigarette,NA
403363,2001,Never wore a helmet,NA,Yes,11 or 12 years old,0 days,Did not smoke cigarettes,NA
31229,1991,Never wore a helmet,NA,Yes,13 or 14 years old,1 or 2 days,Less than 1 cigarette,NA
766402,2007,Never wore a helmet,NA,No,Never smoked a cigarette,0 days,Did not smoke cigarettes,NA
107924,1993,Never wore a helmet,NA,No,Never smoked a cigarette,0 days,Did not smoke cigarettes,NA
500082,2003,Never wore a helmet,NA,No,Never smoked a cigarette,0 days,Did not smoke cigarettes,NA
325065,1999,Never wore a helmet,NA,Yes,11 or 12 years old,0 days,Did not smoke cigarettes,NA
329285,1999,Did not ride a bicycle,NA,No,Never smoked a cigarette,0 days,Did not smoke cigarettes,NA
503682,2003,Did not ride a bicycle,NA,Yes,11 or 12 years old,0 days,Did not smoke cigarettes,NA
935865,2009,Did not ride a bicycle,NA,Yes,8 years old or younger,0 days,Did not smoke cigarettes,FALSE
31482,1991,NA,NA,Yes,13 or 14 years old,3 to 5 days,2 to 5 cigarettes,NA
638269,2005,Never wore a helmet,NA,No,Never smoked a cigarette,0 days,Did not smoke cigarettes,NA
408328,2001,Always wore a helmet,NA,NA,Never smoked a cigarette,0 days,Did not smoke cigarettes,NA
508431,2003,Never wore a helmet,NA,No,Never smoked a cigarette,0 days,Did not smoke cigarettes,NA
398555,2001,Never wore a helmet,NA,Yes,Never smoked a cigarette,0 days,Did not smoke cigarettes,NA
764999,2007,Rarely wore a helmet,NA,Yes,15 or 16 years old,0 days,Did not smoke cigarettes,NA
768486,2007,Never wore a helmet,NA,No,Never smoked a cigarette,0 days,Did not smoke cigarettes,NA
117730,1993,Never wore a helmet,NA,Yes,11 or 12 years old,3 to 5 days,2 to 5 cigarettes,NA
638350,2005,Did not ride a bicycle,NA,No,Never smoked a cigarette,0 days,Did not smoke cigarettes,NA
263168,1997,Never wore a helmet,NA,No,Never smoked a cigarette,0 days,Did not smoke cigarettes,NA
108220,1993,Never wore a helmet,NA,No,Never smoked a cigarette,0 days,Did not smoke cigarettes,NA
109627,1993,Never wore a helmet,NA,Yes,Never smoked a cigarette,0 days,Did not smoke cigarettes,NA
321946,1999,Did not ride a bicycle,NA,No,Never smoked a cigarette,0 days,Did not smoke cigarettes,NA
763585,2007,Did not ride a bicycle,NA,Yes,15 or 16 years old,0 days,Did not smoke cigarettes,NA
331013,1999,Did not ride a bicycle,NA,Yes,15 or 16 years old,0 days,Did not smoke cigarettes,NA
30825,1991,Never wore a helmet,NA,No,Never smoked a cigarette,0 days,Did not smoke cigarettes,NA
1107537,2011,Did not ride a bicycle,NA,No,Never smoked a cigarette,0 days,Did not smoke cigarettes,FALSE
1304203,2013,Did not ride a bicycle,I did not drive the past 30 days,No,Never smoked a cigarette,0 days,Did not smoke cigarettes,FALSE
329788,1999,Never wore a helmet,NA,No,Never smoked a cigarette,0 days,Did not smoke cigarettes,NA
764638,2007,Never wore a helmet,NA,Yes,15 or 16 years old,1 or 2 days,1 cigarette,NA
631683,2005,Never wore a helmet,NA,Yes,9 or 10 years old,0 days,Did not smoke cigarettes,NA
762009,2007,Never wore a helmet,NA,Yes,11 or 12 years old,NA,NA,NA
1311372,2013,Never wore a helmet,I did not drive the past 30 days,Yes,11 or 12 years old,10 to 19 days,2 to 5 cigarettes,FALSE
926060,2009,Never wore a helmet,NA,No,Never smoked a cigarette,0 days,Did not smoke cigarettes,FALSE
36773,1991,Never wore a helmet,NA,No,Never smoked a cigarette,0 days,Did not smoke cigarettes,NA
499901,2003,Rarely wore a helmet,NA,No,Never smoked a cigarette,0 days,Did not smoke cigarettes,NA
768080,2007,Most of the time wore a helmet,NA,No,Never smoked a cigarette,0 days,Did not smoke cigarettes,NA
327783,1999,Never wore a helmet,NA,Yes,Never smoked a cigarette,0 days,Did not smoke cigarettes,NA
767199,2007,Did not ride a bicycle,NA,Yes,13 or 14 years old,0 days,Did not smoke cigarettes,NA
111456,1993,Did not ride a bicycle,NA,Yes,8 years old or younger,All 30 days,6 to 10 cigarettes,NA
937988,2009,Never wore a helmet,NA,Yes,15 or 16 years old,All 30 days,6 to 10 cigarettes,FALSE
187926,1995,Never wore a helmet,NA,No,Never smoked a cigarette,0 days,Did not smoke cigarettes,NA
334651,1999,Never wore a helmet,NA,NA,NA,0 days,Did not smoke cigarettes,NA
502513,2003,Did not ride a bicycle,NA,No,Never smoked a cigarette,0 days,Did not smoke cigarettes,NA
929526,2009,Never wore a helmet,NA,No,Never smoked a cigarette,0 days,Did not smoke cigarettes,FALSE
503639,2003,Did not ride a bicycle,NA,Yes,11 or 12 years old,NA,NA,NA
1310803,2013,Never wore a helmet,1 or 2 days,Yes,9 or 10 years old,3 to 5 days,1 cigarette,TRUE
1099708,2011,Never wore a helmet,NA,Yes,Never smoked a cigarette,0 days,Did not smoke cigarettes,FALSE
35922,1991,NA,NA,Yes,Never smoked a cigarette,0 days,Did not smoke cigarettes,NA
1310919,2013,Did not ride a bicycle,I did not drive the past 30 days,Yes,9 or 10 years old,0 days,Did not smoke cigarettes,TRUE
504839,2003,Did not ride a bicycle,NA,No,Never smoked a cigarette,0 days,Did not smoke cigarettes,NA
636847,2005,Did not ride a bicycle,NA,No,Never smoked a cigarette,0 days,Did not smoke cigarettes,NA
1103390,2011,Did not ride a bicycle,NA,No,Never smoked a cigarette,0 days,Did not smoke cigarettes,FALSE
632722,2005,Never wore a helmet,NA,Yes,15 or 16 years old,0 days,Did not smoke cigarettes,NA
399896,2001,Never wore a helmet,NA,Yes,11 or 12 years old,1 or 2 days,Less than 1 cigarette,NA
110088,1993,Rarely wore a helmet,NA,No,Never smoked a cigarette,0 days,Did not smoke cigarettes,NA
188330,1995,Never wore a helmet,NA,Yes,Never smoked a cigarette,0 days,Did not smoke cigarettes,NA
773844,2007,Did not ride a bicycle,NA,No,Never smoked a cigarette,0 days,Did not smoke cigarettes,NA
503489,2003,Did not ride a bicycle,NA,Yes,Never smoked a cigarette,0 days,Did not smoke cigarettes,NA
767702,2007,Did not ride a bicycle,NA,No,Never smoked a cigarette,0 days,Did not smoke cigarettes,NA
408539,2001,Did not ride a bicycle,NA,NA,13 or 14 years old,0 days,Did not smoke cigarettes,NA
932480,2009,Sometimes wore a helmet,NA,No,Never smoked a cigarette,0 days,Did not smoke cigarettes,FALSE
257725,1997,Did not ride a bicycle,NA,No,Never smoked a cigarette,0 days,Did not smoke cigarettes,NA
266449,1997,Did not ride a bicycle,NA,No,Never smoked a cigarette,0 days,Did not smoke cigarettes,NA
109362,1993,Never wore a helmet,NA,Yes,15 or 16 years old,0 days,Did not smoke cigarettes,NA
773730,2007,Rarely wore a helmet,NA,Yes,13 or 14 years old,1 or 2 days,Less than 1 cigarette,NA
122181,1993,Never wore a helmet,NA,No,Never smoked a cigarette,0 days,Did not smoke cigarettes,NA
334399,1999,Never wore a helmet,NA,No,Never smoked a cigarette,0 days,Did not smoke cigarettes,NA
1102644,2011,Did not ride a bicycle,NA,No,Never smoked a cigarette,0 days,Did not smoke cigarettes,FALSE
30896,1991,Did not ride a bicycle,NA,Yes,11 or 12 years old,3 to 5 days,1 cigarette,NA
1103224,2011,Always wore a helmet,NA,No,Never smoked a cigarette,0 days,Did not smoke cigarettes,TRUE
258750,1997,Sometimes wore a helmet,NA,Yes,13 or 14 years old,0 days,Did not smoke cigarettes,NA
1107863,2011,Most of the time wore a helmet,NA,No,Never smoked a cigarette,0 days,Did not smoke cigarettes,FALSE
1101073,2011,Sometimes wore a helmet,NA,Yes,15 or 16 years old,0 days,Did not smoke cigarettes,FALSE
184377,1995,Always wore a helmet,NA,Yes,8 years old or younger,All 30 days,More than 20 cigarettes,NA
1311996,2013,Did not ride a bicycle,I did not drive the past 30 days,No,Never smoked a cigarette,0 days,Did not smoke cigarettes,FALSE
1304156,2013,Never wore a helmet,I did not drive the past 30 days,No,Never smoked a cigarette,0 days,Did not smoke cigarettes,TRUE
182987,1995,Never wore a helmet,NA,Yes,8 years old or younger,0 days,Did not smoke cigarettes,NA
1103214,2011,Did not ride a bicycle,NA,No,Never smoked a cigarette,0 days,Did not smoke cigarettes,FALSE
632486,2005,Did not ride a bicycle,NA,No,Never smoked a cigarette,0 days,Did not smoke cigarettes,NA
40873,1991,Never wore a helmet,NA,No,Never smoked a cigarette,0 days,Did not smoke cigarettes,NA
635650,2005,Did not ride a bicycle,NA,No,Never smoked a cigarette,0 days,Did not smoke cigarettes,NA
186174,1995,Did not ride a bicycle,NA,No,Never smoked a cigarette,0 days,Did not smoke cigarettes,NA
256558,1997,Did not ride a bicycle,NA,No,Never smoked a cigarette,0 days,Did not smoke cigarettes,NA
771677,2007,Rarely wore a helmet,NA,No,Never smoked a cigarette,0 days,Did not smoke cigarettes,NA
36267,1991,Never wore a helmet,NA,Yes,11 or 12 years old,0 days,Did not smoke cigarettes,NA
1306566,2013,Never wore a helmet,0 days,No,Never smoked a cigarette,0 days,Did not smoke cigarettes,TRUE
321900,1999,Never wore a helmet,NA,NA,NA,0 days,Did not smoke cigarettes,NA
510024,2003,Most of the time wore a helmet,NA,No,Never smoked a cigarette,0 days,Did not smoke cigarettes,NA
1314942,2013,Did not ride a bicycle,0 days,No,Never smoked a cigarette,0 days,Did not smoke cigarettes,FALSE
37359,1991,Never wore a helmet,NA,No,Never smoked a cigarette,0 days,Did not smoke cigarettes,NA
931604,2009,Never wore a helmet,NA,No,Never smoked a cigarette,0 days,Did not smoke cigarettes,TRUE
187822,1995,Never wore a helmet,NA,No,Never smoked a cigarette,0 days,Did not smoke cigarettes,NA
927511,2009,Never wore a helmet,NA,Yes,17 years old or older,10 to 19 days,2 to 5 cigarettes,TRUE
256432,1997,Never wore a helmet,NA,Yes,13 or 14 years old,0 days,Did not smoke cigarettes,NA
182622,1995,Rarely wore a helmet,NA,No,Never smoked a cigarette,0 days,Did not smoke cigarettes,NA
37646,1991,Never wore a helmet,NA,Yes,11 or 12 years old,NA,NA,NA
631724,2005,Did not ride a bicycle,NA,No,Never smoked a cigarette,0 days,Did not smoke cigarettes,NA
1094551,2011,Never wore a helmet,NA,NA,Never smoked a cigarette,All 30 days,NA,TRUE
322535,1999,Never wore a helmet,NA,No,Never smoked a cigarette,0 days,Did not smoke cigarettes,NA
640494,2005,Always wore a helmet,NA,No,Never smoked a cigarette,0 days,Did not smoke cigarettes,NA
189420,1995,Did not ride a bicycle,NA,Yes,9 or 10 years old,All 30 days,6 to 10 cigarettes,NA
262974,1997,Did not ride a bicycle,NA,No,Never smoked a cigarette,NA,NA,NA
1304481,2013,Never wore a helmet,I did not drive the past 30 days,Yes,13 or 14 years old,10 to 19 days,2 to 5 cigarettes,FALSE
32360,1991,Never wore a helmet,NA,Yes,13 or 14 years old,All 30 days,6 to 10 cigarettes,NA
766382,2007,Did not ride a bicycle,NA,Yes,Never smoked a cigarette,0 days,Did not smoke cigarettes,NA
1309554,2013,Never wore a helmet,6 to 9 days,Yes,13 or 14 years old,0 days,Did not smoke cigarettes,FALSE
931925,2009,Never wore a helmet,NA,Yes,13 or 14 years old,1 or 2 days,Less than 1 cigarette,FALSE
767821,2007,Did not ride a bicycle,NA,Yes,9 or 10 years old,0 days,Did not smoke cigarettes,NA
1102403,2011,Most of the time wore a helmet,NA,No,Never smoked a cigarette,0 days,Did not smoke cigarettes,FALSE
1100592,2011,Did not ride a bicycle,NA,No,Never smoked a cigarette,0 days,Did not smoke cigarettes,FALSE
499296,2003,Did not ride a bicycle,NA,Yes,8 years old or younger,All 30 days,More than 20 cigarettes,NA
107938,1993,Never wore a helmet,NA,Yes,11 or 12 years old,1 or 2 days,Less than 1 cigarette,NA
632810,2005,Did not ride a bicycle,NA,Yes,9 or 10 years old,All 30 days,2 to 5 cigarettes,NA
181209,1995,Never wore a helmet,NA,Yes,Never smoked a cigarette,0 days,Did not smoke cigarettes,NA
258623,1997,Rarely wore a helmet,NA,Yes,Never smoked a cigarette,0 days,Did not smoke cigarettes,NA
398243,2001,Never wore a helmet,NA,Yes,NA,0 days,Did not smoke cigarettes,NA
772138,2007,Did not ride a bicycle,NA,Yes,13 or 14 years old,0 days,Did not smoke cigarettes,NA
332426,1999,Never wore a helmet,NA,No,Never smoked a cigarette,0 days,Did not smoke cigarettes,NA
769037,2007,NA,NA,NA,NA,NA,NA,NA
1099660,2011,Never wore a helmet,NA,No,Never smoked a cigarette,0 days,Did not smoke cigarettes,TRUE
769874,2007,Rarely wore a helmet,NA,No,Never smoked a cigarette,0 days,Did not smoke cigarettes,NA
40942,1991,NA,NA,No,Never smoked a cigarette,0 days,Did not smoke cigarettes,NA
38387,1991,Did not ride a bicycle,NA,No,Never smoked a cigarette,0 days,Did not smoke cigarettes,NA
335043,1999,Never wore a helmet,NA,Yes,8 years old or younger,All 30 days,11 to 20 cigarettes,NA
502203,2003,Never wore a helmet,NA,No,Never smoked a cigarette,0 days,Did not smoke cigarettes,NA
500160,2003,Never wore a helmet,NA,Yes,15 or 16 years old,0 days,Did not smoke cigarettes,NA
112742,1993,Did not ride a bicycle,NA,No,Never smoked a cigarette,0 days,Did not smoke cigarettes,NA
933309,2009,Never wore a helmet,NA,No,Never smoked a cigarette,0 days,Did not smoke cigarettes,FALSE
186540,1995,Did not ride a bicycle,NA,Yes,Never smoked a cigarette,0 days,Did not smoke cigarettes,NA
40328,1991,Did not ride a bicycle,NA,Yes,13 or 14 years old,All 30 days,11 to 20 cigarettes,NA
629541,2005,Rarely wore a helmet,NA,Yes,8 years old or younger,6 to 9 days,1 cigarette,NA
323818,1999,Did not ride a bicycle,NA,Yes,15 or 16 years old,NA,NA,NA
409029,2001,Never wore a helmet,NA,Yes,15 or 16 years old,1 or 2 days,Less than 1 cigarette,NA
405188,2001,Did not ride a bicycle,NA,Yes,15 or 16 years old,1 or 2 days,1 cigarette,NA
187929,1995,Never wore a helmet,NA,No,Never smoked a cigarette,0 days,Did not smoke cigarettes,NA
264167,1997,Did not ride a bicycle,NA,Yes,11 or 12 years old,0 days,Did not smoke cigarettes,NA
328782,1999,Did not ride a bicycle,NA,Yes,9 or 10 years old,20 to 29 days,11 to 20 cigarettes,NA
260263,1997,Never wore a helmet,NA,Yes,15 or 16 years old,0 days,Did not smoke cigarettes,NA
113807,1993,Did not ride a bicycle,NA,No,Never smoked a cigarette,0 days,Did not smoke cigarettes,NA
322128,1999,Did not ride a bicycle,NA,No,NA,0 days,Did not smoke cigarettes,NA
1311048,2013,Never wore a helmet,0 days,No,Never smoked a cigarette,0 days,Did not smoke cigarettes,FALSE
401012,2001,Rarely wore a helmet,NA,Yes,17 years old or older,1 or 2 days,2 to 5 cigarettes,NA
504510,2003,Always wore a helmet,NA,Yes,13 or 14 years old,6 to 9 days,2 to 5 cigarettes,NA
1312009,2013,Never wore a helmet,0 days,Yes,Never smoked a cigarette,0 days,Did not smoke cigarettes,FALSE
1103677,2011,Never wore a helmet,NA,Yes,11 or 12 years old,0 days,Did not smoke cigarettes,FALSE
113633,1993,Never wore a helmet,NA,Yes,11 or 12 years old,0 days,Did not smoke cigarettes,NA
502162,2003,Never wore a helmet,NA,NA,NA,NA,NA,NA
189159,1995,Never wore a helmet,NA,Yes,Never smoked a cigarette,0 days,Did not smoke cigarettes,NA
764065,2007,Rarely wore a helmet,NA,No,Never smoked a cigarette,0 days,Did not smoke cigarettes,NA
505601,2003,Never wore a helmet,NA,Yes,15 or 16 years old,0 days,Did not smoke cigarettes,NA
503838,2003,Never wore a helmet,NA,No,Never smoked a cigarette,0 days,Did not smoke cigarettes,NA
1306494,2013,Never wore a helmet,0 days,No,NA,0 days,NA,FALSE
1107147,2011,Rarely wore a helmet,NA,Yes,11 or 12 years old,6 to 9 days,Less than 1 cigarette,FALSE
407058,2001,Never wore a helmet,NA,Yes,9 or 10 years old,All 30 days,11 to 20 cigarettes,NA
1305660,2013,Rarely wore a helmet,I did not drive the past 30 days,No,Never smoked a cigarette,0 days,Did not smoke cigarettes,FALSE
408818,2001,Did not ride a bicycle,NA,Yes,17 years old or older,20 to 29 days,2 to 5 cigarettes,NA
637709,2005,Rarely wore a helmet,NA,No,Never smoked a cigarette,0 days,Did not smoke cigarettes,NA
926894,2009,Never wore a helmet,NA,Yes,13 or 14 years old,0 days,Did not smoke cigarettes,FALSE
120167,1993,Never wore a helmet,NA,No,Never smoked a cigarette,0 days,Did not smoke cigarettes,NA
121889,1993,Never wore a helmet,NA,No,Never smoked a cigarette,0 days,Did not smoke cigarettes,NA
189405,1995,Never wore a helmet,NA,Yes,Never smoked a cigarette,0 days,Did not smoke cigarettes,NA
190608,1995,Did not ride a bicycle,NA,NA,Never smoked a cigarette,0 days,Did not smoke cigarettes,NA
322119,1999,Never wore a helmet,NA,Yes,8 years old or younger,3 to 5 days,Less than 1 cigarette,NA
766662,2007,Did not ride a bicycle,NA,No,Never smoked a cigarette,0 days,Did not smoke cigarettes,NA
632966,2005,Did not ride a bicycle,NA,No,Never smoked a cigarette,0 days,Did not smoke cigarettes,NA
263822,1997,Never wore a helmet,NA,No,Never smoked a cigarette,0 days,Did not smoke cigarettes,NA
765335,2007,Did not ride a bicycle,NA,Yes,Never smoked a cigarette,0 days,Did not smoke cigarettes,NA
642514,2005,Did not ride a bicycle,NA,NA,Never smoked a cigarette,0 days,NA,NA
509278,2003,Most of the time wore a helmet,NA,No,Never smoked a cigarette,0 days,Did not smoke cigarettes,NA
509713,2003,Rarely wore a helmet,NA,No,Never smoked a cigarette,0 days,Did not smoke cigarettes,NA
511946,2003,Always wore a helmet,NA,No,Never smoked a cigarette,0 days,NA,NA
183462,1995,Did not ride a bicycle,NA,No,Never smoked a cigarette,0 days,Did not smoke cigarettes,NA
184303,1995,Never wore a helmet,NA,No,Never smoked a cigarette,0 days,Did not smoke cigarettes,NA
771951,2007,Did not ride a bicycle,NA,Yes,17 years old or older,0 days,Did not smoke cigarettes,NA
1102420,2011,Did not ride a bicycle,NA,No,Never smoked a cigarette,0 days,Did not smoke cigarettes,FALSE
639800,2005,Never wore a helmet,NA,No,Never smoked a cigarette,0 days,Did not smoke cigarettes,NA
932164,2009,Never wore a helmet,NA,Yes,Never smoked a cigarette,0 days,Did not smoke cigarettes,FALSE
187796,1995,Never wore a helmet,NA,No,Never smoked a cigarette,0 days,Did not smoke cigarettes,NA
938423,2009,NA,NA,No,Never smoked a cigarette,0 days,Did not smoke cigarettes,NA
331771,1999,Did not ride a bicycle,NA,No,Never smoked a cigarette,0 days,Did not smoke cigarettes,NA
40712,1991,NA,NA,Yes,11 or 12 years old,0 days,Did not smoke cigarettes,NA
186524,1995,Rarely wore a helmet,NA,No,Never smoked a cigarette,0 days,Did not smoke cigarettes,NA
333266,1999,Did not ride a bicycle,NA,Yes,13 or 14 years old,0 days,Did not smoke cigarettes,NA
265857,1997,NA,NA,NA,Never smoked a cigarette,0 days,Did not smoke cigarettes,NA
1107145,2011,Never wore a helmet,NA,Yes,Never smoked a cigarette,0 days,Did not smoke cigarettes,FALSE
331800,1999,Always wore a helmet,NA,No,Never smoked a cigarette,0 days,Did not smoke cigarettes,NA
1310842,2013,Sometimes wore a helmet,0 days,No,Never smoked a cigarette,0 days,Did not smoke cigarettes,FALSE
1309676,2013,Never wore a helmet,3 to 5 days,Yes,Never smoked a cigarette,0 days,Did not smoke cigarettes,FALSE
503432,2003,Always wore a helmet,NA,Yes,13 or 14 years old,20 to 29 days,1 cigarette,NA
1313445,2013,Always wore a helmet,I did not drive the past 30 days,Yes,Never smoked a cigarette,0 days,Did not smoke cigarettes,TRUE
332598,1999,Never wore a helmet,NA,No,NA,0 days,Did not smoke cigarettes,NA
187752,1995,Never wore a helmet,NA,No,Never smoked a cigarette,0 days,Did not smoke cigarettes,NA
1311410,2013,Never wore a helmet,NA,No,Never smoked a cigarette,0 days,Did not smoke cigarettes,TRUE
634600,2005,Always wore a helmet,NA,No,Never smoked a cigarette,0 days,Did not smoke cigarettes,NA
766487,2007,Never wore a helmet,NA,Yes,13 or 14 years old,0 days,Did not smoke cigarettes,NA
1308750,2013,Never wore a helmet,1 or 2 days,Yes,11 or 12 years old,0 days,Did not smoke cigarettes,NA
629730,2005,Did not ride a bicycle,NA,No,Never smoked a cigarette,0 days,Did not smoke cigarettes,NA
256275,1997,Rarely wore a helmet,NA,Yes,13 or 14 years old,0 days,Did not smoke cigarettes,NA
1106057,2011,Rarely wore a helmet,NA,No,Never smoked a cigarette,0 days,Did not smoke cigarettes,TRUE
1108530,2011,NA,NA,No,Never smoked a cigarette,0 days,Did not smoke cigarettes,NA
501806,2003,Did not ride a bicycle,NA,No,Never smoked a cigarette,0 days,Did not smoke cigarettes,NA
511719,2003,Did not ride a bicycle,NA,No,Never smoked a cigarette,0 days,Did not smoke cigarettes,NA
770403,2007,Always wore a helmet,NA,No,Never smoked a cigarette,0 days,Did not smoke cigarettes,NA
401610,2001,Most of the time wore a helmet,NA,Yes,15 or 16 years old,3 to 5 days,6 to 10 cigarettes,NA
773341,2007,Did not ride a bicycle,NA,Yes,13 or 14 years old,1 or 2 days,Less than 1 cigarette,NA
401825,2001,Never wore a helmet,NA,Yes,11 or 12 years old,All 30 days,11 to 20 cigarettes,NA
115029,1993,Never wore a helmet,NA,Yes,9 or 10 years old,All 30 days,6 to 10 cigarettes,NA
504072,2003,Never wore a helmet,NA,No,Never smoked a cigarette,0 days,Did not smoke cigarettes,NA
635485,2005,Did not ride a bicycle,NA,No,Never smoked a cigarette,0 days,Did not smoke cigarettes,NA
628772,2005,NA,NA,NA,9 or 10 years old,NA,NA,NA
186949,1995,Never wore a helmet,NA,No,Never smoked a cigarette,0 days,Did not smoke cigarettes,NA
405892,2001,Never wore a helmet,NA,Yes,11 or 12 years old,20 to 29 days,6 to 10 cigarettes,NA
508668,2003,Never wore a helmet,NA,NA,NA,0 days,Did not smoke cigarettes,NA
505410,2003,Most of the time wore a helmet,NA,Yes,11 or 12 years old,10 to 19 days,2 to 5 cigarettes,NA
41895,1991,Never wore a helmet,NA,No,Never smoked a cigarette,0 days,Did not smoke cigarettes,NA
637225,2005,Always wore a helmet,NA,No,Never smoked a cigarette,0 days,Did not smoke cigarettes,NA
932494,2009,Did not ride a bicycle,NA,No,Never smoked a cigarette,0 days,Did not smoke cigarettes,TRUE
403501,2001,Never wore a helmet,NA,No,Never smoked a cigarette,0 days,Did not smoke cigarettes,NA
117809,1993,Did not ride a bicycle,NA,Yes,13 or 14 years old,0 days,Did not smoke cigarettes,NA
1313207,2013,Did not ride a bicycle,NA,Yes,13 or 14 years old,1 or 2 days,1 cigarette,TRUE
405890,2001,Never wore a helmet,NA,No,Never smoked a cigarette,0 days,Did not smoke cigarettes,NA
333743,1999,Never wore a helmet,NA,Yes,Never smoked a cigarette,0 days,Did not smoke cigarettes,NA
186363,1995,Did not ride a bicycle,NA,Yes,11 or 12 years old,All 30 days,2 to 5 cigarettes,NA
258194,1997,Never wore a helmet,NA,Yes,9 or 10 years old,All 30 days,6 to 10 cigarettes,NA
511533,2003,Never wore a helmet,NA,Yes,13 or 14 years old,0 days,Did not smoke cigarettes,NA
191157,1995,Did not ride a bicycle,NA,Yes,15 or 16 years old,20 to 29 days,6 to 10 cigarettes,NA
323681,1999,Never wore a helmet,NA,No,Never smoked a cigarette,0 days,Did not smoke cigarettes,NA
187633,1995,Never wore a helmet,NA,Yes,NA,NA,Less than 1 cigarette,NA
925106,2009,Did not ride a bicycle,NA,No,Never smoked a cigarette,0 days,Did not smoke cigarettes,FALSE
764824,2007,Always wore a helmet,NA,No,Never smoked a cigarette,0 days,Did not smoke cigarettes,NA
41787,1991,Most of the time wore a helmet,NA,No,Never smoked a cigarette,0 days,Did not smoke cigarettes,NA
184370,1995,Never wore a helmet,NA,Yes,11 or 12 years old,20 to 29 days,2 to 5 cigarettes,NA
1309026,2013,Did not ride a bicycle,0 days,No,Never smoked a cigarette,0 days,Did not smoke cigarettes,FALSE
35984,1991,Did not ride a bicycle,NA,Yes,NA,0 days,Did not smoke cigarettes,NA
34920,1991,Never wore a helmet,NA,No,Never smoked a cigarette,0 days,Did not smoke cigarettes,NA
189635,1995,Never wore a helmet,NA,No,Never smoked a cigarette,0 days,Did not smoke cigarettes,NA
109990,1993,Never wore a helmet,NA,Yes,11 or 12 years old,All 30 days,11 to 20 cigarettes,NA
1099701,2011,Did not ride a bicycle,NA,NA,NA,0 days,Did not smoke cigarettes,FALSE
638128,2005,Never wore a helmet,NA,No,Never smoked a cigarette,0 days,Did not smoke cigarettes,NA
935724,2009,Never wore a helmet,NA,No,Never smoked a cigarette,0 days,Did not smoke cigarettes,FALSE
321493,1999,Never wore a helmet,NA,Yes,Never smoked a cigarette,0 days,Did not smoke cigarettes,NA
629159,2005,Rarely wore a helmet,NA,No,Never smoked a cigarette,0 days,Did not smoke cigarettes,NA
931147,2009,Did not ride a bicycle,NA,No,Never smoked a cigarette,0 days,Did not smoke cigarettes,FALSE
270899,1997,Never wore a helmet,NA,Yes,15 or 16 years old,3 to 5 days,2 to 5 cigarettes,NA
1315683,2013,Rarely wore a helmet,0 days,NA,NA,0 days,Did not smoke cigarettes,FALSE
932144,2009,Did not ride a bicycle,NA,Yes,Never smoked a cigarette,0 days,Did not smoke cigarettes,FALSE
931633,2009,Did not ride a bicycle,NA,No,Never smoked a cigarette,0 days,Did not smoke cigarettes,FALSE
772019,2007,Never wore a helmet,NA,Yes,Never smoked a cigarette,0 days,Did not smoke cigarettes,NA
186006,1995,Did not ride a bicycle,NA,No,Never smoked a cigarette,0 days,Did not smoke cigarettes,NA
183228,1995,Never wore a helmet,NA,NA,Never smoked a cigarette,0 days,Did not smoke cigarettes,NA
1304202,2013,Never wore a helmet,I did not drive the past 30 days,Yes,13 or 14 years old,0 days,Did not smoke cigarettes,FALSE
933072,2009,Did not ride a bicycle,NA,NA,NA,0 days,Did not smoke cigarettes,TRUE
35296,1991,NA,NA,No,Never smoked a cigarette,0 days,Did not smoke cigarettes,NA
1311835,2013,Never wore a helmet,I did not drive the past 30 days,No,Never smoked a cigarette,0 days,Did not smoke cigarettes,FALSE
398979,2001,Did not ride a bicycle,NA,NA,NA,NA,NA,NA
760614,2007,Did not ride a bicycle,NA,No,Never smoked a cigarette,0 days,Did not smoke cigarettes,NA
107745,1993,Never wore a helmet,NA,Yes,9 or 10 years old,10 to 19 days,2 to 5 cigarettes,NA
398693,2001,Never wore a helmet,NA,No,Never smoked a cigarette,0 days,Did not smoke cigarettes,NA
121706,1993,Did not ride a bicycle,NA,Yes,13 or 14 years old,All 30 days,2 to 5 cigarettes,NA
34094,1991,Did not ride a bicycle,NA,Yes,15 or 16 years old,0 days,Did not smoke cigarettes,NA
1313323,2013,Never wore a helmet,I did not drive the past 30 days,Yes,15 or 16 years old,0 days,Did not smoke cigarettes,FALSE
409242,2001,Always wore a helmet,NA,Yes,13 or 14 years old,0 days,Did not smoke cigarettes,NA
329548,1999,Rarely wore a helmet,NA,No,Never smoked a cigarette,0 days,Did not smoke cigarettes,NA
929314,2009,Always wore a helmet,NA,Yes,Never smoked a cigarette,0 days,Did not smoke cigarettes,FALSE
630303,2005,Did not ride a bicycle,NA,Yes,Never smoked a cigarette,0 days,Did not smoke cigarettes,NA
333686,1999,Did not ride a bicycle,NA,Yes,17 years old or older,0 days,Did not smoke cigarettes,NA
256546,1997,Never wore a helmet,NA,No,Never smoked a cigarette,0 days,Did not smoke cigarettes,NA
33383,1991,Did not ride a bicycle,NA,Yes,13 or 14 years old,0 days,Did not smoke cigarettes,NA
761986,2007,Rarely wore a helmet,NA,No,Never smoked a cigarette,0 days,Did not smoke cigarettes,NA
400445,2001,Never wore a helmet,NA,Yes,13 or 14 years old,NA,NA,NA
39076,1991,Did not ride a bicycle,NA,Yes,15 or 16 years old,0 days,Did not smoke cigarettes,NA
187576,1995,Never wore a helmet,NA,NA,11 or 12 years old,10 to 19 days,2 to 5 cigarettes,NA
1307198,2013,Never wore a helmet,3 to 5 days,No,Never smoked a cigarette,0 days,Did not smoke cigarettes,FALSE
632312,2005,Never wore a helmet,NA,NA,Never smoked a cigarette,0 days,NA,NA
1097299,2011,Never wore a helmet,NA,Yes,8 years old or younger,1 or 2 days,1 cigarette,FALSE
107879,1993,NA,NA,No,Never smoked a cigarette,0 days,Did not smoke cigarettes,NA
927398,2009,Most of the time wore a helmet,NA,No,Never smoked a cigarette,0 days,Did not smoke cigarettes,FALSE
1312235,2013,Sometimes wore a helmet,0 days,No,Never smoked a cigarette,0 days,Did not smoke cigarettes,FALSE
397395,2001,Did not ride a bicycle,NA,Yes,13 or 14 years old,6 to 9 days,6 to 10 cigarettes,NA
761765,2007,Never wore a helmet,NA,Yes,13 or 14 years old,0 days,Did not smoke cigarettes,NA
636363,2005,Did not ride a bicycle,NA,No,Never smoked a cigarette,0 days,Did not smoke cigarettes,NA
1105743,2011,Did not ride a bicycle,NA,Yes,15 or 16 years old,1 or 2 days,Less than 1 cigarette,FALSE
266711,1997,Did not ride a bicycle,NA,Yes,15 or 16 years old,0 days,Did not smoke cigarettes,NA
186502,1995,Never wore a helmet,NA,No,Never smoked a cigarette,0 days,Did not smoke cigarettes,NA
190544,1995,Never wore a helmet,NA,Yes,17 years old or older,1 or 2 days,1 cigarette,NA
328140,1999,Never wore a helmet,NA,No,Never smoked a cigarette,0 days,Did not smoke cigarettes,NA
768006,2007,Did not ride a bicycle,NA,No,Never smoked a cigarette,0 days,Did not smoke cigarettes,NA
35613,1991,Never wore a helmet,NA,No,Never smoked a cigarette,0 days,Did not smoke cigarettes,NA
40333,1991,Never wore a helmet,NA,Yes,13 or 14 years old,1 or 2 days,Less than 1 cigarette,NA
400677,2001,Did not ride a bicycle,NA,Yes,8 years old or younger,All 30 days,11 to 20 cigarettes,NA
401195,2001,Did not ride a bicycle,NA,No,NA,0 days,NA,NA
503831,2003,Never wore a helmet,NA,No,Never smoked a cigarette,0 days,Did not smoke cigarettes,NA
256874,1997,Never wore a helmet,NA,Yes,13 or 14 years old,0 days,Did not smoke cigarettes,NA
334434,1999,Always wore a helmet,NA,No,Never smoked a cigarette,0 days,Did not smoke cigarettes,NA
1307969,2013,Never wore a helmet,0 days,Yes,17 years old or older,0 days,Did not smoke cigarettes,FALSE
761366,2007,Never wore a helmet,NA,Yes,8 years old or younger,NA,NA,NA
399722,2001,Most of the time wore a helmet,NA,No,Never smoked a cigarette,0 days,Did not smoke cigarettes,NA
1313126,2013,Never wore a helmet,0 days,No,Never smoked a cigarette,0 days,Did not smoke cigarettes,TRUE
180436,1995,Never wore a helmet,NA,Yes,13 or 14 years old,0 days,Did not smoke cigarettes,NA
323787,1999,Never wore a helmet,NA,Yes,9 or 10 years old,20 to 29 days,2 to 5 cigarettes,NA
1097220,2011,Never wore a helmet,NA,No,Never smoked a cigarette,0 days,Did not smoke cigarettes,FALSE
924823,2009,Never wore a helmet,NA,No,Never smoked a cigarette,0 days,Did not smoke cigarettes,FALSE
1109703,2011,Did not ride a bicycle,NA,NA,17 years old or older,1 or 2 days,NA,FALSE
183236,1995,Never wore a helmet,NA,No,Never smoked a cigarette,0 days,Did not smoke cigarettes,NA
37168,1991,Did not ride a bicycle,NA,No,Never smoked a cigarette,0 days,Did not smoke cigarettes,NA
507707,2003,Never wore a helmet,NA,No,Never smoked a cigarette,0 days,Did not smoke cigarettes,NA
122802,1993,Did not ride a bicycle,NA,Yes,13 or 14 years old,0 days,Did not smoke cigarettes,NA
406383,2001,Never wore a helmet,NA,Yes,15 or 16 years old,6 to 9 days,2 to 5 cigarettes,NA
1094655,2011,Never wore a helmet,NA,No,NA,0 days,Did not smoke cigarettes,FALSE
116532,1993,Never wore a helmet,NA,No,Never smoked a cigarette,0 days,Did not smoke cigarettes,NA
31761,1991,Did not ride a bicycle,NA,Yes,8 years old or younger,0 days,Did not smoke cigarettes,NA
115012,1993,Never wore a helmet,NA,Yes,11 or 12 years old,1 or 2 days,1 cigarette,NA
399800,2001,Did not ride a bicycle,NA,No,Never smoked a cigarette,0 days,Did not smoke cigarettes,NA
36225,1991,Did not ride a bicycle,NA,Yes,17 years old or older,0 days,Did not smoke cigarettes,NA
1313144,2013,Did not ride a bicycle,All 30 days,Yes,Never smoked a cigarette,0 days,Did not smoke cigarettes,TRUE
325356,1999,Never wore a helmet,NA,NA,9 or 10 years old,0 days,Did not smoke cigarettes,NA
500327,2003,Never wore a helmet,NA,Yes,13 or 14 years old,6 to 9 days,2 to 5 cigarettes,NA
1307135,2013,Never wore a helmet,I did not drive the past 30 days,Yes,15 or 16 years old,NA,NA,FALSE
189500,1995,Never wore a helmet,NA,No,Never smoked a cigarette,0 days,Did not smoke cigarettes,NA
37778,1991,Did not ride a bicycle,NA,No,Never smoked a cigarette,0 days,Did not smoke cigarettes,NA
327074,1999,Never wore a helmet,NA,NA,NA,0 days,Did not smoke cigarettes,NA
42419,1991,Never wore a helmet,NA,Yes,15 or 16 years old,3 to 5 days,1 cigarette,NA
329478,1999,Did not ride a bicycle,NA,Yes,Never smoked a cigarette,0 days,Did not smoke cigarettes,NA
259167,1997,Did not ride a bicycle,NA,No,Never smoked a cigarette,0 days,Did not smoke cigarettes,NA
112399,1993,Did not ride a bicycle,NA,No,Never smoked a cigarette,0 days,Did not smoke cigarettes,NA
110000,1993,Never wore a helmet,NA,No,Never smoked a cigarette,0 days,Did not smoke cigarettes,NA
34172,1991,Never wore a helmet,NA,No,Never smoked a cigarette,0 days,Did not smoke cigarettes,NA
186368,1995,Did not ride a bicycle,NA,Yes,9 or 10 years old,3 to 5 days,1 cigarette,NA
1316782,2013,Did not ride a bicycle,0 days,Yes,Never smoked a cigarette,0 days,Did not smoke cigarettes,FALSE
37797,1991,Did not ride a bicycle,NA,No,Never smoked a cigarette,0 days,Did not smoke cigarettes,NA
1307166,2013,Never wore a helmet,I did not drive the past 30 days,No,Never smoked a cigarette,0 days,Did not smoke cigarettes,FALSE
181350,1995,Never wore a helmet,NA,No,Never smoked a cigarette,0 days,Did not smoke cigarettes,NA
1100332,2011,NA,NA,NA,Never smoked a cigarette,0 days,Did not smoke cigarettes,TRUE
929777,2009,Always wore a helmet,NA,Yes,17 years old or older,0 days,Did not smoke cigarettes,FALSE
1316612,2013,Never wore a helmet,3 to 5 days,NA,NA,0 days,Did not smoke cigarettes,FALSE
931085,2009,Rarely wore a helmet,NA,NA,NA,0 days,NA,NA
119962,1993,Did not ride a bicycle,NA,No,Never smoked a cigarette,0 days,Did not smoke cigarettes,NA
1310987,2013,Never wore a helmet,0 days,No,Never smoked a cigarette,0 days,Did not smoke cigarettes,FALSE
1307247,2013,Never wore a helmet,3 to 5 days,NA,Never smoked a cigarette,NA,NA,FALSE
333917,1999,Did not ride a bicycle,NA,Yes,8 years old or younger,0 days,Did not smoke cigarettes,NA
769773,2007,Always wore a helmet,NA,No,Never smoked a cigarette,0 days,Did not smoke cigarettes,NA
264965,1997,Never wore a helmet,NA,Yes,13 or 14 years old,0 days,Did not smoke cigarettes,NA
629678,2005,Never wore a helmet,NA,NA,NA,0 days,Did not smoke cigarettes,NA
1314647,2013,Did not ride a bicycle,I did not drive the past 30 days,Yes,13 or 14 years old,0 days,Did not smoke cigarettes,FALSE
31500,1991,Did not ride a bicycle,NA,Yes,13 or 14 years old,0 days,Did not smoke cigarettes,NA
255781,1997,Never wore a helmet,NA,NA,NA,NA,NA,NA
405295,2001,Did not ride a bicycle,NA,Yes,11 or 12 years old,All 30 days,6 to 10 cigarettes,NA
262442,1997,Never wore a helmet,NA,Yes,11 or 12 years old,10 to 19 days,1 cigarette,NA
505810,2003,Did not ride a bicycle,NA,Yes,9 or 10 years old,All 30 days,More than 20 cigarettes,NA
924880,2009,Never wore a helmet,NA,Yes,15 or 16 years old,1 or 2 days,1 cigarette,FALSE
331817,1999,Always wore a helmet,NA,Yes,15 or 16 years old,0 days,Did not smoke cigarettes,NA
499956,2003,Rarely wore a helmet,NA,Yes,NA,0 days,Did not smoke cigarettes,NA
38764,1991,Never wore a helmet,NA,Yes,Never smoked a cigarette,0 days,Did not smoke cigarettes,NA
106988,1993,Never wore a helmet,NA,Yes,8 years old or younger,0 days,Did not smoke cigarettes,NA
35603,1991,Did not ride a bicycle,NA,No,Never smoked a cigarette,0 days,Did not smoke cigarettes,NA
41882,1991,Never wore a helmet,NA,No,Never smoked a cigarette,0 days,Did not smoke cigarettes,NA
634616,2005,NA,NA,Yes,15 or 16 years old,0 days,Did not smoke cigarettes,NA
1106304,2011,Did not ride a bicycle,NA,No,Never smoked a cigarette,0 days,Did not smoke cigarettes,FALSE
108927,1993,Did not ride a bicycle,NA,No,Never smoked a cigarette,0 days,Did not smoke cigarettes,NA
932005,2009,Did not ride a bicycle,NA,No,Never smoked a cigarette,0 days,Did not smoke cigarettes,FALSE
1305919,2013,Did not ride a bicycle,I did not drive the past 30 days,No,Never smoked a cigarette,0 days,Did not smoke cigarettes,FALSE
773259,2007,Never wore a helmet,NA,NA,NA,0 days,Did not smoke cigarettes,NA
922521,2009,Never wore a helmet,NA,Yes,11 or 12 years old,1 or 2 days,Less than 1 cigarette,FALSE
113553,1993,Never wore a helmet,NA,Yes,13 or 14 years old,0 days,Did not smoke cigarettes,NA
190853,1995,Never wore a helmet,NA,Yes,15 or 16 years old,0 days,Did not smoke cigarettes,NA
1100653,2011,Never wore a helmet,NA,NA,NA,NA,NA,FALSE
507927,2003,Rarely wore a helmet,NA,No,Never smoked a cigarette,0 days,Did not smoke cigarettes,NA
925579,2009,Never wore a helmet,NA,Yes,11 or 12 years old,1 or 2 days,2 to 5 cigarettes,FALSE
256620,1997,Never wore a helmet,NA,Yes,13 or 14 years old,3 to 5 days,2 to 5 cigarettes,NA
768554,2007,Never wore a helmet,NA,No,Never smoked a cigarette,0 days,Did not smoke cigarettes,NA
108301,1993,Did not ride a bicycle,NA,Yes,9 or 10 years old,NA,NA,NA
31716,1991,Never wore a helmet,NA,No,Never smoked a cigarette,0 days,Did not smoke cigarettes,NA
34170,1991,Did not ride a bicycle,NA,Yes,15 or 16 years old,0 days,Did not smoke cigarettes,NA
184298,1995,Did not ride a bicycle,NA,NA,NA,0 days,Did not smoke cigarettes,NA
1308222,2013,Did not ride a bicycle,All 30 days,Yes,8 years old or younger,10 to 19 days,2 to 5 cigarettes,FALSE
936534,2009,Never wore a helmet,NA,Yes,13 or 14 years old,All 30 days,2 to 5 cigarettes,TRUE
639934,2005,Never wore a helmet,NA,Yes,17 years old or older,All 30 days,1 cigarette,NA
641598,2005,Did not ride a bicycle,NA,Yes,13 or 14 years old,20 to 29 days,2 to 5 cigarettes,NA
187194,1995,Did not ride a bicycle,NA,Yes,Never smoked a cigarette,0 days,Did not smoke cigarettes,NA
256265,1997,Most of the time wore a helmet,NA,Yes,13 or 14 years old,0 days,Did not smoke cigarettes,NA
180993,1995,Never wore a helmet,NA,No,Never smoked a cigarette,0 days,Did not smoke cigarettes,NA
119892,1993,Never wore a helmet,NA,No,Never smoked a cigarette,0 days,Did not smoke cigarettes,NA
761325,2007,Did not ride a bicycle,NA,No,Never smoked a cigarette,0 days,Did not smoke cigarettes,NA
935969,2009,Never wore a helmet,NA,No,Never smoked a cigarette,0 days,Did not smoke cigarettes,FALSE
504238,2003,Always wore a helmet,NA,No,Never smoked a cigarette,0 days,Did not smoke cigarettes,NA
335247,1999,Did not ride a bicycle,NA,NA,NA,0 days,Did not smoke cigarettes,NA
761330,2007,Never wore a helmet,NA,Yes,Never smoked a cigarette,0 days,Did not smoke cigarettes,NA
1304978,2013,Sometimes wore a helmet,0 days,Yes,Never smoked a cigarette,0 days,Did not smoke cigarettes,TRUE
1103157,2011,Never wore a helmet,NA,Yes,11 or 12 years old,1 or 2 days,6 to 10 cigarettes,TRUE
936809,2009,Did not ride a bicycle,NA,Yes,15 or 16 years old,1 or 2 days,1 cigarette,TRUE
933935,2009,Did not ride a bicycle,NA,Yes,15 or 16 years old,20 to 29 days,2 to 5 cigarettes,FALSE
929924,2009,Did not ride a bicycle,NA,No,Never smoked a cigarette,0 days,Did not smoke cigarettes,FALSE
266459,1997,Did not ride a bicycle,NA,Yes,11 or 12 years old,0 days,Did not smoke cigarettes,NA
499340,2003,Rarely wore a helmet,NA,No,Never smoked a cigarette,0 days,Did not smoke cigarettes,NA
35572,1991,Did not ride a bicycle,NA,No,Never smoked a cigarette,0 days,Did not smoke cigarettes,NA
629263,2005,Always wore a helmet,NA,No,Never smoked a cigarette,0 days,Did not smoke cigarettes,NA
32197,1991,NA,NA,Yes,13 or 14 years old,0 days,Did not smoke cigarettes,NA
182728,1995,Did not ride a bicycle,NA,Yes,13 or 14 years old,All 30 days,6 to 10 cigarettes,NA
36582,1991,NA,NA,Yes,NA,All 30 days,11 to 20 cigarettes,NA
1306845,2013,Rarely wore a helmet,0 days,No,Never smoked a cigarette,0 days,Did not smoke cigarettes,FALSE
187693,1995,Did not ride a bicycle,NA,Yes,13 or 14 years old,1 or 2 days,2 to 5 cigarettes,NA
268527,1997,Never wore a helmet,NA,Yes,13 or 14 years old,6 to 9 days,2 to 5 cigarettes,NA
270607,1997,Did not ride a bicycle,NA,No,Never smoked a cigarette,0 days,Did not smoke cigarettes,NA
185828,1995,Rarely wore a helmet,NA,No,Never smoked a cigarette,0 days,Did not smoke cigarettes,NA
1103636,2011,Never wore a helmet,NA,No,Never smoked a cigarette,0 days,Did not smoke cigarettes,FALSE
329372,1999,Did not ride a bicycle,NA,Yes,Never smoked a cigarette,0 days,Did not smoke cigarettes,NA
258744,1997,Rarely wore a helmet,NA,No,Never smoked a cigarette,0 days,Did not smoke cigarettes,NA
1106511,2011,Did not ride a bicycle,NA,No,Never smoked a cigarette,0 days,Did not smoke cigarettes,TRUE
185836,1995,Did not ride a bicycle,NA,Yes,Never smoked a cigarette,0 days,Did not smoke cigarettes,NA
1107855,2011,Never wore a helmet,NA,Yes,15 or 16 years old,0 days,Did not smoke cigarettes,TRUE
506718,2003,Rarely wore a helmet,NA,Yes,15 or 16 years old,0 days,Did not smoke cigarettes,NA
924596,2009,Never wore a helmet,NA,No,Never smoked a cigarette,0 days,Did not smoke cigarettes,FALSE
507027,2003,Did not ride a bicycle,NA,Yes,11 or 12 years old,NA,NA,NA
329228,1999,Never wore a helmet,NA,No,Never smoked a cigarette,0 days,Did not smoke cigarettes,NA
931457,2009,Most of the time wore a helmet,NA,No,Never smoked a cigarette,0 days,Did not smoke cigarettes,FALSE
642434,2005,Never wore a helmet,NA,No,Never smoked a cigarette,0 days,Did not smoke cigarettes,NA
1316185,2013,Did not ride a bicycle,0 days,Yes,13 or 14 years old,0 days,Did not smoke cigarettes,FALSE
188679,1995,Never wore a helmet,NA,Yes,11 or 12 years old,0 days,Did not smoke cigarettes,NA
399161,2001,Did not ride a bicycle,NA,No,Never smoked a cigarette,0 days,Did not smoke cigarettes,NA
269580,1997,Did not ride a bicycle,NA,No,Never smoked a cigarette,0 days,Did not smoke cigarettes,NA
182049,1995,Never wore a helmet,NA,Yes,13 or 14 years old,1 or 2 days,Less than 1 cigarette,NA
1305276,2013,Did not ride a bicycle,I did not drive the past 30 days,No,Never smoked a cigarette,0 days,Did not smoke cigarettes,NA
111932,1993,Most of the time wore a helmet,NA,Yes,11 or 12 years old,0 days,Did not smoke cigarettes,NA
1106573,2011,Did not ride a bicycle,NA,NA,NA,0 days,Did not smoke cigarettes,FALSE
938011,2009,Never wore a helmet,NA,No,Never smoked a cigarette,0 days,Did not smoke cigarettes,FALSE
263842,1997,Did not ride a bicycle,NA,Yes,13 or 14 years old,6 to 9 days,2 to 5 cigarettes,NA
258395,1997,Never wore a helmet,NA,Yes,9 or 10 years old,All 30 days,6 to 10 cigarettes,NA
500863,2003,Did not ride a bicycle,NA,No,Never smoked a cigarette,0 days,Did not smoke cigarettes,NA
506337,2003,Most of the time wore a helmet,NA,No,Never smoked a cigarette,0 days,Did not smoke cigarettes,NA
183445,1995,Did not ride a bicycle,NA,Yes,15 or 16 years old,All 30 days,More than 20 cigarettes,NA
396279,2001,Always wore a helmet,NA,NA,NA,0 days,Did not smoke cigarettes,NA
641273,2005,Did not ride a bicycle,NA,Yes,8 years old or younger,All 30 days,More than 20 cigarettes,NA
499807,2003,Sometimes wore a helmet,NA,No,Never smoked a cigarette,0 days,Did not smoke cigarettes,NA
1106361,2011,Never wore a helmet,NA,NA,NA,0 days,NA,FALSE
927213,2009,Did not ride a bicycle,NA,Yes,11 or 12 years old,1 or 2 days,Less than 1 cigarette,TRUE
632731,2005,Did not ride a bicycle,NA,Yes,15 or 16 years old,0 days,Did not smoke cigarettes,NA
36622,1991,Never wore a helmet,NA,No,Never smoked a cigarette,0 days,Did not smoke cigarettes,NA
509390,2003,Did not ride a bicycle,NA,NA,NA,0 days,Did not smoke cigarettes,NA
500135,2003,Never wore a helmet,NA,Yes,Never smoked a cigarette,0 days,Did not smoke cigarettes,NA
35912,1991,Never wore a helmet,NA,Yes,15 or 16 years old,1 or 2 days,1 cigarette,NA
1306266,2013,Never wore a helmet,0 days,No,Never smoked a cigarette,0 days,Did not smoke cigarettes,FALSE
929941,2009,Never wore a helmet,NA,No,Never smoked a cigarette,0 days,Did not smoke cigarettes,FALSE
640021,2005,Did not ride a bicycle,NA,No,Never smoked a cigarette,0 days,Did not smoke cigarettes,NA
40748,1991,Did not ride a bicycle,NA,Yes,Never smoked a cigarette,0 days,Did not smoke cigarettes,NA
114569,1993,Always wore a helmet,NA,NA,NA,NA,NA,NA
34221,1991,Did not ride a bicycle,NA,Yes,13 or 14 years old,0 days,Did not smoke cigarettes,NA
925351,2009,Rarely wore a helmet,NA,No,Never smoked a cigarette,0 days,Did not smoke cigarettes,TRUE
630756,2005,Did not ride a bicycle,NA,No,Never smoked a cigarette,0 days,Did not smoke cigarettes,NA
636506,2005,Most of the time wore a helmet,NA,No,Never smoked a cigarette,0 days,Did not smoke cigarettes,NA
924793,2009,Rarely wore a helmet,NA,No,Never smoked a cigarette,0 days,Did not smoke cigarettes,FALSE
265398,1997,Did not ride a bicycle,NA,No,Never smoked a cigarette,0 days,Did not smoke cigarettes,NA
924967,2009,Never wore a helmet,NA,No,Never smoked a cigarette,0 days,Did not smoke cigarettes,FALSE
1098621,2011,Never wore a helmet,NA,NA,Never smoked a cigarette,0 days,NA,FALSE
183561,1995,Did not ride a bicycle,NA,No,Never smoked a cigarette,0 days,Did not smoke cigarettes,NA
397621,2001,Sometimes wore a helmet,NA,Yes,11 or 12 years old,20 to 29 days,2 to 5 cigarettes,NA
770124,2007,Never wore a helmet,NA,Yes,13 or 14 years old,0 days,Did not smoke cigarettes,NA
406378,2001,Always wore a helmet,NA,No,Never smoked a cigarette,0 days,Did not smoke cigarettes,NA
107598,1993,Never wore a helmet,NA,Yes,9 or 10 years old,10 to 19 days,2 to 5 cigarettes,NA
931257,2009,Rarely wore a helmet,NA,Yes,11 or 12 years old,0 days,Did not smoke cigarettes,TRUE
188538,1995,Always wore a helmet,NA,No,Never smoked a cigarette,0 days,Did not smoke cigarettes,NA
1311130,2013,Never wore a helmet,I did not drive the past 30 days,No,Never smoked a cigarette,0 days,Did not smoke cigarettes,TRUE
506760,2003,Never wore a helmet,NA,Yes,Never smoked a cigarette,0 days,Did not smoke cigarettes,NA
1099058,2011,Sometimes wore a helmet,NA,Yes,13 or 14 years old,20 to 29 days,Less than 1 cigarette,FALSE
640821,2005,Did not ride a bicycle,NA,No,Never smoked a cigarette,0 days,Did not smoke cigarettes,NA
639329,2005,Never wore a helmet,NA,NA,NA,0 days,Did not smoke cigarettes,NA
1097278,2011,Never wore a helmet,NA,No,Never smoked a cigarette,0 days,Did not smoke cigarettes,FALSE
398174,2001,Never wore a helmet,NA,Yes,Never smoked a cigarette,0 days,Did not smoke cigarettes,NA
184506,1995,Never wore a helmet,NA,NA,Never smoked a cigarette,0 days,Did not smoke cigarettes,NA
122965,1993,Never wore a helmet,NA,No,Never smoked a cigarette,0 days,Did not smoke cigarettes,NA
511135,2003,Rarely wore a helmet,NA,No,Never smoked a cigarette,0 days,Did not smoke cigarettes,NA
767850,2007,NA,NA,Yes,9 or 10 years old,0 days,Did not smoke cigarettes,NA
112715,1993,Rarely wore a helmet,NA,No,Never smoked a cigarette,0 days,Did not smoke cigarettes,NA
408478,2001,Most of the time wore a helmet,NA,Yes,Never smoked a cigarette,0 days,Did not smoke cigarettes,NA
629615,2005,Never wore a helmet,NA,Yes,Never smoked a cigarette,0 days,Did not smoke cigarettes,NA
327949,1999,Rarely wore a helmet,NA,Yes,9 or 10 years old,1 or 2 days,Less than 1 cigarette,NA
325952,1999,Never wore a helmet,NA,Yes,13 or 14 years old,10 to 19 days,2 to 5 cigarettes,NA
113031,1993,Did not ride a bicycle,NA,No,Never smoked a cigarette,0 days,Did not smoke cigarettes,NA
256781,1997,Never wore a helmet,NA,Yes,13 or 14 years old,0 days,Did not smoke cigarettes,NA
765257,2007,Did not ride a bicycle,NA,No,Never smoked a cigarette,0 days,Did not smoke cigarettes,NA
1309894,2013,Did not ride a bicycle,0 days,No,Never smoked a cigarette,0 days,Did not smoke cigarettes,FALSE
1105091,2011,Never wore a helmet,NA,No,Never smoked a cigarette,0 days,Did not smoke cigarettes,FALSE
115916,1993,Did not ride a bicycle,NA,Yes,13 or 14 years old,3 to 5 days,1 cigarette,NA
500198,2003,Never wore a helmet,NA,No,Never smoked a cigarette,0 days,Did not smoke cigarettes,NA
31760,1991,Sometimes wore a helmet,NA,No,Never smoked a cigarette,0 days,Did not smoke cigarettes,NA
1303613,2013,Did not ride a bicycle,I did not drive the past 30 days,No,Never smoked a cigarette,0 days,Did not smoke cigarettes,FALSE
511604,2003,Did not ride a bicycle,NA,No,Never smoked a cigarette,0 days,Did not smoke cigarettes,NA
1312714,2013,Did not ride a bicycle,I did not drive the past 30 days,Yes,Never smoked a cigarette,0 days,Did not smoke cigarettes,TRUE
115853,1993,Never wore a helmet,NA,Yes,9 or 10 years old,All 30 days,2 to 5 cigarettes,NA
267922,1997,Never wore a helmet,NA,Yes,Never smoked a cigarette,0 days,Did not smoke cigarettes,NA
42407,1991,Never wore a helmet,NA,Yes,15 or 16 years old,0 days,Did not smoke cigarettes,NA
510012,2003,Did not ride a bicycle,NA,Yes,11 or 12 years old,All 30 days,6 to 10 cigarettes,NA
1313024,2013,Never wore a helmet,I did not drive the past 30 days,No,Never smoked a cigarette,0 days,Did not smoke cigarettes,FALSE
30767,1991,Did not ride a bicycle,NA,No,Never smoked a cigarette,0 days,Did not smoke cigarettes,NA
32523,1991,Never wore a helmet,NA,Yes,13 or 14 years old,NA,NA,NA
1316013,2013,Did not ride a bicycle,I did not drive the past 30 days,Yes,15 or 16 years old,0 days,Did not smoke cigarettes,FALSE
182627,1995,Most of the time wore a helmet,NA,Yes,Never smoked a cigarette,0 days,Did not smoke cigarettes,NA
256443,1997,Never wore a helmet,NA,No,Never smoked a cigarette,0 days,Did not smoke cigarettes,NA
763738,2007,Did not ride a bicycle,NA,No,Never smoked a cigarette,0 days,Did not smoke cigarettes,NA
116236,1993,Always wore a helmet,NA,No,Never smoked a cigarette,0 days,Did not smoke cigarettes,NA
632555,2005,Did not ride a bicycle,NA,Yes,15 or 16 years old,0 days,Did not smoke cigarettes,NA
42861,1991,Never wore a helmet,NA,Yes,8 years old or younger,0 days,Did not smoke cigarettes,NA
182218,1995,Never wore a helmet,NA,Yes,13 or 14 years old,10 to 19 days,1 cigarette,NA
330482,1999,Did not ride a bicycle,NA,No,Never smoked a cigarette,0 days,Did not smoke cigarettes,NA
268598,1997,Did not ride a bicycle,NA,No,Never smoked a cigarette,0 days,Did not smoke cigarettes,NA
35397,1991,Never wore a helmet,NA,No,Never smoked a cigarette,0 days,Did not smoke cigarettes,NA
1098016,2011,Rarely wore a helmet,NA,Yes,13 or 14 years old,1 or 2 days,Less than 1 cigarette,FALSE
509712,2003,Did not ride a bicycle,NA,No,Never smoked a cigarette,0 days,Did not smoke cigarettes,NA
408921,2001,Did not ride a bicycle,NA,No,Never smoked a cigarette,0 days,Did not smoke cigarettes,NA
120075,1993,Did not ride a bicycle,NA,No,Never smoked a cigarette,0 days,Did not smoke cigarettes,NA
31068,1991,Never wore a helmet,NA,No,Never smoked a cigarette,0 days,Did not smoke cigarettes,NA
400656,2001,Did not ride a bicycle,NA,No,Never smoked a cigarette,0 days,Did not smoke cigarettes,NA
189259,1995,Did not ride a bicycle,NA,Yes,Never smoked a cigarette,0 days,Did not smoke cigarettes,NA
262925,1997,Never wore a helmet,NA,NA,Never smoked a cigarette,0 days,Did not smoke cigarettes,NA
404072,2001,Did not ride a bicycle,NA,Yes,11 or 12 years old,NA,NA,NA
1107215,2011,Never wore a helmet,NA,No,Never smoked a cigarette,0 days,Did not smoke cigarettes,FALSE
636105,2005,Never wore a helmet,NA,No,Never smoked a cigarette,0 days,Did not smoke cigarettes,NA
261846,1997,Most of the time wore a helmet,NA,Yes,13 or 14 years old,0 days,Did not smoke cigarettes,NA
499490,2003,Never wore a helmet,NA,No,Never smoked a cigarette,0 days,Did not smoke cigarettes,NA
331944,1999,Did not ride a bicycle,NA,Yes,11 or 12 years old,0 days,Did not smoke cigarettes,NA
180559,1995,Never wore a helmet,NA,NA,Never smoked a cigarette,0 days,Did not smoke cigarettes,NA
1312175,2013,Rarely wore a helmet,0 days,Yes,15 or 16 years old,1 or 2 days,Less than 1 cigarette,FALSE
333393,1999,Never wore a helmet,NA,No,Never smoked a cigarette,0 days,Did not smoke cigarettes,NA
1314683,2013,Did not ride a bicycle,0 days,Yes,13 or 14 years old,NA,NA,FALSE
257907,1997,NA,NA,NA,NA,NA,NA,NA
924296,2009,Most of the time wore a helmet,NA,No,Never smoked a cigarette,0 days,Did not smoke cigarettes,FALSE
630391,2005,Rarely wore a helmet,NA,Yes,13 or 14 years old,6 to 9 days,1 cigarette,NA
260391,1997,Never wore a helmet,NA,No,Never smoked a cigarette,0 days,Did not smoke cigarettes,NA
771257,2007,Most of the time wore a helmet,NA,Yes,15 or 16 years old,3 to 5 days,6 to 10 cigarettes,NA
399745,2001,Never wore a helmet,NA,NA,NA,0 days,Did not smoke cigarettes,NA
1101306,2011,Did not ride a bicycle,NA,Yes,17 years old or older,3 to 5 days,2 to 5 cigarettes,FALSE
1100376,2011,Did not ride a bicycle,NA,No,Never smoked a cigarette,0 days,Did not smoke cigarettes,FALSE
1307163,2013,Did not ride a bicycle,1 or 2 days,No,Never smoked a cigarette,0 days,Did not smoke cigarettes,TRUE
111503,1993,Never wore a helmet,NA,No,Never smoked a cigarette,0 days,Did not smoke cigarettes,NA
404162,2001,Never wore a helmet,NA,No,Never smoked a cigarette,0 days,Did not smoke cigarettes,NA
182461,1995,Never wore a helmet,NA,Yes,13 or 14 years old,0 days,Did not smoke cigarettes,NA
765136,2007,Did not ride a bicycle,NA,No,Never smoked a cigarette,0 days,Did not smoke cigarettes,NA
1101629,2011,Did not ride a bicycle,NA,Yes,Never smoked a cigarette,0 days,Did not smoke cigarettes,FALSE
509518,2003,Did not ride a bicycle,NA,No,Never smoked a cigarette,0 days,Did not smoke cigarettes,NA
1099314,2011,Never wore a helmet,NA,No,Never smoked a cigarette,0 days,Did not smoke cigarettes,FALSE
108267,1993,Never wore a helmet,NA,Yes,11 or 12 years old,1 or 2 days,2 to 5 cigarettes,NA
1307499,2013,Did not ride a bicycle,20 to 29 days,Yes,15 or 16 years old,0 days,Did not smoke cigarettes,FALSE
1314598,2013,Never wore a helmet,All 30 days,No,Never smoked a cigarette,0 days,Did not smoke cigarettes,FALSE
629589,2005,Never wore a helmet,NA,No,Never smoked a cigarette,0 days,Did not smoke cigarettes,NA
1309720,2013,Rarely wore a helmet,0 days,Yes,Never smoked a cigarette,0 days,Did not smoke cigarettes,FALSE
761671,2007,Never wore a helmet,NA,Yes,Never smoked a cigarette,0 days,Did not smoke cigarettes,NA
502908,2003,Did not ride a bicycle,NA,No,Never smoked a cigarette,0 days,Did not smoke cigarettes,NA
931939,2009,Did not ride a bicycle,NA,No,Never smoked a cigarette,0 days,Did not smoke cigarettes,TRUE
508622,2003,Did not ride a bicycle,NA,No,Never smoked a cigarette,0 days,Did not smoke cigarettes,NA
37625,1991,Never wore a helmet,NA,No,Never smoked a cigarette,0 days,Did not smoke cigarettes,NA
329181,1999,Never wore a helmet,NA,No,Never smoked a cigarette,0 days,Did not smoke cigarettes,NA
762118,2007,Most of the time wore a helmet,NA,No,Never smoked a cigarette,0 days,Did not smoke cigarettes,NA
922880,2009,Never wore a helmet,NA,No,Never smoked a cigarette,0 days,Did not smoke cigarettes,TRUE
773673,2007,Did not ride a bicycle,NA,Yes,11 or 12 years old,All 30 days,11 to 20 cigarettes,NA
505258,2003,Never wore a helmet,NA,No,Never smoked a cigarette,0 days,NA,NA
629779,2005,Never wore a helmet,NA,Yes,Never smoked a cigarette,0 days,Did not smoke cigarettes,NA
761224,2007,Never wore a helmet,NA,Yes,13 or 14 years old,0 days,Did not smoke cigarettes,NA
931772,2009,Never wore a helmet,NA,Yes,13 or 14 years old,0 days,Did not smoke cigarettes,TRUE
1305569,2013,Did not ride a bicycle,I did not drive the past 30 days,No,Never smoked a cigarette,0 days,Did not smoke cigarettes,FALSE
122889,1993,Did not ride a bicycle,NA,Yes,Never smoked a cigarette,0 days,Did not smoke cigarettes,NA
185079,1995,NA,NA,Yes,8 years old or younger,All 30 days,2 to 5 cigarettes,NA
764930,2007,Did not ride a bicycle,NA,Yes,Never smoked a cigarette,0 days,Did not smoke cigarettes,NA
41812,1991,Never wore a helmet,NA,Yes,13 or 14 years old,10 to 19 days,2 to 5 cigarettes,NA
503919,2003,Never wore a helmet,NA,Yes,11 or 12 years old,0 days,Did not smoke cigarettes,NA
638097,2005,Never wore a helmet,NA,Yes,8 years old or younger,All 30 days,More than 20 cigarettes,NA
500017,2003,Never wore a helmet,NA,No,Never smoked a cigarette,0 days,Did not smoke cigarettes,NA
499508,2003,Sometimes wore a helmet,NA,Yes,Never smoked a cigarette,0 days,Did not smoke cigarettes,NA
407287,2001,Did not ride a bicycle,NA,No,Never smoked a cigarette,0 days,Did not smoke cigarettes,NA
325854,1999,Never wore a helmet,NA,Yes,13 or 14 years old,3 to 5 days,1 cigarette,NA
502062,2003,Rarely wore a helmet,NA,No,Never smoked a cigarette,0 days,Did not smoke cigarettes,NA
1107762,2011,Never wore a helmet,NA,Yes,Never smoked a cigarette,0 days,Did not smoke cigarettes,FALSE
326324,1999,Did not ride a bicycle,NA,Yes,11 or 12 years old,0 days,Did not smoke cigarettes,NA
262934,1997,NA,NA,NA,Never smoked a cigarette,0 days,Did not smoke cigarettes,NA
501386,2003,Rarely wore a helmet,NA,Yes,8 years old or younger,20 to 29 days,11 to 20 cigarettes,NA
632805,2005,Sometimes wore a helmet,NA,Yes,Never smoked a cigarette,0 days,Did not smoke cigarettes,NA
507709,2003,Never wore a helmet,NA,Yes,13 or 14 years old,6 to 9 days,2 to 5 cigarettes,NA
1097529,2011,Never wore a helmet,NA,Yes,Never smoked a cigarette,0 days,Did not smoke cigarettes,FALSE
925118,2009,Never wore a helmet,NA,Yes,Never smoked a cigarette,NA,NA,FALSE
187789,1995,Did not ride a bicycle,NA,Yes,Never smoked a cigarette,0 days,Did not smoke cigarettes,NA
184960,1995,Never wore a helmet,NA,Yes,11 or 12 years old,All 30 days,11 to 20 cigarettes,NA
937968,2009,Most of the time wore a helmet,NA,Yes,17 years old or older,0 days,Did not smoke cigarettes,FALSE
1100419,2011,Never wore a helmet,NA,NA,Never smoked a cigarette,0 days,NA,FALSE
934438,2009,Never wore a helmet,NA,No,Never smoked a cigarette,0 days,Did not smoke cigarettes,TRUE
109241,1993,Always wore a helmet,NA,No,Never smoked a cigarette,0 days,Did not smoke cigarettes,NA
330768,1999,Rarely wore a helmet,NA,Yes,Never smoked a cigarette,0 days,Did not smoke cigarettes,NA
772448,2007,Rarely wore a helmet,NA,No,Never smoked a cigarette,0 days,Did not smoke cigarettes,NA
32356,1991,Never wore a helmet,NA,Yes,13 or 14 years old,20 to 29 days,6 to 10 cigarettes,NA
934243,2009,Did not ride a bicycle,NA,Yes,11 or 12 years old,0 days,Did not smoke cigarettes,TRUE
640218,2005,Did not ride a bicycle,NA,Yes,13 or 14 years old,0 days,Did not smoke cigarettes,NA
1314409,2013,Never wore a helmet,1 or 2 days,No,Never smoked a cigarette,0 days,Did not smoke cigarettes,FALSE
267979,1997,Sometimes wore a helmet,NA,No,Never smoked a cigarette,0 days,Did not smoke cigarettes,NA
269218,1997,Never wore a helmet,NA,No,Never smoked a cigarette,0 days,Did not smoke cigarettes,NA
1096081,2011,Never wore a helmet,NA,No,Never smoked a cigarette,0 days,Did not smoke cigarettes,FALSE
1315336,2013,Never wore a helmet,I did not drive the past 30 days,Yes,13 or 14 years old,10 to 19 days,2 to 5 cigarettes,FALSE
1099399,2011,Most of the time wore a helmet,NA,Yes,13 or 14 years old,1 or 2 days,Less than 1 cigarette,TRUE
32102,1991,Never wore a helmet,NA,Yes,13 or 14 years old,0 days,Did not smoke cigarettes,NA
926755,2009,Rarely wore a helmet,NA,No,Never smoked a cigarette,0 days,Did not smoke cigarettes,FALSE
33878,1991,Never wore a helmet,NA,No,Never smoked a cigarette,0 days,Did not smoke cigarettes,NA
32858,1991,Never wore a helmet,NA,Yes,13 or 14 years old,1 or 2 days,Less than 1 cigarette,NA
1315823,2013,Did not ride a bicycle,1 or 2 days,No,Never smoked a cigarette,0 days,Did not smoke cigarettes,FALSE
40076,1991,Did not ride a bicycle,NA,Yes,11 or 12 years old,All 30 days,More than 20 cigarettes,NA
120042,1993,Never wore a helmet,NA,Yes,8 years old or younger,All 30 days,More than 20 cigarettes,NA
183606,1995,Did not ride a bicycle,NA,Yes,15 or 16 years old,6 to 9 days,2 to 5 cigarettes,NA
185543,1995,Always wore a helmet,NA,Yes,11 or 12 years old,10 to 19 days,2 to 5 cigarettes,NA
766800,2007,Did not ride a bicycle,NA,No,Never smoked a cigarette,0 days,Did not smoke cigarettes,NA
256935,1997,Did not ride a bicycle,NA,No,Never smoked a cigarette,0 days,Did not smoke cigarettes,NA
263531,1997,NA,NA,Yes,11 or 12 years old,0 days,Did not smoke cigarettes,NA
923052,2009,Never wore a helmet,NA,Yes,15 or 16 years old,6 to 9 days,Less than 1 cigarette,FALSE
926487,2009,Did not ride a bicycle,NA,Yes,Never smoked a cigarette,0 days,Did not smoke cigarettes,FALSE
35970,1991,Never wore a helmet,NA,Yes,17 years old or older,All 30 days,2 to 5 cigarettes,NA
1305898,2013,Never wore a helmet,All 30 days,Yes,11 or 12 years old,20 to 29 days,2 to 5 cigarettes,FALSE
333612,1999,Never wore a helmet,NA,Yes,15 or 16 years old,0 days,Did not smoke cigarettes,NA
501837,2003,Never wore a helmet,NA,Yes,13 or 14 years old,NA,NA,NA
1313768,2013,Never wore a helmet,I did not drive the past 30 days,Yes,11 or 12 years old,6 to 9 days,2 to 5 cigarettes,FALSE
322143,1999,Never wore a helmet,NA,No,Never smoked a cigarette,0 days,Did not smoke cigarettes,NA
931957,2009,Did not ride a bicycle,NA,Yes,11 or 12 years old,6 to 9 days,2 to 5 cigarettes,FALSE
265079,1997,Sometimes wore a helmet,NA,No,Never smoked a cigarette,0 days,Did not smoke cigarettes,NA
767690,2007,Never wore a helmet,NA,Yes,11 or 12 years old,0 days,Did not smoke cigarettes,NA
116957,1993,Sometimes wore a helmet,NA,Yes,13 or 14 years old,0 days,Did not smoke cigarettes,NA
326387,1999,Never wore a helmet,NA,Yes,Never smoked a cigarette,0 days,Did not smoke cigarettes,NA
328595,1999,Never wore a helmet,NA,Yes,15 or 16 years old,0 days,Did not smoke cigarettes,NA
507559,2003,Sometimes wore a helmet,NA,Yes,Never smoked a cigarette,0 days,NA,NA
1107150,2011,Never wore a helmet,NA,No,Never smoked a cigarette,0 days,Did not smoke cigarettes,FALSE
634384,2005,Never wore a helmet,NA,No,Never smoked a cigarette,0 days,Did not smoke cigarettes,NA
1108078,2011,Did not ride a bicycle,NA,Yes,NA,NA,NA,FALSE
269935,1997,Did not ride a bicycle,NA,No,Never smoked a cigarette,0 days,Did not smoke cigarettes,NA
925120,2009,Never wore a helmet,NA,Yes,11 or 12 years old,10 to 19 days,Less than 1 cigarette,FALSE
1306932,2013,Never wore a helmet,I did not drive the past 30 days,Yes,Never smoked a cigarette,0 days,Did not smoke cigarettes,FALSE
1306013,2013,Never wore a helmet,All 30 days,NA,NA,0 days,Did not smoke cigarettes,FALSE
185881,1995,Did not ride a bicycle,NA,Yes,Never smoked a cigarette,0 days,Did not smoke cigarettes,NA
513508,2003,Never wore a helmet,NA,Yes,13 or 14 years old,6 to 9 days,2 to 5 cigarettes,NA
37582,1991,Never wore a helmet,NA,No,Never smoked a cigarette,0 days,Did not smoke cigarettes,NA
508031,2003,Did not ride a bicycle,NA,Yes,9 or 10 years old,All 30 days,6 to 10 cigarettes,NA
188054,1995,Did not ride a bicycle,NA,Yes,13 or 14 years old,0 days,Did not smoke cigarettes,NA
112813,1993,Never wore a helmet,NA,No,Never smoked a cigarette,0 days,Did not smoke cigarettes,NA
271104,1997,Never wore a helmet,NA,No,Never smoked a cigarette,0 days,Did not smoke cigarettes,NA
258479,1997,Never wore a helmet,NA,Yes,13 or 14 years old,0 days,Did not smoke cigarettes,NA
638117,2005,Did not ride a bicycle,NA,No,Never smoked a cigarette,0 days,Did not smoke cigarettes,NA
503057,2003,Never wore a helmet,NA,Yes,11 or 12 years old,0 days,Did not smoke cigarettes,NA
187316,1995,Rarely wore a helmet,NA,Yes,13 or 14 years old,10 to 19 days,Less than 1 cigarette,NA
114379,1993,Never wore a helmet,NA,No,Never smoked a cigarette,0 days,Did not smoke cigarettes,NA
34636,1991,Never wore a helmet,NA,No,Never smoked a cigarette,0 days,Did not smoke cigarettes,NA
934164,2009,Rarely wore a helmet,NA,No,Never smoked a cigarette,0 days,Did not smoke cigarettes,TRUE
1107158,2011,Did not ride a bicycle,NA,Yes,Never smoked a cigarette,0 days,Did not smoke cigarettes,FALSE
773712,2007,Did not ride a bicycle,NA,Yes,15 or 16 years old,All 30 days,6 to 10 cigarettes,NA
640625,2005,Never wore a helmet,NA,No,Never smoked a cigarette,0 days,Did not smoke cigarettes,NA
928464,2009,Did not ride a bicycle,NA,No,Never smoked a cigarette,0 days,Did not smoke cigarettes,FALSE
511568,2003,Sometimes wore a helmet,NA,No,Never smoked a cigarette,0 days,Did not smoke cigarettes,NA
256923,1997,Did not ride a bicycle,NA,Yes,15 or 16 years old,NA,NA,NA
629444,2005,Did not ride a bicycle,NA,No,Never smoked a cigarette,0 days,Did not smoke cigarettes,NA
37368,1991,Did not ride a bicycle,NA,Yes,11 or 12 years old,0 days,Did not smoke cigarettes,NA
765089,2007,Never wore a helmet,NA,No,Never smoked a cigarette,0 days,Did not smoke cigarettes,NA
509500,2003,Did not ride a bicycle,NA,Yes,Never smoked a cigarette,0 days,Did not smoke cigarettes,NA
1097054,2011,Never wore a helmet,NA,Yes,15 or 16 years old,1 or 2 days,2 to 5 cigarettes,FALSE
401560,2001,Never wore a helmet,NA,Yes,Never smoked a cigarette,0 days,Did not smoke cigarettes,NA
40408,1991,Never wore a helmet,NA,No,Never smoked a cigarette,0 days,Did not smoke cigarettes,NA
770485,2007,Rarely wore a helmet,NA,No,Never smoked a cigarette,0 days,Did not smoke cigarettes,NA
330019,1999,Sometimes wore a helmet,NA,No,Never smoked a cigarette,0 days,Did not smoke cigarettes,NA
512503,2003,Never wore a helmet,NA,No,Never smoked a cigarette,0 days,Did not smoke cigarettes,NA
184797,1995,Did not ride a bicycle,NA,Yes,13 or 14 years old,0 days,Did not smoke cigarettes,NA
182862,1995,Did not ride a bicycle,NA,No,Never smoked a cigarette,0 days,Did not smoke cigarettes,NA
933724,2009,Did not ride a bicycle,NA,Yes,13 or 14 years old,0 days,Did not smoke cigarettes,TRUE
31230,1991,Sometimes wore a helmet,NA,No,Never smoked a cigarette,0 days,Did not smoke cigarettes,NA
34922,1991,Rarely wore a helmet,NA,Yes,13 or 14 years old,0 days,Did not smoke cigarettes,NA
401584,2001,Never wore a helmet,NA,Yes,13 or 14 years old,All 30 days,11 to 20 cigarettes,NA
181771,1995,Never wore a helmet,NA,No,Never smoked a cigarette,0 days,Did not smoke cigarettes,NA
257626,1997,Always wore a helmet,NA,Yes,13 or 14 years old,NA,NA,NA
642048,2005,Never wore a helmet,NA,Yes,17 years old or older,1 or 2 days,Less than 1 cigarette,NA
39223,1991,Most of the time wore a helmet,NA,No,Never smoked a cigarette,0 days,Did not smoke cigarettes,NA
1108908,2011,Did not ride a bicycle,NA,Yes,Never smoked a cigarette,0 days,Did not smoke cigarettes,FALSE
109532,1993,Never wore a helmet,NA,No,Never smoked a cigarette,0 days,Did not smoke cigarettes,NA
635426,2005,Rarely wore a helmet,NA,Yes,NA,0 days,Did not smoke cigarettes,NA
186528,1995,Never wore a helmet,NA,Yes,Never smoked a cigarette,0 days,Did not smoke cigarettes,NA
500811,2003,Never wore a helmet,NA,No,Never smoked a cigarette,0 days,Did not smoke cigarettes,NA
33723,1991,Never wore a helmet,NA,No,Never smoked a cigarette,0 days,Did not smoke cigarettes,NA
508070,2003,Never wore a helmet,NA,No,Never smoked a cigarette,0 days,Did not smoke cigarettes,NA
938390,2009,Did not ride a bicycle,NA,No,Never smoked a cigarette,0 days,Did not smoke cigarettes,NA
925591,2009,Did not ride a bicycle,NA,No,Never smoked a cigarette,0 days,Did not smoke cigarettes,FALSE
405222,2001,Never wore a helmet,NA,Yes,13 or 14 years old,All 30 days,2 to 5 cigarettes,NA
256380,1997,Never wore a helmet,NA,Yes,13 or 14 years old,All 30 days,2 to 5 cigarettes,NA
406649,2001,Never wore a helmet,NA,No,Never smoked a cigarette,0 days,Did not smoke cigarettes,NA
513217,2003,Never wore a helmet,NA,No,Never smoked a cigarette,0 days,Did not smoke cigarettes,NA
326216,1999,Never wore a helmet,NA,Yes,9 or 10 years old,3 to 5 days,1 cigarette,NA
1096995,2011,Did not ride a bicycle,NA,Yes,NA,0 days,Did not smoke cigarettes,TRUE
403840,2001,Did not ride a bicycle,NA,No,Never smoked a cigarette,0 days,Did not smoke cigarettes,NA
1097007,2011,NA,NA,NA,Never smoked a cigarette,NA,NA,FALSE
937552,2009,Never wore a helmet,NA,Yes,8 years old or younger,0 days,Did not smoke cigarettes,FALSE
182459,1995,Did not ride a bicycle,NA,No,Never smoked a cigarette,0 days,Did not smoke cigarettes,NA
512691,2003,Rarely wore a helmet,NA,Yes,11 or 12 years old,3 to 5 days,2 to 5 cigarettes,NA
188265,1995,Never wore a helmet,NA,No,Never smoked a cigarette,0 days,Did not smoke cigarettes,NA
331623,1999,Never wore a helmet,NA,Yes,11 or 12 years old,0 days,Did not smoke cigarettes,NA
932975,2009,Rarely wore a helmet,NA,NA,Never smoked a cigarette,0 days,Did not smoke cigarettes,TRUE
1310669,2013,Rarely wore a helmet,NA,No,Never smoked a cigarette,0 days,Did not smoke cigarettes,TRUE
39155,1991,Did not ride a bicycle,NA,Yes,13 or 14 years old,0 days,Did not smoke cigarettes,NA
772212,2007,Never wore a helmet,NA,Yes,13 or 14 years old,3 to 5 days,1 cigarette,NA
327530,1999,Never wore a helmet,NA,No,Never smoked a cigarette,0 days,Did not smoke cigarettes,NA
262046,1997,Rarely wore a helmet,NA,Yes,NA,NA,NA,NA
117863,1993,Did not ride a bicycle,NA,Yes,11 or 12 years old,0 days,Did not smoke cigarettes,NA
400984,2001,Did not ride a bicycle,NA,No,Never smoked a cigarette,0 days,Did not smoke cigarettes,NA
931907,2009,Did not ride a bicycle,NA,Yes,13 or 14 years old,1 or 2 days,Less than 1 cigarette,FALSE
631297,2005,Never wore a helmet,NA,Yes,11 or 12 years old,All 30 days,2 to 5 cigarettes,NA
504741,2003,Never wore a helmet,NA,Yes,13 or 14 years old,1 or 2 days,2 to 5 cigarettes,NA
257529,1997,Sometimes wore a helmet,NA,No,Never smoked a cigarette,0 days,Did not smoke cigarettes,NA
409031,2001,Never wore a helmet,NA,Yes,15 or 16 years old,0 days,Did not smoke cigarettes,NA
257651,1997,Rarely wore a helmet,NA,Yes,13 or 14 years old,0 days,Did not smoke cigarettes,NA
407875,2001,Did not ride a bicycle,NA,No,Never smoked a cigarette,0 days,Did not smoke cigarettes,NA
401436,2001,Never wore a helmet,NA,No,Never smoked a cigarette,0 days,Did not smoke cigarettes,NA
38676,1991,Never wore a helmet,NA,Yes,Never smoked a cigarette,0 days,Did not smoke cigarettes,NA
324100,1999,Did not ride a bicycle,NA,Yes,13 or 14 years old,20 to 29 days,2 to 5 cigarettes,NA
397012,2001,Did not ride a bicycle,NA,Yes,9 or 10 years old,0 days,Did not smoke cigarettes,NA
636383,2005,Did not ride a bicycle,NA,No,Never smoked a cigarette,0 days,Did not smoke cigarettes,NA
326315,1999,Never wore a helmet,NA,Yes,11 or 12 years old,All 30 days,6 to 10 cigarettes,NA
1316486,2013,Did not ride a bicycle,All 30 days,Yes,17 years old or older,10 to 19 days,2 to 5 cigarettes,FALSE
928301,2009,Did not ride a bicycle,NA,Yes,Never smoked a cigarette,0 days,Did not smoke cigarettes,TRUE
1313579,2013,Did not ride a bicycle,All 30 days,No,Never smoked a cigarette,0 days,Did not smoke cigarettes,FALSE
330345,1999,Did not ride a bicycle,NA,Yes,Never smoked a cigarette,0 days,Did not smoke cigarettes,NA
400792,2001,Did not ride a bicycle,NA,No,Never smoked a cigarette,0 days,Did not smoke cigarettes,NA
331126,1999,Sometimes wore a helmet,NA,No,Never smoked a cigarette,0 days,Did not smoke cigarettes,NA
331581,1999,Did not ride a bicycle,NA,Yes,13 or 14 years old,6 to 9 days,2 to 5 cigarettes,NA
636163,2005,Did not ride a bicycle,NA,No,Never smoked a cigarette,0 days,Did not smoke cigarettes,NA
770745,2007,NA,NA,No,Never smoked a cigarette,0 days,Did not smoke cigarettes,NA
34296,1991,Did not ride a bicycle,NA,Yes,15 or 16 years old,0 days,Did not smoke cigarettes,NA
766451,2007,Did not ride a bicycle,NA,Yes,NA,0 days,Did not smoke cigarettes,NA
407762,2001,Did not ride a bicycle,NA,No,Never smoked a cigarette,0 days,Did not smoke cigarettes,NA
266533,1997,Did not ride a bicycle,NA,No,Never smoked a cigarette,0 days,Did not smoke cigarettes,NA
324164,1999,Never wore a helmet,NA,Yes,13 or 14 years old,0 days,Did not smoke cigarettes,NA
397686,2001,Did not ride a bicycle,NA,Yes,13 or 14 years old,0 days,Did not smoke cigarettes,NA
1313810,2013,Most of the time wore a helmet,1 or 2 days,No,Never smoked a cigarette,0 days,Did not smoke cigarettes,FALSE
766356,2007,Never wore a helmet,NA,Yes,15 or 16 years old,1 or 2 days,1 cigarette,NA
1316129,2013,Did not ride a bicycle,0 days,No,Never smoked a cigarette,0 days,Did not smoke cigarettes,FALSE
927038,2009,Rarely wore a helmet,NA,No,Never smoked a cigarette,0 days,Did not smoke cigarettes,FALSE
406284,2001,Never wore a helmet,NA,No,Never smoked a cigarette,0 days,Did not smoke cigarettes,NA
186936,1995,Never wore a helmet,NA,No,Never smoked a cigarette,0 days,Did not smoke cigarettes,NA
1307114,2013,Never wore a helmet,0 days,Yes,Never smoked a cigarette,0 days,Did not smoke cigarettes,FALSE
322959,1999,Never wore a helmet,NA,Yes,Never smoked a cigarette,0 days,Did not smoke cigarettes,NA
1306594,2013,Never wore a helmet,I did not drive the past 30 days,Yes,Never smoked a cigarette,0 days,Did not smoke cigarettes,FALSE
329763,1999,Never wore a helmet,NA,No,Never smoked a cigarette,0 days,Did not smoke cigarettes,NA
1103650,2011,Did not ride a bicycle,NA,No,Never smoked a cigarette,0 days,Did not smoke cigarettes,FALSE
635257,2005,Never wore a helmet,NA,Yes,8 years old or younger,1 or 2 days,Less than 1 cigarette,NA
271217,1997,Did not ride a bicycle,NA,NA,Never smoked a cigarette,0 days,Did not smoke cigarettes,NA
500622,2003,Sometimes wore a helmet,NA,Yes,15 or 16 years old,0 days,Did not smoke cigarettes,NA
637247,2005,Did not ride a bicycle,NA,Yes,15 or 16 years old,6 to 9 days,2 to 5 cigarettes,NA
507721,2003,Did not ride a bicycle,NA,Yes,Never smoked a cigarette,0 days,Did not smoke cigarettes,NA
113468,1993,Sometimes wore a helmet,NA,Yes,15 or 16 years old,All 30 days,2 to 5 cigarettes,NA
638162,2005,Did not ride a bicycle,NA,No,Never smoked a cigarette,0 days,Did not smoke cigarettes,NA
761445,2007,Never wore a helmet,NA,Yes,11 or 12 years old,10 to 19 days,6 to 10 cigarettes,NA
261677,1997,Did not ride a bicycle,NA,Yes,13 or 14 years old,All 30 days,11 to 20 cigarettes,NA
122600,1993,Never wore a helmet,NA,NA,NA,0 days,Did not smoke cigarettes,NA
1106215,2011,NA,NA,NA,Never smoked a cigarette,0 days,Did not smoke cigarettes,FALSE
182831,1995,Did not ride a bicycle,NA,Yes,15 or 16 years old,NA,NA,NA
399538,2001,Did not ride a bicycle,NA,No,Never smoked a cigarette,0 days,Did not smoke cigarettes,NA
772614,2007,Did not ride a bicycle,NA,No,Never smoked a cigarette,0 days,Did not smoke cigarettes,NA
1308216,2013,Never wore a helmet,NA,No,Never smoked a cigarette,0 days,Did not smoke cigarettes,FALSE
499430,2003,Never wore a helmet,NA,No,Never smoked a cigarette,0 days,Did not smoke cigarettes,NA
931755,2009,Did not ride a bicycle,NA,Yes,11 or 12 years old,20 to 29 days,1 cigarette,FALSE
120392,1993,Never wore a helmet,NA,No,Never smoked a cigarette,0 days,Did not smoke cigarettes,NA
766143,2007,NA,NA,Yes,Never smoked a cigarette,0 days,Did not smoke cigarettes,NA
186519,1995,Did not ride a bicycle,NA,Yes,13 or 14 years old,All 30 days,More than 20 cigarettes,NA
409643,2001,NA,NA,Yes,11 or 12 years old,All 30 days,6 to 10 cigarettes,NA
187230,1995,Did not ride a bicycle,NA,Yes,13 or 14 years old,3 to 5 days,2 to 5 cigarettes,NA
180533,1995,Rarely wore a helmet,NA,No,Never smoked a cigarette,0 days,Did not smoke cigarettes,NA
929096,2009,Never wore a helmet,NA,Yes,15 or 16 years old,All 30 days,1 cigarette,FALSE
630017,2005,Most of the time wore a helmet,NA,No,Never smoked a cigarette,0 days,Did not smoke cigarettes,NA
120140,1993,Never wore a helmet,NA,Yes,15 or 16 years old,6 to 9 days,Less than 1 cigarette,NA
1311868,2013,Did not ride a bicycle,I did not drive the past 30 days,Yes,13 or 14 years old,0 days,Did not smoke cigarettes,FALSE
632465,2005,Rarely wore a helmet,NA,No,Never smoked a cigarette,0 days,Did not smoke cigarettes,NA
400192,2001,Did not ride a bicycle,NA,Yes,17 years old or older,0 days,Did not smoke cigarettes,NA
509272,2003,Sometimes wore a helmet,NA,No,Never smoked a cigarette,0 days,Did not smoke cigarettes,NA
185810,1995,Did not ride a bicycle,NA,No,Never smoked a cigarette,0 days,Did not smoke cigarettes,NA
1099335,2011,Never wore a helmet,NA,Yes,15 or 16 years old,1 or 2 days,Less than 1 cigarette,FALSE
631520,2005,Did not ride a bicycle,NA,No,Never smoked a cigarette,0 days,Did not smoke cigarettes,NA
42838,1991,Never wore a helmet,NA,Yes,13 or 14 years old,0 days,Did not smoke cigarettes,NA
764983,2007,Did not ride a bicycle,NA,Yes,15 or 16 years old,NA,NA,NA
638028,2005,Did not ride a bicycle,NA,Yes,15 or 16 years old,10 to 19 days,2 to 5 cigarettes,NA
766630,2007,Did not ride a bicycle,NA,No,Never smoked a cigarette,0 days,Did not smoke cigarettes,NA
189218,1995,Never wore a helmet,NA,No,Never smoked a cigarette,0 days,Did not smoke cigarettes,NA
926973,2009,Did not ride a bicycle,NA,No,Never smoked a cigarette,0 days,Did not smoke cigarettes,FALSE
184143,1995,Never wore a helmet,NA,Yes,13 or 14 years old,All 30 days,6 to 10 cigarettes,NA
639448,2005,Never wore a helmet,NA,No,Never smoked a cigarette,0 days,Did not smoke cigarettes,NA
113291,1993,Never wore a helmet,NA,Yes,15 or 16 years old,All 30 days,6 to 10 cigarettes,NA
1104394,2011,NA,NA,NA,Never smoked a cigarette,1 or 2 days,Less than 1 cigarette,NA
121920,1993,Did not ride a bicycle,NA,Yes,11 or 12 years old,All 30 days,11 to 20 cigarettes,NA
116291,1993,Always wore a helmet,NA,Yes,13 or 14 years old,3 to 5 days,Less than 1 cigarette,NA
117956,1993,Did not ride a bicycle,NA,Yes,11 or 12 years old,All 30 days,11 to 20 cigarettes,NA
1309314,2013,Rarely wore a helmet,All 30 days,Yes,13 or 14 years old,All 30 days,6 to 10 cigarettes,FALSE
38911,1991,Never wore a helmet,NA,NA,NA,0 days,Did not smoke cigarettes,NA
37306,1991,Never wore a helmet,NA,Yes,13 or 14 years old,0 days,Did not smoke cigarettes,NA
772045,2007,Did not ride a bicycle,NA,No,Never smoked a cigarette,0 days,Did not smoke cigarettes,NA
768275,2007,Never wore a helmet,NA,No,Never smoked a cigarette,0 days,Did not smoke cigarettes,NA
635867,2005,Did not ride a bicycle,NA,No,Never smoked a cigarette,0 days,Did not smoke cigarettes,NA
924762,2009,Did not ride a bicycle,NA,No,Never smoked a cigarette,0 days,Did not smoke cigarettes,FALSE
1307444,2013,Never wore a helmet,I did not drive the past 30 days,No,Never smoked a cigarette,0 days,Did not smoke cigarettes,FALSE
766344,2007,Sometimes wore a helmet,NA,No,Never smoked a cigarette,0 days,Did not smoke cigarettes,NA
255750,1997,Did not ride a bicycle,NA,Yes,Never smoked a cigarette,0 days,Did not smoke cigarettes,NA
928604,2009,Always wore a helmet,NA,No,Never smoked a cigarette,0 days,Did not smoke cigarettes,FALSE
636196,2005,Did not ride a bicycle,NA,No,Never smoked a cigarette,0 days,Did not smoke cigarettes,NA
270664,1997,Did not ride a bicycle,NA,Yes,15 or 16 years old,All 30 days,6 to 10 cigarettes,NA
930435,2009,Always wore a helmet,NA,No,Never smoked a cigarette,0 days,Did not smoke cigarettes,FALSE
400645,2001,Rarely wore a helmet,NA,Yes,13 or 14 years old,All 30 days,6 to 10 cigarettes,NA
189075,1995,Never wore a helmet,NA,Yes,15 or 16 years old,0 days,Did not smoke cigarettes,NA
1303640,2013,Never wore a helmet,I did not drive the past 30 days,Yes,Never smoked a cigarette,1 or 2 days,Less than 1 cigarette,FALSE
1102234,2011,Never wore a helmet,NA,Yes,8 years old or younger,NA,NA,TRUE
1097708,2011,Did not ride a bicycle,NA,Yes,11 or 12 years old,3 to 5 days,2 to 5 cigarettes,TRUE
106909,1993,NA,NA,No,Never smoked a cigarette,0 days,Did not smoke cigarettes,NA
189695,1995,Sometimes wore a helmet,NA,No,Never smoked a cigarette,0 days,Did not smoke cigarettes,NA
1096157,2011,Rarely wore a helmet,NA,No,Never smoked a cigarette,0 days,Did not smoke cigarettes,FALSE
1098428,2011,Never wore a helmet,NA,NA,Never smoked a cigarette,0 days,NA,FALSE
111657,1993,Never wore a helmet,NA,Yes,Never smoked a cigarette,0 days,Did not smoke cigarettes,NA
188149,1995,Did not ride a bicycle,NA,Yes,15 or 16 years old,1 or 2 days,Less than 1 cigarette,NA
925513,2009,Rarely wore a helmet,NA,No,Never smoked a cigarette,0 days,Did not smoke cigarettes,FALSE
189445,1995,Did not ride a bicycle,NA,No,Never smoked a cigarette,0 days,Did not smoke cigarettes,NA
634422,2005,Never wore a helmet,NA,NA,Never smoked a cigarette,0 days,NA,NA
927570,2009,Never wore a helmet,NA,Yes,15 or 16 years old,0 days,Did not smoke cigarettes,FALSE
923779,2009,Rarely wore a helmet,NA,No,Never smoked a cigarette,0 days,Did not smoke cigarettes,FALSE
507843,2003,Never wore a helmet,NA,No,Never smoked a cigarette,0 days,Did not smoke cigarettes,NA
632728,2005,Never wore a helmet,NA,Yes,15 or 16 years old,NA,NA,NA
935495,2009,Did not ride a bicycle,NA,No,Never smoked a cigarette,0 days,Did not smoke cigarettes,FALSE
327653,1999,Never wore a helmet,NA,Yes,NA,0 days,Did not smoke cigarettes,NA
768599,2007,Never wore a helmet,NA,Yes,Never smoked a cigarette,0 days,Did not smoke cigarettes,NA
257883,1997,Rarely wore a helmet,NA,Yes,NA,NA,Less than 1 cigarette,NA
513873,2003,Did not ride a bicycle,NA,Yes,17 years old or older,All 30 days,6 to 10 cigarettes,NA
767633,2007,Never wore a helmet,NA,Yes,Never smoked a cigarette,0 days,Did not smoke cigarettes,NA
407388,2001,Did not ride a bicycle,NA,Yes,Never smoked a cigarette,0 days,Did not smoke cigarettes,NA
1109086,2011,Never wore a helmet,NA,No,Never smoked a cigarette,0 days,Did not smoke cigarettes,FALSE
122286,1993,Never wore a helmet,NA,Yes,15 or 16 years old,0 days,Did not smoke cigarettes,NA
636555,2005,Sometimes wore a helmet,NA,Yes,11 or 12 years old,20 to 29 days,2 to 5 cigarettes,NA
770314,2007,Did not ride a bicycle,NA,Yes,13 or 14 years old,0 days,Did not smoke cigarettes,NA
502889,2003,Did not ride a bicycle,NA,No,Never smoked a cigarette,0 days,Did not smoke cigarettes,NA
325554,1999,Did not ride a bicycle,NA,No,Never smoked a cigarette,0 days,Did not smoke cigarettes,NA
765222,2007,Never wore a helmet,NA,NA,NA,0 days,Did not smoke cigarettes,NA
507947,2003,Did not ride a bicycle,NA,No,Never smoked a cigarette,0 days,Did not smoke cigarettes,NA
773387,2007,Always wore a helmet,NA,Yes,9 or 10 years old,0 days,Did not smoke cigarettes,NA
113590,1993,Never wore a helmet,NA,Yes,17 years old or older,1 or 2 days,Less than 1 cigarette,NA
183992,1995,Never wore a helmet,NA,No,Never smoked a cigarette,0 days,Did not smoke cigarettes,NA
270636,1997,Never wore a helmet,NA,Yes,13 or 14 years old,10 to 19 days,1 cigarette,NA
936517,2009,Never wore a helmet,NA,Yes,11 or 12 years old,All 30 days,11 to 20 cigarettes,TRUE
1096154,2011,Did not ride a bicycle,NA,No,Never smoked a cigarette,0 days,Did not smoke cigarettes,FALSE
635246,2005,Never wore a helmet,NA,Yes,Never smoked a cigarette,0 days,Did not smoke cigarettes,NA
255925,1997,Most of the time wore a helmet,NA,Yes,13 or 14 years old,1 or 2 days,Less than 1 cigarette,NA
405685,2001,Did not ride a bicycle,NA,Yes,11 or 12 years old,0 days,Did not smoke cigarettes,NA
180896,1995,Never wore a helmet,NA,Yes,Never smoked a cigarette,0 days,Did not smoke cigarettes,NA
932543,2009,Always wore a helmet,NA,Yes,13 or 14 years old,0 days,Did not smoke cigarettes,FALSE
1309108,2013,Never wore a helmet,20 to 29 days,Yes,15 or 16 years old,0 days,Did not smoke cigarettes,FALSE
182866,1995,NA,NA,Yes,15 or 16 years old,0 days,Did not smoke cigarettes,NA
641590,2005,Did not ride a bicycle,NA,No,Never smoked a cigarette,0 days,Did not smoke cigarettes,NA
37725,1991,Did not ride a bicycle,NA,No,Never smoked a cigarette,0 days,Did not smoke cigarettes,NA
927018,2009,Did not ride a bicycle,NA,Yes,13 or 14 years old,0 days,Did not smoke cigarettes,FALSE
931291,2009,Never wore a helmet,NA,No,Never smoked a cigarette,0 days,NA,FALSE
1095247,2011,Most of the time wore a helmet,NA,Yes,13 or 14 years old,NA,NA,TRUE
180458,1995,Never wore a helmet,NA,No,Never smoked a cigarette,0 days,Did not smoke cigarettes,NA
267809,1997,Never wore a helmet,NA,Yes,13 or 14 years old,0 days,Did not smoke cigarettes,NA
1308915,2013,Never wore a helmet,20 to 29 days,No,Never smoked a cigarette,0 days,Did not smoke cigarettes,FALSE
636022,2005,Never wore a helmet,NA,No,Never smoked a cigarette,0 days,Did not smoke cigarettes,NA
183065,1995,Rarely wore a helmet,NA,No,Never smoked a cigarette,0 days,Did not smoke cigarettes,NA
634909,2005,Never wore a helmet,NA,Yes,13 or 14 years old,All 30 days,2 to 5 cigarettes,NA
1306009,2013,Never wore a helmet,0 days,Yes,13 or 14 years old,NA,NA,FALSE
938575,2009,Always wore a helmet,NA,No,Never smoked a cigarette,0 days,Did not smoke cigarettes,FALSE
259283,1997,Never wore a helmet,NA,Yes,NA,NA,Less than 1 cigarette,NA
404206,2001,Most of the time wore a helmet,NA,Yes,13 or 14 years old,NA,NA,NA
185625,1995,Did not ride a bicycle,NA,No,Never smoked a cigarette,0 days,Did not smoke cigarettes,NA
1103204,2011,Most of the time wore a helmet,NA,No,Never smoked a cigarette,0 days,Did not smoke cigarettes,FALSE
106932,1993,NA,NA,No,Never smoked a cigarette,0 days,Did not smoke cigarettes,NA
933118,2009,Never wore a helmet,NA,Yes,Never smoked a cigarette,1 or 2 days,Less than 1 cigarette,TRUE
1107542,2011,Never wore a helmet,NA,Yes,Never smoked a cigarette,0 days,Did not smoke cigarettes,FALSE
265552,1997,Did not ride a bicycle,NA,Yes,9 or 10 years old,0 days,Did not smoke cigarettes,NA
1315699,2013,Did not ride a bicycle,20 to 29 days,Yes,13 or 14 years old,0 days,Did not smoke cigarettes,FALSE
409110,2001,Never wore a helmet,NA,Yes,11 or 12 years old,1 or 2 days,Less than 1 cigarette,NA
628869,2005,Never wore a helmet,NA,No,Never smoked a cigarette,0 days,Did not smoke cigarettes,NA
768555,2007,Never wore a helmet,NA,Yes,8 years old or younger,0 days,Did not smoke cigarettes,NA
258196,1997,Did not ride a bicycle,NA,Yes,11 or 12 years old,All 30 days,11 to 20 cigarettes,NA
636127,2005,Did not ride a bicycle,NA,Yes,Never smoked a cigarette,0 days,Did not smoke cigarettes,NA
1310665,2013,Never wore a helmet,0 days,Yes,8 years old or younger,NA,NA,FALSE
1104260,2011,Did not ride a bicycle,NA,Yes,Never smoked a cigarette,0 days,Did not smoke cigarettes,TRUE
405096,2001,Always wore a helmet,NA,No,Never smoked a cigarette,0 days,Did not smoke cigarettes,NA
121047,1993,Did not ride a bicycle,NA,Yes,15 or 16 years old,0 days,Did not smoke cigarettes,NA
185958,1995,Did not ride a bicycle,NA,Yes,Never smoked a cigarette,0 days,Did not smoke cigarettes,NA
631079,2005,Never wore a helmet,NA,NA,NA,NA,More than 20 cigarettes,NA
1309641,2013,Always wore a helmet,0 days,No,Never smoked a cigarette,0 days,Did not smoke cigarettes,FALSE
1307408,2013,Never wore a helmet,0 days,Yes,15 or 16 years old,6 to 9 days,2 to 5 cigarettes,FALSE
35551,1991,Did not ride a bicycle,NA,No,Never smoked a cigarette,0 days,Did not smoke cigarettes,NA
408022,2001,Rarely wore a helmet,NA,Yes,13 or 14 years old,0 days,Did not smoke cigarettes,NA
632134,2005,Never wore a helmet,NA,No,Never smoked a cigarette,0 days,Did not smoke cigarettes,NA
189130,1995,Never wore a helmet,NA,No,Never smoked a cigarette,0 days,Did not smoke cigarettes,NA
323923,1999,Sometimes wore a helmet,NA,No,Never smoked a cigarette,0 days,Did not smoke cigarettes,NA
180976,1995,Never wore a helmet,NA,Yes,8 years old or younger,0 days,Did not smoke cigarettes,NA
184926,1995,Never wore a helmet,NA,No,Never smoked a cigarette,0 days,Did not smoke cigarettes,NA
924211,2009,Always wore a helmet,NA,Yes,9 or 10 years old,6 to 9 days,Less than 1 cigarette,FALSE
508846,2003,Never wore a helmet,NA,No,Never smoked a cigarette,0 days,Did not smoke cigarettes,NA
1095223,2011,Did not ride a bicycle,NA,NA,NA,0 days,Did not smoke cigarettes,FALSE
1315249,2013,Did not ride a bicycle,I did not drive the past 30 days,No,Never smoked a cigarette,0 days,Did not smoke cigarettes,FALSE
117733,1993,Never wore a helmet,NA,Yes,13 or 14 years old,All 30 days,2 to 5 cigarettes,NA
329949,1999,Always wore a helmet,NA,No,Never smoked a cigarette,0 days,Did not smoke cigarettes,NA
511935,2003,Never wore a helmet,NA,No,Never smoked a cigarette,0 days,Did not smoke cigarettes,NA
768263,2007,NA,NA,No,Never smoked a cigarette,0 days,Did not smoke cigarettes,NA
765392,2007,Did not ride a bicycle,NA,Yes,13 or 14 years old,3 to 5 days,Less than 1 cigarette,NA
119873,1993,Never wore a helmet,NA,Yes,13 or 14 years old,0 days,Did not smoke cigarettes,NA
120261,1993,Did not ride a bicycle,NA,No,Never smoked a cigarette,0 days,Did not smoke cigarettes,NA
120010,1993,Did not ride a bicycle,NA,No,Never smoked a cigarette,0 days,Did not smoke cigarettes,NA
116402,1993,Never wore a helmet,NA,Yes,Never smoked a cigarette,0 days,Did not smoke cigarettes,NA
1305007,2013,Never wore a helmet,0 days,NA,NA,NA,NA,FALSE
321661,1999,Never wore a helmet,NA,No,Never smoked a cigarette,0 days,Did not smoke cigarettes,NA
399764,2001,Rarely wore a helmet,NA,Yes,Never smoked a cigarette,0 days,Did not smoke cigarettes,NA
769292,2007,Always wore a helmet,NA,No,Never smoked a cigarette,0 days,Did not smoke cigarettes,NA
1101037,2011,Never wore a helmet,NA,Yes,Never smoked a cigarette,0 days,Did not smoke cigarettes,FALSE
927374,2009,Never wore a helmet,NA,No,Never smoked a cigarette,0 days,Did not smoke cigarettes,FALSE
1106941,2011,Never wore a helmet,NA,No,Never smoked a cigarette,0 days,Did not smoke cigarettes,FALSE
183817,1995,Never wore a helmet,NA,Yes,9 or 10 years old,0 days,Did not smoke cigarettes,NA
31476,1991,Did not ride a bicycle,NA,Yes,11 or 12 years old,0 days,Did not smoke cigarettes,NA
1094878,2011,Never wore a helmet,NA,Yes,9 or 10 years old,NA,Less than 1 cigarette,FALSE
922421,2009,Rarely wore a helmet,NA,No,Never smoked a cigarette,0 days,Did not smoke cigarettes,TRUE
117677,1993,Never wore a helmet,NA,Yes,15 or 16 years old,10 to 19 days,2 to 5 cigarettes,NA
1102119,2011,Did not ride a bicycle,NA,No,Never smoked a cigarette,0 days,Did not smoke cigarettes,FALSE
110824,1993,Did not ride a bicycle,NA,Yes,13 or 14 years old,1 or 2 days,Less than 1 cigarette,NA
628877,2005,Rarely wore a helmet,NA,Yes,13 or 14 years old,1 or 2 days,1 cigarette,NA
764915,2007,Never wore a helmet,NA,No,Never smoked a cigarette,0 days,Did not smoke cigarettes,NA
265835,1997,Did not ride a bicycle,NA,NA,Never smoked a cigarette,0 days,Did not smoke cigarettes,NA
111001,1993,Did not ride a bicycle,NA,No,Never smoked a cigarette,0 days,Did not smoke cigarettes,NA
37379,1991,Did not ride a bicycle,NA,Yes,Never smoked a cigarette,0 days,Did not smoke cigarettes,NA
36711,1991,Never wore a helmet,NA,No,Never smoked a cigarette,0 days,Did not smoke cigarettes,NA
261145,1997,Never wore a helmet,NA,No,Never smoked a cigarette,0 days,Did not smoke cigarettes,NA
39568,1991,Never wore a helmet,NA,Yes,13 or 14 years old,0 days,Did not smoke cigarettes,NA
109821,1993,NA,NA,Yes,13 or 14 years old,6 to 9 days,2 to 5 cigarettes,NA
405127,2001,Never wore a helmet,NA,No,Never smoked a cigarette,0 days,Did not smoke cigarettes,NA
1102638,2011,Always wore a helmet,NA,No,Never smoked a cigarette,0 days,Did not smoke cigarettes,TRUE
508532,2003,Most of the time wore a helmet,NA,No,Never smoked a cigarette,0 days,Did not smoke cigarettes,NA
630730,2005,Never wore a helmet,NA,Yes,13 or 14 years old,1 or 2 days,Less than 1 cigarette,NA
268504,1997,Never wore a helmet,NA,Yes,11 or 12 years old,NA,NA,NA
189532,1995,Did not ride a bicycle,NA,Yes,11 or 12 years old,All 30 days,11 to 20 cigarettes,NA
1309739,2013,Never wore a helmet,All 30 days,Yes,15 or 16 years old,6 to 9 days,2 to 5 cigarettes,FALSE
503257,2003,Most of the time wore a helmet,NA,Yes,11 or 12 years old,0 days,Did not smoke cigarettes,NA
513904,2003,Never wore a helmet,NA,No,Never smoked a cigarette,0 days,Did not smoke cigarettes,NA
333679,1999,Did not ride a bicycle,NA,No,Never smoked a cigarette,0 days,Did not smoke cigarettes,NA
331205,1999,Sometimes wore a helmet,NA,Yes,Never smoked a cigarette,0 days,Did not smoke cigarettes,NA
1103571,2011,Did not ride a bicycle,NA,No,Never smoked a cigarette,0 days,Did not smoke cigarettes,TRUE
112548,1993,Never wore a helmet,NA,Yes,8 years old or younger,0 days,Did not smoke cigarettes,NA
507834,2003,Did not ride a bicycle,NA,Yes,11 or 12 years old,All 30 days,11 to 20 cigarettes,NA
256195,1997,Did not ride a bicycle,NA,No,Never smoked a cigarette,0 days,Did not smoke cigarettes,NA
636299,2005,Did not ride a bicycle,NA,Yes,8 years old or younger,All 30 days,11 to 20 cigarettes,NA
927265,2009,Never wore a helmet,NA,No,Never smoked a cigarette,0 days,Did not smoke cigarettes,FALSE
323829,1999,Never wore a helmet,NA,No,Never smoked a cigarette,0 days,Did not smoke cigarettes,NA
187360,1995,Never wore a helmet,NA,Yes,13 or 14 years old,NA,NA,NA
773042,2007,Rarely wore a helmet,NA,No,Never smoked a cigarette,0 days,Did not smoke cigarettes,NA
511592,2003,Never wore a helmet,NA,Yes,Never smoked a cigarette,0 days,Did not smoke cigarettes,NA
189246,1995,Did not ride a bicycle,NA,Yes,17 years old or older,1 or 2 days,Less than 1 cigarette,NA
115265,1993,Never wore a helmet,NA,Yes,11 or 12 years old,3 to 5 days,2 to 5 cigarettes,NA
762409,2007,Did not ride a bicycle,NA,No,Never smoked a cigarette,0 days,Did not smoke cigarettes,NA
186858,1995,Never wore a helmet,NA,Yes,13 or 14 years old,10 to 19 days,2 to 5 cigarettes,NA
1305125,2013,Never wore a helmet,0 days,No,Never smoked a cigarette,0 days,Did not smoke cigarettes,FALSE
1106083,2011,Did not ride a bicycle,NA,Yes,11 or 12 years old,0 days,Did not smoke cigarettes,FALSE
111806,1993,Did not ride a bicycle,NA,NA,NA,NA,NA,NA
934381,2009,Most of the time wore a helmet,NA,No,Never smoked a cigarette,0 days,Did not smoke cigarettes,FALSE
33088,1991,Never wore a helmet,NA,No,Never smoked a cigarette,0 days,Did not smoke cigarettes,NA
119977,1993,Did not ride a bicycle,NA,Yes,17 years old or older,1 or 2 days,1 cigarette,NA
935554,2009,Did not ride a bicycle,NA,Yes,13 or 14 years old,1 or 2 days,Less than 1 cigarette,TRUE
396171,2001,Always wore a helmet,NA,No,Never smoked a cigarette,0 days,Did not smoke cigarettes,NA
500651,2003,Rarely wore a helmet,NA,Yes,NA,0 days,Did not smoke cigarettes,NA
924490,2009,NA,NA,Yes,13 or 14 years old,0 days,Did not smoke cigarettes,NA
1097659,2011,Did not ride a bicycle,NA,No,Never smoked a cigarette,0 days,Did not smoke cigarettes,FALSE
256374,1997,Rarely wore a helmet,NA,No,Never smoked a cigarette,0 days,Did not smoke cigarettes,NA
630810,2005,Never wore a helmet,NA,No,Never smoked a cigarette,0 days,Did not smoke cigarettes,NA
1103725,2011,Never wore a helmet,NA,No,Never smoked a cigarette,0 days,Did not smoke cigarettes,TRUE
1109856,2011,Never wore a helmet,NA,Yes,Never smoked a cigarette,0 days,Did not smoke cigarettes,TRUE
262791,1997,Rarely wore a helmet,NA,No,Never smoked a cigarette,NA,NA,NA
39139,1991,Never wore a helmet,NA,No,Never smoked a cigarette,0 days,Did not smoke cigarettes,NA
268647,1997,Rarely wore a helmet,NA,Yes,11 or 12 years old,NA,NA,NA
33830,1991,NA,NA,NA,NA,NA,NA,NA
636409,2005,Never wore a helmet,NA,Yes,13 or 14 years old,20 to 29 days,2 to 5 cigarettes,NA
110546,1993,Rarely wore a helmet,NA,No,NA,NA,NA,NA
323874,1999,Never wore a helmet,NA,No,Never smoked a cigarette,0 days,Did not smoke cigarettes,NA
120041,1993,Did not ride a bicycle,NA,Yes,9 or 10 years old,0 days,Did not smoke cigarettes,NA
322546,1999,Never wore a helmet,NA,No,Never smoked a cigarette,0 days,Did not smoke cigarettes,NA
1308633,2013,Never wore a helmet,0 days,No,Never smoked a cigarette,0 days,Did not smoke cigarettes,FALSE
935550,2009,Did not ride a bicycle,NA,Yes,9 or 10 years old,3 to 5 days,6 to 10 cigarettes,TRUE
511235,2003,NA,NA,No,Never smoked a cigarette,0 days,Did not smoke cigarettes,NA
922591,2009,Did not ride a bicycle,NA,Yes,11 or 12 years old,3 to 5 days,Less than 1 cigarette,FALSE
261151,1997,Never wore a helmet,NA,NA,NA,0 days,Did not smoke cigarettes,NA
121635,1993,Never wore a helmet,NA,No,Never smoked a cigarette,0 days,Did not smoke cigarettes,NA
396866,2001,Never wore a helmet,NA,Yes,9 or 10 years old,20 to 29 days,6 to 10 cigarettes,NA
396301,2001,Never wore a helmet,NA,Yes,8 years old or younger,0 days,Did not smoke cigarettes,NA
635581,2005,Did not ride a bicycle,NA,No,Never smoked a cigarette,0 days,Did not smoke cigarettes,NA
116060,1993,NA,NA,No,Never smoked a cigarette,0 days,Did not smoke cigarettes,NA
500364,2003,Did not ride a bicycle,NA,No,Never smoked a cigarette,0 days,Did not smoke cigarettes,NA
761364,2007,Never wore a helmet,NA,Yes,13 or 14 years old,1 or 2 days,Less than 1 cigarette,NA
929210,2009,Never wore a helmet,NA,No,Never smoked a cigarette,0 days,Did not smoke cigarettes,FALSE
937751,2009,Never wore a helmet,NA,No,Never smoked a cigarette,0 days,Did not smoke cigarettes,FALSE
35310,1991,Did not ride a bicycle,NA,Yes,11 or 12 years old,1 or 2 days,Less than 1 cigarette,NA
321732,1999,Never wore a helmet,NA,Yes,NA,0 days,Did not smoke cigarettes,NA
185624,1995,Never wore a helmet,NA,Yes,15 or 16 years old,3 to 5 days,Less than 1 cigarette,NA
513346,2003,Never wore a helmet,NA,Yes,11 or 12 years old,0 days,Did not smoke cigarettes,NA
258281,1997,Never wore a helmet,NA,No,Never smoked a cigarette,0 days,Did not smoke cigarettes,NA
635729,2005,Most of the time wore a helmet,NA,No,Never smoked a cigarette,0 days,Did not smoke cigarettes,NA
189644,1995,Never wore a helmet,NA,No,Never smoked a cigarette,0 days,Did not smoke cigarettes,NA
119959,1993,Never wore a helmet,NA,Yes,11 or 12 years old,0 days,Did not smoke cigarettes,NA
119927,1993,Did not ride a bicycle,NA,Yes,13 or 14 years old,0 days,Did not smoke cigarettes,NA
504219,2003,Never wore a helmet,NA,No,Never smoked a cigarette,0 days,Did not smoke cigarettes,NA
335315,1999,Sometimes wore a helmet,NA,Yes,15 or 16 years old,0 days,Did not smoke cigarettes,NA
504630,2003,Did not ride a bicycle,NA,Yes,11 or 12 years old,All 30 days,11 to 20 cigarettes,NA
503703,2003,Did not ride a bicycle,NA,No,Never smoked a cigarette,0 days,Did not smoke cigarettes,NA
264841,1997,Did not ride a bicycle,NA,Yes,Never smoked a cigarette,0 days,Did not smoke cigarettes,NA
1098823,2011,Never wore a helmet,NA,Yes,13 or 14 years old,0 days,Did not smoke cigarettes,FALSE
404242,2001,Did not ride a bicycle,NA,Yes,11 or 12 years old,0 days,Did not smoke cigarettes,NA
329964,1999,Did not ride a bicycle,NA,Yes,Never smoked a cigarette,0 days,Did not smoke cigarettes,NA
41770,1991,Never wore a helmet,NA,Yes,Never smoked a cigarette,0 days,Did not smoke cigarettes,NA
1103684,2011,Did not ride a bicycle,NA,No,NA,0 days,Did not smoke cigarettes,FALSE
321452,1999,Did not ride a bicycle,NA,Yes,9 or 10 years old,All 30 days,6 to 10 cigarettes,NA
41490,1991,Did not ride a bicycle,NA,No,Never smoked a cigarette,0 days,Did not smoke cigarettes,NA
631644,2005,Always wore a helmet,NA,Yes,Never smoked a cigarette,0 days,Did not smoke cigarettes,NA
185950,1995,Did not ride a bicycle,NA,Yes,8 years old or younger,10 to 19 days,2 to 5 cigarettes,NA
774209,2007,Never wore a helmet,NA,NA,NA,NA,NA,NA
501830,2003,Never wore a helmet,NA,Yes,NA,0 days,Did not smoke cigarettes,NA
500886,2003,NA,NA,Yes,Never smoked a cigarette,0 days,Did not smoke cigarettes,NA
270709,1997,Never wore a helmet,NA,No,Never smoked a cigarette,0 days,Did not smoke cigarettes,NA
36611,1991,Never wore a helmet,NA,Yes,Never smoked a cigarette,0 days,Did not smoke cigarettes,NA
926589,2009,Never wore a helmet,NA,Yes,15 or 16 years old,3 to 5 days,1 cigarette,FALSE
499395,2003,Never wore a helmet,NA,Yes,11 or 12 years old,NA,NA,NA
503696,2003,Did not ride a bicycle,NA,Yes,8 years old or younger,All 30 days,More than 20 cigarettes,NA
185940,1995,Never wore a helmet,NA,No,Never smoked a cigarette,0 days,Did not smoke cigarettes,NA
331695,1999,Never wore a helmet,NA,Yes,8 years old or younger,0 days,Did not smoke cigarettes,NA
322228,1999,Never wore a helmet,NA,No,Never smoked a cigarette,0 days,Did not smoke cigarettes,NA
634031,2005,Did not ride a bicycle,NA,NA,9 or 10 years old,0 days,NA,NA
326524,1999,Did not ride a bicycle,NA,Yes,Never smoked a cigarette,0 days,Did not smoke cigarettes,NA
508054,2003,Did not ride a bicycle,NA,No,Never smoked a cigarette,0 days,Did not smoke cigarettes,NA
183985,1995,Did not ride a bicycle,NA,Yes,Never smoked a cigarette,0 days,Did not smoke cigarettes,NA
109600,1993,Never wore a helmet,NA,Yes,13 or 14 years old,0 days,Did not smoke cigarettes,NA
503771,2003,Rarely wore a helmet,NA,Yes,15 or 16 years old,0 days,Did not smoke cigarettes,NA
109541,1993,Never wore a helmet,NA,Yes,8 years old or younger,10 to 19 days,11 to 20 cigarettes,NA
34004,1991,Did not ride a bicycle,NA,Yes,9 or 10 years old,All 30 days,2 to 5 cigarettes,NA
120259,1993,Never wore a helmet,NA,No,Never smoked a cigarette,0 days,Did not smoke cigarettes,NA
1310344,2013,Never wore a helmet,I did not drive the past 30 days,No,Never smoked a cigarette,0 days,Did not smoke cigarettes,FALSE
264988,1997,Never wore a helmet,NA,No,Never smoked a cigarette,0 days,Did not smoke cigarettes,NA
511030,2003,Never wore a helmet,NA,NA,NA,All 30 days,NA,NA
1101934,2011,Never wore a helmet,NA,NA,17 years old or older,3 to 5 days,NA,TRUE
1311992,2013,Did not ride a bicycle,0 days,No,Never smoked a cigarette,0 days,Did not smoke cigarettes,FALSE
333829,1999,Never wore a helmet,NA,Yes,Never smoked a cigarette,0 days,Did not smoke cigarettes,NA
630243,2005,Rarely wore a helmet,NA,Yes,13 or 14 years old,0 days,Did not smoke cigarettes,NA
117701,1993,Never wore a helmet,NA,Yes,Never smoked a cigarette,0 days,Did not smoke cigarettes,NA
256494,1997,Never wore a helmet,NA,No,Never smoked a cigarette,0 days,Did not smoke cigarettes,NA
1108259,2011,NA,NA,NA,Never smoked a cigarette,0 days,Did not smoke cigarettes,TRUE
403714,2001,Most of the time wore a helmet,NA,No,Never smoked a cigarette,0 days,Did not smoke cigarettes,NA
404575,2001,Sometimes wore a helmet,NA,Yes,13 or 14 years old,0 days,Did not smoke cigarettes,NA
507922,2003,Never wore a helmet,NA,Yes,13 or 14 years old,3 to 5 days,2 to 5 cigarettes,NA
328654,1999,Did not ride a bicycle,NA,Yes,15 or 16 years old,0 days,Did not smoke cigarettes,NA
38855,1991,Never wore a helmet,NA,No,Never smoked a cigarette,0 days,Did not smoke cigarettes,NA
499390,2003,Did not ride a bicycle,NA,Yes,Never smoked a cigarette,NA,NA,NA
258468,1997,Never wore a helmet,NA,Yes,8 years old or younger,20 to 29 days,2 to 5 cigarettes,NA
186941,1995,Did not ride a bicycle,NA,Yes,9 or 10 years old,1 or 2 days,Less than 1 cigarette,NA
1098543,2011,Rarely wore a helmet,NA,No,NA,0 days,Did not smoke cigarettes,FALSE
258379,1997,Did not ride a bicycle,NA,Yes,8 years old or younger,6 to 9 days,Less than 1 cigarette,NA
925246,2009,Never wore a helmet,NA,No,Never smoked a cigarette,0 days,Did not smoke cigarettes,FALSE
116283,1993,Never wore a helmet,NA,No,Never smoked a cigarette,0 days,Did not smoke cigarettes,NA
181148,1995,Never wore a helmet,NA,Yes,11 or 12 years old,1 or 2 days,Less than 1 cigarette,NA
928722,2009,Always wore a helmet,NA,No,Never smoked a cigarette,0 days,Did not smoke cigarettes,FALSE
505165,2003,Never wore a helmet,NA,Yes,15 or 16 years old,1 or 2 days,1 cigarette,NA
634648,2005,Never wore a helmet,NA,Yes,11 or 12 years old,10 to 19 days,2 to 5 cigarettes,NA
180601,1995,Did not ride a bicycle,NA,No,Never smoked a cigarette,0 days,Did not smoke cigarettes,NA
260606,1997,Did not ride a bicycle,NA,Yes,11 or 12 years old,6 to 9 days,2 to 5 cigarettes,NA
632526,2005,Did not ride a bicycle,NA,Yes,11 or 12 years old,0 days,Did not smoke cigarettes,NA
188678,1995,Did not ride a bicycle,NA,No,Never smoked a cigarette,0 days,Did not smoke cigarettes,NA
39300,1991,Did not ride a bicycle,NA,Yes,13 or 14 years old,0 days,Did not smoke cigarettes,NA
255864,1997,NA,NA,Yes,8 years old or younger,20 to 29 days,2 to 5 cigarettes,NA
112216,1993,Did not ride a bicycle,NA,No,Never smoked a cigarette,0 days,Did not smoke cigarettes,NA
503930,2003,Never wore a helmet,NA,Yes,11 or 12 years old,0 days,Did not smoke cigarettes,NA
264192,1997,Did not ride a bicycle,NA,Yes,Never smoked a cigarette,0 days,Did not smoke cigarettes,NA
511730,2003,Never wore a helmet,NA,Yes,Never smoked a cigarette,0 days,Did not smoke cigarettes,NA
262444,1997,Never wore a helmet,NA,No,Never smoked a cigarette,0 days,Did not smoke cigarettes,NA
771485,2007,NA,NA,Yes,13 or 14 years old,3 to 5 days,2 to 5 cigarettes,NA
116288,1993,Did not ride a bicycle,NA,Yes,Never smoked a cigarette,0 days,Did not smoke cigarettes,NA
1304233,2013,Never wore a helmet,I did not drive the past 30 days,No,Never smoked a cigarette,0 days,Did not smoke cigarettes,FALSE
324109,1999,Rarely wore a helmet,NA,Yes,NA,0 days,Did not smoke cigarettes,NA
764753,2007,Did not ride a bicycle,NA,Yes,Never smoked a cigarette,0 days,Did not smoke cigarettes,NA
401514,2001,Most of the time wore a helmet,NA,Yes,Never smoked a cigarette,0 days,Did not smoke cigarettes,NA
1095011,2011,Did not ride a bicycle,NA,Yes,9 or 10 years old,1 or 2 days,1 cigarette,TRUE
189486,1995,Did not ride a bicycle,NA,No,Never smoked a cigarette,0 days,Did not smoke cigarettes,NA
38843,1991,Never wore a helmet,NA,No,Never smoked a cigarette,0 days,Did not smoke cigarettes,NA
31079,1991,Never wore a helmet,NA,Yes,Never smoked a cigarette,0 days,Did not smoke cigarettes,NA
262622,1997,NA,NA,Yes,13 or 14 years old,6 to 9 days,2 to 5 cigarettes,NA
323401,1999,Rarely wore a helmet,NA,Yes,13 or 14 years old,1 or 2 days,1 cigarette,NA
329152,1999,Never wore a helmet,NA,Yes,11 or 12 years old,1 or 2 days,NA,NA
257224,1997,Never wore a helmet,NA,No,Never smoked a cigarette,0 days,Did not smoke cigarettes,NA
760647,2007,Never wore a helmet,NA,Yes,9 or 10 years old,3 to 5 days,2 to 5 cigarettes,NA
1099468,2011,Never wore a helmet,NA,Yes,8 years old or younger,NA,More than 20 cigarettes,TRUE
406792,2001,Did not ride a bicycle,NA,NA,13 or 14 years old,1 or 2 days,1 cigarette,NA
38996,1991,Never wore a helmet,NA,Yes,11 or 12 years old,NA,NA,NA
1109420,2011,Never wore a helmet,NA,Yes,8 years old or younger,0 days,Did not smoke cigarettes,TRUE
501034,2003,Did not ride a bicycle,NA,No,Never smoked a cigarette,0 days,Did not smoke cigarettes,NA
639842,2005,Did not ride a bicycle,NA,NA,NA,0 days,Did not smoke cigarettes,NA
761575,2007,Never wore a helmet,NA,NA,NA,0 days,Did not smoke cigarettes,NA
640419,2005,Never wore a helmet,NA,Yes,11 or 12 years old,0 days,Did not smoke cigarettes,NA
119976,1993,Never wore a helmet,NA,Yes,Never smoked a cigarette,0 days,Did not smoke cigarettes,NA
769012,2007,NA,NA,Yes,9 or 10 years old,0 days,Did not smoke cigarettes,NA
33861,1991,Did not ride a bicycle,NA,Yes,13 or 14 years old,0 days,Did not smoke cigarettes,NA
1316881,2013,Never wore a helmet,3 to 5 days,No,Never smoked a cigarette,0 days,Did not smoke cigarettes,FALSE
502296,2003,Rarely wore a helmet,NA,Yes,8 years old or younger,0 days,Did not smoke cigarettes,NA
31770,1991,Did not ride a bicycle,NA,No,Never smoked a cigarette,0 days,Did not smoke cigarettes,NA
1107017,2011,Rarely wore a helmet,NA,Yes,13 or 14 years old,6 to 9 days,1 cigarette,FALSE
762867,2007,Never wore a helmet,NA,No,Never smoked a cigarette,0 days,Did not smoke cigarettes,NA
116072,1993,Never wore a helmet,NA,No,Never smoked a cigarette,0 days,Did not smoke cigarettes,NA
409704,2001,Did not ride a bicycle,NA,Yes,17 years old or older,10 to 19 days,6 to 10 cigarettes,NA
400067,2001,Never wore a helmet,NA,No,Never smoked a cigarette,0 days,Did not smoke cigarettes,NA
322795,1999,Never wore a helmet,NA,Yes,11 or 12 years old,All 30 days,More than 20 cigarettes,NA
260940,1997,Never wore a helmet,NA,Yes,15 or 16 years old,NA,NA,NA
113619,1993,Never wore a helmet,NA,No,Never smoked a cigarette,0 days,Did not smoke cigarettes,NA
1096744,2011,NA,NA,Yes,11 or 12 years old,0 days,Did not smoke cigarettes,NA
263248,1997,Never wore a helmet,NA,Yes,13 or 14 years old,6 to 9 days,2 to 5 cigarettes,NA
40045,1991,Did not ride a bicycle,NA,No,Never smoked a cigarette,0 days,Did not smoke cigarettes,NA
761704,2007,Sometimes wore a helmet,NA,No,Never smoked a cigarette,0 days,Did not smoke cigarettes,NA
402879,2001,Did not ride a bicycle,NA,No,Never smoked a cigarette,0 days,Did not smoke cigarettes,NA
1309194,2013,NA,3 to 5 days,Yes,9 or 10 years old,3 to 5 days,2 to 5 cigarettes,FALSE
180529,1995,Never wore a helmet,NA,Yes,13 or 14 years old,0 days,Did not smoke cigarettes,NA
185827,1995,Did not ride a bicycle,NA,No,Never smoked a cigarette,0 days,Did not smoke cigarettes,NA
763280,2007,Never wore a helmet,NA,No,Never smoked a cigarette,0 days,Did not smoke cigarettes,NA
769606,2007,Always wore a helmet,NA,Yes,15 or 16 years old,NA,NA,NA
511433,2003,Did not ride a bicycle,NA,Yes,15 or 16 years old,1 or 2 days,1 cigarette,NA
120850,1993,Never wore a helmet,NA,No,Never smoked a cigarette,0 days,Did not smoke cigarettes,NA
30664,1991,Never wore a helmet,NA,Yes,11 or 12 years old,10 to 19 days,2 to 5 cigarettes,NA
1307246,2013,Never wore a helmet,1 or 2 days,Yes,Never smoked a cigarette,0 days,NA,FALSE
405216,2001,Did not ride a bicycle,NA,Yes,15 or 16 years old,3 to 5 days,2 to 5 cigarettes,NA
327954,1999,Always wore a helmet,NA,No,Never smoked a cigarette,0 days,Did not smoke cigarettes,NA
35759,1991,Did not ride a bicycle,NA,Yes,15 or 16 years old,3 to 5 days,Less than 1 cigarette,NA
397338,2001,Sometimes wore a helmet,NA,Yes,11 or 12 years old,6 to 9 days,2 to 5 cigarettes,NA
635644,2005,Most of the time wore a helmet,NA,No,Never smoked a cigarette,0 days,Did not smoke cigarettes,NA
500489,2003,Did not ride a bicycle,NA,NA,NA,NA,NA,NA
186872,1995,Did not ride a bicycle,NA,Yes,13 or 14 years old,0 days,Did not smoke cigarettes,NA
633770,2005,Never wore a helmet,NA,Yes,9 or 10 years old,1 or 2 days,2 to 5 cigarettes,NA
1310944,2013,Never wore a helmet,I did not drive the past 30 days,No,Never smoked a cigarette,0 days,Did not smoke cigarettes,FALSE
1305809,2013,Never wore a helmet,0 days,No,Never smoked a cigarette,0 days,Did not smoke cigarettes,TRUE
629829,2005,Never wore a helmet,NA,No,Never smoked a cigarette,0 days,Did not smoke cigarettes,NA
935589,2009,Did not ride a bicycle,NA,No,Never smoked a cigarette,0 days,Did not smoke cigarettes,FALSE
1309627,2013,Did not ride a bicycle,I did not drive the past 30 days,Yes,13 or 14 years old,1 or 2 days,1 cigarette,FALSE
256648,1997,Never wore a helmet,NA,Yes,11 or 12 years old,10 to 19 days,2 to 5 cigarettes,NA
32780,1991,Never wore a helmet,NA,No,Never smoked a cigarette,0 days,Did not smoke cigarettes,NA
929572,2009,Did not ride a bicycle,NA,No,Never smoked a cigarette,0 days,Did not smoke cigarettes,FALSE
322106,1999,Rarely wore a helmet,NA,NA,NA,0 days,Did not smoke cigarettes,NA
761006,2007,Did not ride a bicycle,NA,Yes,9 or 10 years old,0 days,Did not smoke cigarettes,NA
257438,1997,Most of the time wore a helmet,NA,No,Never smoked a cigarette,0 days,Did not smoke cigarettes,NA
1304292,2013,Never wore a helmet,0 days,No,Never smoked a cigarette,0 days,Did not smoke cigarettes,FALSE
331619,1999,Did not ride a bicycle,NA,No,Never smoked a cigarette,0 days,Did not smoke cigarettes,NA
259964,1997,Always wore a helmet,NA,NA,Never smoked a cigarette,0 days,Did not smoke cigarettes,NA
765817,2007,Did not ride a bicycle,NA,No,Never smoked a cigarette,0 days,Did not smoke cigarettes,NA
258452,1997,Never wore a helmet,NA,Yes,11 or 12 years old,0 days,Did not smoke cigarettes,NA
637877,2005,Never wore a helmet,NA,Yes,15 or 16 years old,0 days,Did not smoke cigarettes,NA
936152,2009,Rarely wore a helmet,NA,No,Never smoked a cigarette,0 days,Did not smoke cigarettes,FALSE
629543,2005,Never wore a helmet,NA,Yes,Never smoked a cigarette,0 days,Did not smoke cigarettes,NA
1095533,2011,Never wore a helmet,NA,No,Never smoked a cigarette,0 days,Did not smoke cigarettes,TRUE
764133,2007,Did not ride a bicycle,NA,No,Never smoked a cigarette,0 days,Did not smoke cigarettes,NA
32492,1991,Never wore a helmet,NA,No,Never smoked a cigarette,0 days,Did not smoke cigarettes,NA
632483,2005,Did not ride a bicycle,NA,Yes,13 or 14 years old,NA,NA,NA
37119,1991,NA,NA,Yes,Never smoked a cigarette,0 days,Did not smoke cigarettes,NA
932106,2009,Did not ride a bicycle,NA,Yes,13 or 14 years old,NA,NA,FALSE
190794,1995,Never wore a helmet,NA,No,Never smoked a cigarette,0 days,Did not smoke cigarettes,NA
1109333,2011,Never wore a helmet,NA,Yes,17 years old or older,3 to 5 days,1 cigarette,FALSE
41816,1991,Never wore a helmet,NA,Yes,13 or 14 years old,3 to 5 days,2 to 5 cigarettes,NA
929024,2009,Did not ride a bicycle,NA,Yes,Never smoked a cigarette,0 days,Did not smoke cigarettes,FALSE
1095294,2011,Never wore a helmet,NA,NA,NA,0 days,Did not smoke cigarettes,FALSE
630776,2005,Never wore a helmet,NA,NA,NA,0 days,Did not smoke cigarettes,NA
499606,2003,Rarely wore a helmet,NA,No,Never smoked a cigarette,0 days,Did not smoke cigarettes,NA
504453,2003,Never wore a helmet,NA,Yes,9 or 10 years old,All 30 days,2 to 5 cigarettes,NA
630415,2005,Rarely wore a helmet,NA,Yes,9 or 10 years old,0 days,Did not smoke cigarettes,NA
507740,2003,Did not ride a bicycle,NA,Yes,13 or 14 years old,0 days,Did not smoke cigarettes,NA
182632,1995,Never wore a helmet,NA,No,Never smoked a cigarette,0 days,Did not smoke cigarettes,NA
331606,1999,Did not ride a bicycle,NA,Yes,15 or 16 years old,0 days,Did not smoke cigarettes,NA
1315062,2013,Always wore a helmet,I did not drive the past 30 days,Yes,15 or 16 years old,All 30 days,2 to 5 cigarettes,TRUE
509436,2003,Did not ride a bicycle,NA,Yes,Never smoked a cigarette,0 days,Did not smoke cigarettes,NA
638072,2005,Did not ride a bicycle,NA,Yes,13 or 14 years old,0 days,Did not smoke cigarettes,NA
401616,2001,Never wore a helmet,NA,Yes,17 years old or older,NA,NA,NA
42031,1991,Did not ride a bicycle,NA,Yes,13 or 14 years old,All 30 days,11 to 20 cigarettes,NA
1107281,2011,Rarely wore a helmet,NA,No,Never smoked a cigarette,0 days,Did not smoke cigarettes,FALSE
761630,2007,Never wore a helmet,NA,Yes,15 or 16 years old,0 days,Did not smoke cigarettes,NA
632215,2005,Never wore a helmet,NA,Yes,Never smoked a cigarette,0 days,Did not smoke cigarettes,NA
116563,1993,Did not ride a bicycle,NA,No,Never smoked a cigarette,0 days,Did not smoke cigarettes,NA
769526,2007,Never wore a helmet,NA,No,Never smoked a cigarette,0 days,Did not smoke cigarettes,NA
334649,1999,Most of the time wore a helmet,NA,No,Never smoked a cigarette,0 days,Did not smoke cigarettes,NA
183596,1995,Never wore a helmet,NA,Yes,15 or 16 years old,All 30 days,More than 20 cigarettes,NA
407383,2001,Never wore a helmet,NA,Yes,15 or 16 years old,20 to 29 days,2 to 5 cigarettes,NA
185536,1995,NA,NA,No,Never smoked a cigarette,0 days,Did not smoke cigarettes,NA
923790,2009,Did not ride a bicycle,NA,No,Never smoked a cigarette,0 days,Did not smoke cigarettes,FALSE
37992,1991,Did not ride a bicycle,NA,Yes,8 years old or younger,All 30 days,6 to 10 cigarettes,NA
1310712,2013,Never wore a helmet,1 or 2 days,Yes,13 or 14 years old,6 to 9 days,2 to 5 cigarettes,TRUE
773623,2007,Did not ride a bicycle,NA,Yes,Never smoked a cigarette,0 days,Did not smoke cigarettes,NA
260929,1997,Did not ride a bicycle,NA,Yes,Never smoked a cigarette,0 days,Did not smoke cigarettes,NA
1101779,2011,Never wore a helmet,NA,NA,NA,0 days,Did not smoke cigarettes,FALSE
329641,1999,Did not ride a bicycle,NA,No,Never smoked a cigarette,0 days,Did not smoke cigarettes,NA
404190,2001,Did not ride a bicycle,NA,No,Never smoked a cigarette,0 days,Did not smoke cigarettes,NA
512187,2003,Did not ride a bicycle,NA,Yes,15 or 16 years old,1 or 2 days,Less than 1 cigarette,NA
764624,2007,Rarely wore a helmet,NA,Yes,Never smoked a cigarette,0 days,Did not smoke cigarettes,NA
109065,1993,Sometimes wore a helmet,NA,Yes,Never smoked a cigarette,0 days,Did not smoke cigarettes,NA
121869,1993,Did not ride a bicycle,NA,Yes,11 or 12 years old,0 days,Did not smoke cigarettes,NA
110481,1993,Did not ride a bicycle,NA,Yes,Never smoked a cigarette,0 days,Did not smoke cigarettes,NA
1107952,2011,Never wore a helmet,NA,No,Never smoked a cigarette,0 days,Did not smoke cigarettes,FALSE
642148,2005,Always wore a helmet,NA,No,Never smoked a cigarette,0 days,Did not smoke cigarettes,NA
762951,2007,Did not ride a bicycle,NA,Yes,15 or 16 years old,0 days,Did not smoke cigarettes,NA
108175,1993,Did not ride a bicycle,NA,No,Never smoked a cigarette,0 days,Did not smoke cigarettes,NA
772220,2007,Most of the time wore a helmet,NA,No,Never smoked a cigarette,0 days,Did not smoke cigarettes,NA
635244,2005,Did not ride a bicycle,NA,No,Never smoked a cigarette,0 days,Did not smoke cigarettes,NA
262446,1997,Did not ride a bicycle,NA,Yes,Never smoked a cigarette,0 days,Did not smoke cigarettes,NA
774319,2007,Most of the time wore a helmet,NA,No,Never smoked a cigarette,0 days,Did not smoke cigarettes,NA
189636,1995,Never wore a helmet,NA,No,Never smoked a cigarette,0 days,Did not smoke cigarettes,NA
262283,1997,Never wore a helmet,NA,Yes,11 or 12 years old,All 30 days,6 to 10 cigarettes,NA
327958,1999,Most of the time wore a helmet,NA,No,Never smoked a cigarette,0 days,Did not smoke cigarettes,NA
928086,2009,Always wore a helmet,NA,No,Never smoked a cigarette,0 days,Did not smoke cigarettes,FALSE
117276,1993,Did not ride a bicycle,NA,No,Never smoked a cigarette,0 days,Did not smoke cigarettes,NA
30648,1991,Never wore a helmet,NA,Yes,9 or 10 years old,NA,NA,NA
396353,2001,Did not ride a bicycle,NA,Yes,11 or 12 years old,0 days,Did not smoke cigarettes,NA
39217,1991,Never wore a helmet,NA,Yes,11 or 12 years old,NA,NA,NA
1304281,2013,Never wore a helmet,I did not drive the past 30 days,No,Never smoked a cigarette,0 days,Did not smoke cigarettes,FALSE
924798,2009,NA,NA,No,Never smoked a cigarette,0 days,Did not smoke cigarettes,FALSE
923999,2009,Never wore a helmet,NA,No,Never smoked a cigarette,0 days,Did not smoke cigarettes,TRUE
331821,1999,Did not ride a bicycle,NA,Yes,9 or 10 years old,0 days,Did not smoke cigarettes,NA
107456,1993,Did not ride a bicycle,NA,Yes,9 or 10 years old,3 to 5 days,2 to 5 cigarettes,NA
403969,2001,Did not ride a bicycle,NA,Yes,13 or 14 years old,0 days,Did not smoke cigarettes,NA
118910,1993,Never wore a helmet,NA,No,Never smoked a cigarette,0 days,Did not smoke cigarettes,NA
120563,1993,Did not ride a bicycle,NA,Yes,9 or 10 years old,0 days,Did not smoke cigarettes,NA
499509,2003,Never wore a helmet,NA,No,Never smoked a cigarette,0 days,Did not smoke cigarettes,NA
640578,2005,Always wore a helmet,NA,No,Never smoked a cigarette,0 days,Did not smoke cigarettes,NA
264447,1997,Sometimes wore a helmet,NA,Yes,Never smoked a cigarette,0 days,Did not smoke cigarettes,NA
32094,1991,Never wore a helmet,NA,Yes,8 years old or younger,0 days,Did not smoke cigarettes,NA
931594,2009,Never wore a helmet,NA,Yes,NA,1 or 2 days,Less than 1 cigarette,FALSE
513466,2003,Never wore a helmet,NA,Yes,15 or 16 years old,0 days,Did not smoke cigarettes,NA
1095178,2011,NA,NA,No,Never smoked a cigarette,0 days,Did not smoke cigarettes,NA
512420,2003,Did not ride a bicycle,NA,No,Never smoked a cigarette,0 days,Did not smoke cigarettes,NA
923362,2009,Never wore a helmet,NA,No,Never smoked a cigarette,0 days,Did not smoke cigarettes,FALSE
513264,2003,Did not ride a bicycle,NA,NA,NA,0 days,Did not smoke cigarettes,NA
269729,1997,NA,NA,Yes,13 or 14 years old,NA,2 to 5 cigarettes,NA
1107058,2011,Never wore a helmet,NA,Yes,15 or 16 years old,20 to 29 days,2 to 5 cigarettes,FALSE
1107351,2011,Did not ride a bicycle,NA,Yes,17 years old or older,1 or 2 days,Less than 1 cigarette,FALSE
114380,1993,NA,NA,Yes,17 years old or older,0 days,Did not smoke cigarettes,NA
263957,1997,Never wore a helmet,NA,No,Never smoked a cigarette,0 days,Did not smoke cigarettes,NA
767722,2007,Did not ride a bicycle,NA,NA,Never smoked a cigarette,0 days,NA,NA
109206,1993,Did not ride a bicycle,NA,No,Never smoked a cigarette,0 days,Did not smoke cigarettes,NA
405704,2001,Did not ride a bicycle,NA,No,Never smoked a cigarette,0 days,Did not smoke cigarettes,NA
323990,1999,Never wore a helmet,NA,Yes,13 or 14 years old,0 days,Did not smoke cigarettes,NA
631568,2005,Did not ride a bicycle,NA,NA,Never smoked a cigarette,0 days,NA,NA
187608,1995,Never wore a helmet,NA,No,Never smoked a cigarette,0 days,Did not smoke cigarettes,NA
934345,2009,Did not ride a bicycle,NA,Yes,13 or 14 years old,All 30 days,1 cigarette,FALSE
1308820,2013,Never wore a helmet,10 to 19 days,Yes,Never smoked a cigarette,0 days,Did not smoke cigarettes,FALSE
774423,2007,Always wore a helmet,NA,Yes,17 years old or older,1 or 2 days,Less than 1 cigarette,NA
1312631,2013,Did not ride a bicycle,NA,NA,Never smoked a cigarette,0 days,NA,TRUE
1105032,2011,Did not ride a bicycle,NA,No,Never smoked a cigarette,0 days,Did not smoke cigarettes,FALSE
1099448,2011,Did not ride a bicycle,NA,No,Never smoked a cigarette,0 days,Did not smoke cigarettes,FALSE
401211,2001,Did not ride a bicycle,NA,Yes,15 or 16 years old,NA,NA,NA
32410,1991,Never wore a helmet,NA,Yes,8 years old or younger,0 days,Did not smoke cigarettes,NA
926845,2009,Did not ride a bicycle,NA,Yes,9 or 10 years old,0 days,Did not smoke cigarettes,FALSE
327173,1999,Never wore a helmet,NA,Yes,11 or 12 years old,20 to 29 days,2 to 5 cigarettes,NA
630976,2005,Did not ride a bicycle,NA,Yes,13 or 14 years old,All 30 days,2 to 5 cigarettes,NA
330196,1999,Never wore a helmet,NA,No,Never smoked a cigarette,0 days,Did not smoke cigarettes,NA
1102000,2011,Always wore a helmet,NA,NA,NA,0 days,NA,FALSE
113557,1993,NA,NA,No,Never smoked a cigarette,0 days,Did not smoke cigarettes,NA
398445,2001,Never wore a helmet,NA,Yes,13 or 14 years old,6 to 9 days,2 to 5 cigarettes,NA
182453,1995,Rarely wore a helmet,NA,Yes,13 or 14 years old,0 days,Did not smoke cigarettes,NA
641399,2005,Did not ride a bicycle,NA,Yes,Never smoked a cigarette,0 days,Did not smoke cigarettes,NA
761085,2007,Did not ride a bicycle,NA,No,Never smoked a cigarette,0 days,Did not smoke cigarettes,NA
261341,1997,Never wore a helmet,NA,Yes,Never smoked a cigarette,0 days,Did not smoke cigarettes,NA
927586,2009,Did not ride a bicycle,NA,No,Never smoked a cigarette,0 days,Did not smoke cigarettes,FALSE
1306043,2013,Never wore a helmet,All 30 days,Yes,15 or 16 years old,0 days,Did not smoke cigarettes,FALSE
1305461,2013,Most of the time wore a helmet,0 days,No,Never smoked a cigarette,0 days,Did not smoke cigarettes,FALSE
259838,1997,Rarely wore a helmet,NA,Yes,11 or 12 years old,20 to 29 days,2 to 5 cigarettes,NA
190601,1995,Never wore a helmet,NA,Yes,Never smoked a cigarette,0 days,Did not smoke cigarettes,NA
638337,2005,Did not ride a bicycle,NA,Yes,15 or 16 years old,0 days,Did not smoke cigarettes,NA
928796,2009,Rarely wore a helmet,NA,No,Never smoked a cigarette,0 days,Did not smoke cigarettes,FALSE
762877,2007,Never wore a helmet,NA,Yes,13 or 14 years old,0 days,Did not smoke cigarettes,NA
638798,2005,Never wore a helmet,NA,Yes,11 or 12 years old,NA,NA,NA
335582,1999,Did not ride a bicycle,NA,Yes,11 or 12 years old,10 to 19 days,2 to 5 cigarettes,NA
923953,2009,Rarely wore a helmet,NA,Yes,Never smoked a cigarette,NA,NA,FALSE
639735,2005,Most of the time wore a helmet,NA,No,Never smoked a cigarette,0 days,Did not smoke cigarettes,NA
400385,2001,Did not ride a bicycle,NA,Yes,8 years old or younger,All 30 days,6 to 10 cigarettes,NA
634298,2005,Never wore a helmet,NA,Yes,8 years old or younger,10 to 19 days,2 to 5 cigarettes,NA
1304411,2013,Never wore a helmet,0 days,No,Never smoked a cigarette,0 days,Did not smoke cigarettes,FALSE
120200,1993,Did not ride a bicycle,NA,Yes,15 or 16 years old,0 days,Did not smoke cigarettes,NA
502030,2003,Never wore a helmet,NA,Yes,13 or 14 years old,10 to 19 days,2 to 5 cigarettes,NA
41763,1991,Did not ride a bicycle,NA,No,Never smoked a cigarette,0 days,Did not smoke cigarettes,NA
927473,2009,Did not ride a bicycle,NA,No,Never smoked a cigarette,0 days,Did not smoke cigarettes,FALSE
398185,2001,Always wore a helmet,NA,No,Never smoked a cigarette,0 days,Did not smoke cigarettes,NA
1102210,2011,Never wore a helmet,NA,No,Never smoked a cigarette,0 days,Did not smoke cigarettes,FALSE
1315291,2013,Did not ride a bicycle,10 to 19 days,Yes,15 or 16 years old,0 days,Did not smoke cigarettes,TRUE
120232,1993,Never wore a helmet,NA,No,Never smoked a cigarette,0 days,Did not smoke cigarettes,NA
506471,2003,Did not ride a bicycle,NA,Yes,11 or 12 years old,0 days,Did not smoke cigarettes,NA
122307,1993,Never wore a helmet,NA,No,Never smoked a cigarette,0 days,Did not smoke cigarettes,NA
1311543,2013,Never wore a helmet,I did not drive the past 30 days,Yes,Never smoked a cigarette,0 days,Did not smoke cigarettes,FALSE
638014,2005,Did not ride a bicycle,NA,Yes,13 or 14 years old,All 30 days,11 to 20 cigarettes,NA
762878,2007,Never wore a helmet,NA,Yes,Never smoked a cigarette,NA,Did not smoke cigarettes,NA
639088,2005,Sometimes wore a helmet,NA,No,Never smoked a cigarette,0 days,Did not smoke cigarettes,NA
261394,1997,Did not ride a bicycle,NA,No,Never smoked a cigarette,0 days,Did not smoke cigarettes,NA
121845,1993,Did not ride a bicycle,NA,No,Never smoked a cigarette,0 days,Did not smoke cigarettes,NA
33850,1991,Never wore a helmet,NA,No,Never smoked a cigarette,0 days,Did not smoke cigarettes,NA
641570,2005,Did not ride a bicycle,NA,No,Never smoked a cigarette,0 days,Did not smoke cigarettes,NA
115022,1993,Never wore a helmet,NA,No,Never smoked a cigarette,0 days,Did not smoke cigarettes,NA
324017,1999,Never wore a helmet,NA,Yes,11 or 12 years old,0 days,Did not smoke cigarettes,NA
500494,2003,Never wore a helmet,NA,No,Never smoked a cigarette,0 days,Did not smoke cigarettes,NA
506862,2003,Never wore a helmet,NA,Yes,11 or 12 years old,0 days,Did not smoke cigarettes,NA
35320,1991,Never wore a helmet,NA,Yes,8 years old or younger,0 days,Did not smoke cigarettes,NA
31167,1991,Never wore a helmet,NA,No,Never smoked a cigarette,0 days,Did not smoke cigarettes,NA
1310221,2013,Never wore a helmet,0 days,No,Never smoked a cigarette,0 days,Did not smoke cigarettes,FALSE
399828,2001,Never wore a helmet,NA,Yes,15 or 16 years old,1 or 2 days,Less than 1 cigarette,NA
111461,1993,Never wore a helmet,NA,No,Never smoked a cigarette,0 days,Did not smoke cigarettes,NA
397666,2001,Did not ride a bicycle,NA,Yes,Never smoked a cigarette,0 days,Did not smoke cigarettes,NA
632240,2005,Always wore a helmet,NA,No,Never smoked a cigarette,0 days,Did not smoke cigarettes,NA
117746,1993,Did not ride a bicycle,NA,Yes,15 or 16 years old,3 to 5 days,Less than 1 cigarette,NA
926872,2009,Never wore a helmet,NA,No,Never smoked a cigarette,0 days,Did not smoke cigarettes,TRUE
503976,2003,Never wore a helmet,NA,Yes,9 or 10 years old,0 days,Did not smoke cigarettes,NA
1316738,2013,Rarely wore a helmet,3 to 5 days,Yes,15 or 16 years old,1 or 2 days,Less than 1 cigarette,FALSE
1097137,2011,Did not ride a bicycle,NA,No,Never smoked a cigarette,0 days,Did not smoke cigarettes,FALSE
183373,1995,Never wore a helmet,NA,Yes,Never smoked a cigarette,0 days,Did not smoke cigarettes,NA
925804,2009,Did not ride a bicycle,NA,Yes,15 or 16 years old,1 or 2 days,1 cigarette,FALSE
189763,1995,NA,NA,No,Never smoked a cigarette,0 days,Did not smoke cigarettes,NA
407436,2001,Did not ride a bicycle,NA,No,Never smoked a cigarette,0 days,Did not smoke cigarettes,NA
631430,2005,Did not ride a bicycle,NA,Yes,15 or 16 years old,10 to 19 days,2 to 5 cigarettes,NA
41907,1991,Rarely wore a helmet,NA,No,Never smoked a cigarette,0 days,Did not smoke cigarettes,NA
266701,1997,Did not ride a bicycle,NA,Yes,15 or 16 years old,0 days,Did not smoke cigarettes,NA
932370,2009,Did not ride a bicycle,NA,Yes,Never smoked a cigarette,0 days,Did not smoke cigarettes,TRUE
760698,2007,Never wore a helmet,NA,NA,NA,0 days,Did not smoke cigarettes,NA
503440,2003,Always wore a helmet,NA,No,Never smoked a cigarette,0 days,Did not smoke cigarettes,NA
324082,1999,Did not ride a bicycle,NA,No,Never smoked a cigarette,0 days,Did not smoke cigarettes,NA
631674,2005,Never wore a helmet,NA,No,Never smoked a cigarette,0 days,Did not smoke cigarettes,NA
632624,2005,Never wore a helmet,NA,Yes,11 or 12 years old,All 30 days,6 to 10 cigarettes,NA
630958,2005,Did not ride a bicycle,NA,Yes,Never smoked a cigarette,0 days,Did not smoke cigarettes,NA
1306500,2013,Never wore a helmet,10 to 19 days,No,Never smoked a cigarette,0 days,Did not smoke cigarettes,FALSE
183453,1995,Never wore a helmet,NA,Yes,9 or 10 years old,20 to 29 days,2 to 5 cigarettes,NA
767762,2007,Did not ride a bicycle,NA,No,Never smoked a cigarette,0 days,Did not smoke cigarettes,NA
510933,2003,Sometimes wore a helmet,NA,Yes,13 or 14 years old,3 to 5 days,Less than 1 cigarette,NA
38871,1991,NA,NA,Yes,13 or 14 years old,0 days,Did not smoke cigarettes,NA
1314390,2013,Did not ride a bicycle,0 days,No,Never smoked a cigarette,0 days,Did not smoke cigarettes,FALSE
937739,2009,Always wore a helmet,NA,No,Never smoked a cigarette,0 days,Did not smoke cigarettes,FALSE
266736,1997,Never wore a helmet,NA,No,Never smoked a cigarette,0 days,Did not smoke cigarettes,NA
257288,1997,Most of the time wore a helmet,NA,No,Never smoked a cigarette,0 days,Did not smoke cigarettes,NA
189044,1995,Did not ride a bicycle,NA,Yes,11 or 12 years old,20 to 29 days,2 to 5 cigarettes,NA
183570,1995,Did not ride a bicycle,NA,Yes,15 or 16 years old,0 days,Did not smoke cigarettes,NA
188825,1995,Never wore a helmet,NA,Yes,13 or 14 years old,20 to 29 days,6 to 10 cigarettes,NA
1315999,2013,NA,I did not drive the past 30 days,Yes,Never smoked a cigarette,0 days,Did not smoke cigarettes,TRUE
1094996,2011,Never wore a helmet,NA,Yes,8 years old or younger,0 days,Did not smoke cigarettes,TRUE
267093,1997,Never wore a helmet,NA,No,Never smoked a cigarette,0 days,Did not smoke cigarettes,NA
928367,2009,Did not ride a bicycle,NA,NA,NA,NA,NA,FALSE
256090,1997,Sometimes wore a helmet,NA,No,Never smoked a cigarette,0 days,Did not smoke cigarettes,NA
639838,2005,Never wore a helmet,NA,Yes,Never smoked a cigarette,0 days,Did not smoke cigarettes,NA
328511,1999,Never wore a helmet,NA,Yes,Never smoked a cigarette,0 days,Did not smoke cigarettes,NA
770663,2007,Did not ride a bicycle,NA,Yes,13 or 14 years old,3 to 5 days,2 to 5 cigarettes,NA
260716,1997,Never wore a helmet,NA,No,Never smoked a cigarette,0 days,Did not smoke cigarettes,NA
407606,2001,Did not ride a bicycle,NA,No,Never smoked a cigarette,0 days,Did not smoke cigarettes,NA
937110,2009,NA,NA,Yes,Never smoked a cigarette,0 days,Did not smoke cigarettes,NA
183611,1995,Never wore a helmet,NA,No,Never smoked a cigarette,0 days,Did not smoke cigarettes,NA
925326,2009,Never wore a helmet,NA,No,Never smoked a cigarette,0 days,Did not smoke cigarettes,TRUE
325782,1999,Sometimes wore a helmet,NA,No,Never smoked a cigarette,0 days,Did not smoke cigarettes,NA
112722,1993,Did not ride a bicycle,NA,Yes,15 or 16 years old,All 30 days,11 to 20 cigarettes,NA
32652,1991,Did not ride a bicycle,NA,Yes,Never smoked a cigarette,0 days,Did not smoke cigarettes,NA
267227,1997,Most of the time wore a helmet,NA,No,Never smoked a cigarette,NA,NA,NA
629017,2005,Most of the time wore a helmet,NA,No,Never smoked a cigarette,0 days,Did not smoke cigarettes,NA
269089,1997,Did not ride a bicycle,NA,Yes,17 years old or older,0 days,Did not smoke cigarettes,NA
405713,2001,Never wore a helmet,NA,No,Never smoked a cigarette,0 days,Did not smoke cigarettes,NA
189839,1995,Never wore a helmet,NA,No,Never smoked a cigarette,0 days,Did not smoke cigarettes,NA
109350,1993,Never wore a helmet,NA,No,Never smoked a cigarette,0 days,Did not smoke cigarettes,NA
501757,2003,Always wore a helmet,NA,No,Never smoked a cigarette,0 days,Did not smoke cigarettes,NA
925717,2009,Never wore a helmet,NA,Yes,15 or 16 years old,0 days,Did not smoke cigarettes,TRUE
1100727,2011,Did not ride a bicycle,NA,Yes,15 or 16 years old,1 or 2 days,Less than 1 cigarette,TRUE
1102303,2011,Sometimes wore a helmet,NA,No,Never smoked a cigarette,0 days,Did not smoke cigarettes,FALSE
259753,1997,NA,NA,Yes,15 or 16 years old,1 or 2 days,1 cigarette,NA
407630,2001,Did not ride a bicycle,NA,Yes,13 or 14 years old,1 or 2 days,6 to 10 cigarettes,NA
186803,1995,Rarely wore a helmet,NA,No,Never smoked a cigarette,0 days,Did not smoke cigarettes,NA
1312331,2013,Did not ride a bicycle,I did not drive the past 30 days,Yes,Never smoked a cigarette,0 days,Did not smoke cigarettes,TRUE
106907,1993,Never wore a helmet,NA,Yes,Never smoked a cigarette,0 days,Did not smoke cigarettes,NA
508524,2003,Never wore a helmet,NA,Yes,13 or 14 years old,0 days,Did not smoke cigarettes,NA
117662,1993,Never wore a helmet,NA,Yes,11 or 12 years old,0 days,Did not smoke cigarettes,NA
1094606,2011,Never wore a helmet,NA,No,Never smoked a cigarette,0 days,Did not smoke cigarettes,TRUE
256319,1997,Rarely wore a helmet,NA,No,Never smoked a cigarette,0 days,Did not smoke cigarettes,NA
107105,1993,Never wore a helmet,NA,Yes,11 or 12 years old,NA,NA,NA
116287,1993,Never wore a helmet,NA,No,Never smoked a cigarette,0 days,Did not smoke cigarettes,NA
396198,2001,Did not ride a bicycle,NA,No,Never smoked a cigarette,0 days,Did not smoke cigarettes,NA
401415,2001,Always wore a helmet,NA,Yes,15 or 16 years old,1 or 2 days,2 to 5 cigarettes,NA
189201,1995,Did not ride a bicycle,NA,No,Never smoked a cigarette,0 days,Did not smoke cigarettes,NA
189430,1995,Never wore a helmet,NA,Yes,9 or 10 years old,1 or 2 days,Less than 1 cigarette,NA
37287,1991,Never wore a helmet,NA,No,Never smoked a cigarette,0 days,Did not smoke cigarettes,NA
511455,2003,Never wore a helmet,NA,No,Never smoked a cigarette,0 days,Did not smoke cigarettes,NA
36610,1991,Never wore a helmet,NA,Yes,8 years old or younger,0 days,Did not smoke cigarettes,NA
770287,2007,Did not ride a bicycle,NA,No,Never smoked a cigarette,0 days,Did not smoke cigarettes,NA
41803,1991,NA,NA,NA,NA,NA,NA,NA
257748,1997,Did not ride a bicycle,NA,No,Never smoked a cigarette,0 days,Did not smoke cigarettes,NA
37395,1991,Never wore a helmet,NA,No,Never smoked a cigarette,0 days,Did not smoke cigarettes,NA
1314492,2013,Never wore a helmet,20 to 29 days,No,Never smoked a cigarette,0 days,Did not smoke cigarettes,FALSE
188331,1995,Never wore a helmet,NA,Yes,9 or 10 years old,NA,2 to 5 cigarettes,NA
114484,1993,NA,NA,Yes,8 years old or younger,0 days,Did not smoke cigarettes,NA
932032,2009,Never wore a helmet,NA,Yes,Never smoked a cigarette,0 days,Did not smoke cigarettes,FALSE
502056,2003,Rarely wore a helmet,NA,Yes,Never smoked a cigarette,0 days,Did not smoke cigarettes,NA
32379,1991,Never wore a helmet,NA,Yes,11 or 12 years old,1 or 2 days,Less than 1 cigarette,NA
37620,1991,Did not ride a bicycle,NA,No,Never smoked a cigarette,0 days,Did not smoke cigarettes,NA
267435,1997,Did not ride a bicycle,NA,Yes,Never smoked a cigarette,0 days,Did not smoke cigarettes,NA
38890,1991,Did not ride a bicycle,NA,Yes,13 or 14 years old,0 days,Did not smoke cigarettes,NA
107716,1993,Never wore a helmet,NA,Yes,13 or 14 years old,0 days,Did not smoke cigarettes,NA
262457,1997,Never wore a helmet,NA,Yes,13 or 14 years old,6 to 9 days,6 to 10 cigarettes,NA
329910,1999,Always wore a helmet,NA,Yes,9 or 10 years old,0 days,Did not smoke cigarettes,NA
1099307,2011,Never wore a helmet,NA,No,Never smoked a cigarette,0 days,Did not smoke cigarettes,FALSE
922544,2009,Never wore a helmet,NA,Yes,13 or 14 years old,1 or 2 days,Less than 1 cigarette,FALSE
403206,2001,Sometimes wore a helmet,NA,Yes,8 years old or younger,0 days,Did not smoke cigarettes,NA
636121,2005,Did not ride a bicycle,NA,No,Never smoked a cigarette,0 days,Did not smoke cigarettes,NA
396799,2001,Rarely wore a helmet,NA,No,Never smoked a cigarette,0 days,Did not smoke cigarettes,NA
641579,2005,Did not ride a bicycle,NA,Yes,17 years old or older,NA,NA,NA
764699,2007,Always wore a helmet,NA,Yes,17 years old or older,1 or 2 days,Less than 1 cigarette,NA
767810,2007,Always wore a helmet,NA,No,Never smoked a cigarette,0 days,Did not smoke cigarettes,NA
771886,2007,Always wore a helmet,NA,Yes,Never smoked a cigarette,0 days,Did not smoke cigarettes,NA
184838,1995,Never wore a helmet,NA,No,Never smoked a cigarette,0 days,Did not smoke cigarettes,NA
267021,1997,Never wore a helmet,NA,Yes,9 or 10 years old,All 30 days,6 to 10 cigarettes,NA
513677,2003,Did not ride a bicycle,NA,Yes,17 years old or older,1 or 2 days,1 cigarette,NA
635519,2005,Never wore a helmet,NA,Yes,11 or 12 years old,0 days,Did not smoke cigarettes,NA
327540,1999,Never wore a helmet,NA,Yes,Never smoked a cigarette,0 days,Did not smoke cigarettes,NA
31112,1991,Always wore a helmet,NA,No,Never smoked a cigarette,0 days,Did not smoke cigarettes,NA
1101101,2011,Never wore a helmet,NA,Yes,13 or 14 years old,20 to 29 days,2 to 5 cigarettes,TRUE
111440,1993,Sometimes wore a helmet,NA,Yes,13 or 14 years old,20 to 29 days,2 to 5 cigarettes,NA
1303646,2013,Never wore a helmet,NA,No,Never smoked a cigarette,0 days,Did not smoke cigarettes,TRUE
922875,2009,Always wore a helmet,NA,No,Never smoked a cigarette,0 days,Did not smoke cigarettes,TRUE
1308973,2013,Never wore a helmet,10 to 19 days,No,Never smoked a cigarette,0 days,Did not smoke cigarettes,FALSE
268299,1997,Rarely wore a helmet,NA,Yes,Never smoked a cigarette,0 days,Did not smoke cigarettes,NA
1100647,2011,Never wore a helmet,NA,Yes,13 or 14 years old,0 days,Did not smoke cigarettes,FALSE
108891,1993,Did not ride a bicycle,NA,Yes,13 or 14 years old,20 to 29 days,2 to 5 cigarettes,NA
1099118,2011,Did not ride a bicycle,NA,Yes,15 or 16 years old,0 days,Did not smoke cigarettes,FALSE
396652,2001,Never wore a helmet,NA,No,Never smoked a cigarette,0 days,Did not smoke cigarettes,NA
41639,1991,Did not ride a bicycle,NA,NA,NA,0 days,Did not smoke cigarettes,NA
33493,1991,Never wore a helmet,NA,Yes,13 or 14 years old,0 days,Did not smoke cigarettes,NA
258542,1997,Never wore a helmet,NA,Yes,11 or 12 years old,0 days,Did not smoke cigarettes,NA
400828,2001,Sometimes wore a helmet,NA,Yes,9 or 10 years old,0 days,Did not smoke cigarettes,NA
762624,2007,Never wore a helmet,NA,Yes,Never smoked a cigarette,0 days,Did not smoke cigarettes,NA
1097354,2011,Never wore a helmet,NA,No,Never smoked a cigarette,0 days,Did not smoke cigarettes,FALSE
501764,2003,Never wore a helmet,NA,No,Never smoked a cigarette,0 days,Did not smoke cigarettes,NA
1307606,2013,Did not ride a bicycle,I did not drive the past 30 days,No,Never smoked a cigarette,0 days,Did not smoke cigarettes,FALSE
402217,2001,Never wore a helmet,NA,Yes,17 years old or older,1 or 2 days,Less than 1 cigarette,NA
405191,2001,Never wore a helmet,NA,Yes,13 or 14 years old,NA,NA,NA
638110,2005,Always wore a helmet,NA,NA,NA,0 days,Did not smoke cigarettes,NA
1312163,2013,Did not ride a bicycle,I did not drive the past 30 days,No,Never smoked a cigarette,0 days,Did not smoke cigarettes,FALSE
38745,1991,Never wore a helmet,NA,No,Never smoked a cigarette,0 days,Did not smoke cigarettes,NA
928754,2009,Rarely wore a helmet,NA,No,Never smoked a cigarette,0 days,Did not smoke cigarettes,FALSE
1316907,2013,Never wore a helmet,6 to 9 days,No,Never smoked a cigarette,0 days,Did not smoke cigarettes,FALSE
1310262,2013,Did not ride a bicycle,0 days,Yes,15 or 16 years old,All 30 days,6 to 10 cigarettes,FALSE
33970,1991,Never wore a helmet,NA,No,Never smoked a cigarette,0 days,Did not smoke cigarettes,NA
400255,2001,Never wore a helmet,NA,Yes,8 years old or younger,All 30 days,More than 20 cigarettes,NA
1305562,2013,Rarely wore a helmet,I did not drive the past 30 days,Yes,Never smoked a cigarette,0 days,Did not smoke cigarettes,FALSE
506965,2003,Rarely wore a helmet,NA,No,Never smoked a cigarette,0 days,Did not smoke cigarettes,NA
1313265,2013,Sometimes wore a helmet,0 days,Yes,15 or 16 years old,1 or 2 days,Less than 1 cigarette,FALSE
330683,1999,Most of the time wore a helmet,NA,Yes,13 or 14 years old,10 to 19 days,Less than 1 cigarette,NA
184905,1995,Never wore a helmet,NA,No,Never smoked a cigarette,0 days,Did not smoke cigarettes,NA
403900,2001,Never wore a helmet,NA,No,Never smoked a cigarette,0 days,Did not smoke cigarettes,NA
396178,2001,Never wore a helmet,NA,No,Never smoked a cigarette,0 days,Did not smoke cigarettes,NA
121186,1993,Did not ride a bicycle,NA,No,Never smoked a cigarette,0 days,Did not smoke cigarettes,NA
935562,2009,Did not ride a bicycle,NA,Yes,Never smoked a cigarette,0 days,Did not smoke cigarettes,FALSE
30595,1991,Never wore a helmet,NA,Yes,13 or 14 years old,All 30 days,11 to 20 cigarettes,NA
768465,2007,Did not ride a bicycle,NA,No,Never smoked a cigarette,0 days,Did not smoke cigarettes,NA
269117,1997,Never wore a helmet,NA,No,Never smoked a cigarette,0 days,Did not smoke cigarettes,NA
771446,2007,Rarely wore a helmet,NA,Yes,13 or 14 years old,NA,NA,NA
638208,2005,Sometimes wore a helmet,NA,Yes,11 or 12 years old,0 days,Did not smoke cigarettes,NA
110120,1993,Did not ride a bicycle,NA,Yes,9 or 10 years old,0 days,Did not smoke cigarettes,NA
190617,1995,Did not ride a bicycle,NA,Yes,15 or 16 years old,1 or 2 days,1 cigarette,NA
322794,1999,Rarely wore a helmet,NA,No,Never smoked a cigarette,0 days,Did not smoke cigarettes,NA
408286,2001,Never wore a helmet,NA,Yes,8 years old or younger,All 30 days,2 to 5 cigarettes,NA
772269,2007,Did not ride a bicycle,NA,Yes,13 or 14 years old,1 or 2 days,1 cigarette,NA
504669,2003,Did not ride a bicycle,NA,No,Never smoked a cigarette,0 days,Did not smoke cigarettes,NA
504097,2003,Did not ride a bicycle,NA,No,Never smoked a cigarette,0 days,Did not smoke cigarettes,NA
631005,2005,Sometimes wore a helmet,NA,NA,Never smoked a cigarette,0 days,NA,NA
1305034,2013,Never wore a helmet,I did not drive the past 30 days,No,Never smoked a cigarette,0 days,Did not smoke cigarettes,FALSE
113345,1993,Never wore a helmet,NA,No,Never smoked a cigarette,0 days,Did not smoke cigarettes,NA
1104249,2011,NA,NA,NA,Never smoked a cigarette,0 days,Did not smoke cigarettes,TRUE
181964,1995,Never wore a helmet,NA,NA,Never smoked a cigarette,0 days,Did not smoke cigarettes,NA
113542,1993,Never wore a helmet,NA,Yes,Never smoked a cigarette,NA,NA,NA
265099,1997,Never wore a helmet,NA,NA,Never smoked a cigarette,0 days,Did not smoke cigarettes,NA
120659,1993,Never wore a helmet,NA,No,Never smoked a cigarette,0 days,Did not smoke cigarettes,NA
771057,2007,Most of the time wore a helmet,NA,Yes,15 or 16 years old,0 days,Did not smoke cigarettes,NA
1101646,2011,Did not ride a bicycle,NA,Yes,15 or 16 years old,6 to 9 days,2 to 5 cigarettes,FALSE
632611,2005,Never wore a helmet,NA,No,Never smoked a cigarette,0 days,Did not smoke cigarettes,NA
1309096,2013,Never wore a helmet,1 or 2 days,Yes,15 or 16 years old,0 days,Did not smoke cigarettes,FALSE
765526,2007,Never wore a helmet,NA,Yes,Never smoked a cigarette,0 days,Did not smoke cigarettes,NA
267585,1997,Never wore a helmet,NA,Yes,13 or 14 years old,3 to 5 days,2 to 5 cigarettes,NA
638016,2005,Never wore a helmet,NA,Yes,13 or 14 years old,0 days,Did not smoke cigarettes,NA
639031,2005,Always wore a helmet,NA,Yes,15 or 16 years old,1 or 2 days,1 cigarette,NA
264950,1997,Never wore a helmet,NA,No,Never smoked a cigarette,0 days,Did not smoke cigarettes,NA
504864,2003,Did not ride a bicycle,NA,No,Never smoked a cigarette,0 days,Did not smoke cigarettes,NA
1307187,2013,Did not ride a bicycle,0 days,No,Never smoked a cigarette,0 days,Did not smoke cigarettes,FALSE
182070,1995,Never wore a helmet,NA,Yes,9 or 10 years old,20 to 29 days,1 cigarette,NA
328590,1999,Always wore a helmet,NA,Yes,11 or 12 years old,All 30 days,6 to 10 cigarettes,NA
506725,2003,Never wore a helmet,NA,Yes,Never smoked a cigarette,0 days,Did not smoke cigarettes,NA
773441,2007,Rarely wore a helmet,NA,No,Never smoked a cigarette,0 days,Did not smoke cigarettes,NA
1108193,2011,Never wore a helmet,NA,Yes,11 or 12 years old,10 to 19 days,2 to 5 cigarettes,FALSE
331462,1999,Never wore a helmet,NA,No,Never smoked a cigarette,0 days,Did not smoke cigarettes,NA
764623,2007,Did not ride a bicycle,NA,Yes,Never smoked a cigarette,0 days,Did not smoke cigarettes,NA
511854,2003,Rarely wore a helmet,NA,Yes,17 years old or older,NA,NA,NA
925045,2009,Did not ride a bicycle,NA,No,Never smoked a cigarette,0 days,Did not smoke cigarettes,FALSE
641843,2005,Always wore a helmet,NA,No,Never smoked a cigarette,0 days,Did not smoke cigarettes,NA
634353,2005,Did not ride a bicycle,NA,Yes,Never smoked a cigarette,0 days,Did not smoke cigarettes,NA
773475,2007,Did not ride a bicycle,NA,No,Never smoked a cigarette,0 days,Did not smoke cigarettes,NA
186445,1995,Never wore a helmet,NA,NA,Never smoked a cigarette,0 days,Did not smoke cigarettes,NA
260194,1997,Never wore a helmet,NA,Yes,13 or 14 years old,All 30 days,2 to 5 cigarettes,NA
1304803,2013,Never wore a helmet,0 days,No,Never smoked a cigarette,0 days,Did not smoke cigarettes,TRUE
771492,2007,Never wore a helmet,NA,No,Never smoked a cigarette,0 days,Did not smoke cigarettes,NA
1308150,2013,Never wore a helmet,All 30 days,Yes,11 or 12 years old,0 days,Did not smoke cigarettes,FALSE
107186,1993,Did not ride a bicycle,NA,Yes,11 or 12 years old,1 or 2 days,Less than 1 cigarette,NA
36279,1991,Did not ride a bicycle,NA,Yes,NA,0 days,Did not smoke cigarettes,NA
117679,1993,Did not ride a bicycle,NA,Yes,8 years old or younger,All 30 days,6 to 10 cigarettes,NA
1315430,2013,Did not ride a bicycle,0 days,No,Never smoked a cigarette,0 days,Did not smoke cigarettes,FALSE
503732,2003,Did not ride a bicycle,NA,No,Never smoked a cigarette,0 days,Did not smoke cigarettes,NA
330089,1999,Never wore a helmet,NA,Yes,13 or 14 years old,0 days,Did not smoke cigarettes,NA
40890,1991,Did not ride a bicycle,NA,No,Never smoked a cigarette,0 days,Did not smoke cigarettes,NA
763861,2007,Did not ride a bicycle,NA,No,Never smoked a cigarette,0 days,Did not smoke cigarettes,NA
334288,1999,Did not ride a bicycle,NA,No,Never smoked a cigarette,0 days,Did not smoke cigarettes,NA
761309,2007,Never wore a helmet,NA,Yes,Never smoked a cigarette,0 days,Did not smoke cigarettes,NA
41801,1991,Did not ride a bicycle,NA,Yes,9 or 10 years old,0 days,Did not smoke cigarettes,NA
122845,1993,Never wore a helmet,NA,Yes,Never smoked a cigarette,0 days,Did not smoke cigarettes,NA
932107,2009,Never wore a helmet,NA,Yes,13 or 14 years old,0 days,Did not smoke cigarettes,FALSE
937660,2009,Did not ride a bicycle,NA,Yes,Never smoked a cigarette,0 days,Did not smoke cigarettes,FALSE
265992,1997,Did not ride a bicycle,NA,Yes,13 or 14 years old,0 days,Did not smoke cigarettes,NA
629646,2005,Never wore a helmet,NA,Yes,11 or 12 years old,10 to 19 days,1 cigarette,NA
927210,2009,Never wore a helmet,NA,No,Never smoked a cigarette,0 days,Did not smoke cigarettes,TRUE
256909,1997,Never wore a helmet,NA,NA,NA,0 days,Did not smoke cigarettes,NA
1313366,2013,Never wore a helmet,I did not drive the past 30 days,Yes,8 years old or younger,6 to 9 days,NA,FALSE
401861,2001,Always wore a helmet,NA,No,Never smoked a cigarette,0 days,Did not smoke cigarettes,NA
1315735,2013,Never wore a helmet,I did not drive the past 30 days,Yes,11 or 12 years old,6 to 9 days,1 cigarette,FALSE
633311,2005,Did not ride a bicycle,NA,Yes,Never smoked a cigarette,0 days,Did not smoke cigarettes,NA
928779,2009,Never wore a helmet,NA,Yes,Never smoked a cigarette,0 days,Did not smoke cigarettes,FALSE
1313254,2013,Always wore a helmet,0 days,Yes,15 or 16 years old,1 or 2 days,1 cigarette,FALSE
189174,1995,Did not ride a bicycle,NA,Yes,11 or 12 years old,20 to 29 days,2 to 5 cigarettes,NA
32592,1991,Never wore a helmet,NA,Yes,13 or 14 years old,0 days,Did not smoke cigarettes,NA
1101990,2011,Never wore a helmet,NA,NA,Never smoked a cigarette,0 days,NA,FALSE
640294,2005,Never wore a helmet,NA,Yes,13 or 14 years old,0 days,Did not smoke cigarettes,NA
31529,1991,Never wore a helmet,NA,No,Never smoked a cigarette,0 days,Did not smoke cigarettes,NA
1094903,2011,Most of the time wore a helmet,NA,No,Never smoked a cigarette,0 days,Did not smoke cigarettes,TRUE
1304337,2013,Never wore a helmet,0 days,Yes,13 or 14 years old,1 or 2 days,Less than 1 cigarette,FALSE
399698,2001,Did not ride a bicycle,NA,No,Never smoked a cigarette,0 days,Did not smoke cigarettes,NA
321434,1999,Did not ride a bicycle,NA,Yes,8 years old or younger,1 or 2 days,Less than 1 cigarette,NA
511233,2003,NA,NA,Yes,13 or 14 years old,0 days,Did not smoke cigarettes,NA
118085,1993,Sometimes wore a helmet,NA,No,Never smoked a cigarette,0 days,Did not smoke cigarettes,NA
1315521,2013,Did not ride a bicycle,I did not drive the past 30 days,No,Never smoked a cigarette,0 days,Did not smoke cigarettes,FALSE
640249,2005,Did not ride a bicycle,NA,Yes,15 or 16 years old,0 days,Did not smoke cigarettes,NA
323260,1999,Never wore a helmet,NA,No,Never smoked a cigarette,0 days,Did not smoke cigarettes,NA
335733,1999,Did not ride a bicycle,NA,Yes,17 years old or older,0 days,Did not smoke cigarettes,NA
257657,1997,Did not ride a bicycle,NA,No,Never smoked a cigarette,0 days,Did not smoke cigarettes,NA
263169,1997,Did not ride a bicycle,NA,Yes,15 or 16 years old,0 days,Did not smoke cigarettes,NA
332531,1999,Did not ride a bicycle,NA,No,Never smoked a cigarette,0 days,Did not smoke cigarettes,NA
190724,1995,NA,NA,No,Never smoked a cigarette,0 days,Did not smoke cigarettes,NA
121991,1993,Never wore a helmet,NA,Yes,Never smoked a cigarette,0 days,Did not smoke cigarettes,NA
324754,1999,Never wore a helmet,NA,Yes,8 years old or younger,0 days,Did not smoke cigarettes,NA
1304477,2013,Never wore a helmet,0 days,Yes,8 years old or younger,0 days,Did not smoke cigarettes,FALSE
408197,2001,Never wore a helmet,NA,Yes,13 or 14 years old,0 days,Did not smoke cigarettes,NA
1307510,2013,Rarely wore a helmet,0 days,Yes,15 or 16 years old,0 days,Did not smoke cigarettes,FALSE
188529,1995,Never wore a helmet,NA,No,Never smoked a cigarette,0 days,Did not smoke cigarettes,NA
935770,2009,Never wore a helmet,NA,Yes,9 or 10 years old,6 to 9 days,1 cigarette,FALSE
259166,1997,NA,NA,Yes,Never smoked a cigarette,0 days,Did not smoke cigarettes,NA
270702,1997,Did not ride a bicycle,NA,Yes,15 or 16 years old,0 days,Did not smoke cigarettes,NA
629916,2005,Did not ride a bicycle,NA,No,Never smoked a cigarette,0 days,Did not smoke cigarettes,NA
185887,1995,Did not ride a bicycle,NA,Yes,13 or 14 years old,3 to 5 days,Less than 1 cigarette,NA
761470,2007,Never wore a helmet,NA,Yes,13 or 14 years old,10 to 19 days,2 to 5 cigarettes,NA
1098955,2011,Never wore a helmet,NA,No,Never smoked a cigarette,0 days,Did not smoke cigarettes,FALSE
402505,2001,Sometimes wore a helmet,NA,No,Never smoked a cigarette,0 days,Did not smoke cigarettes,NA
931170,2009,NA,NA,No,Never smoked a cigarette,0 days,Did not smoke cigarettes,NA
1106031,2011,Never wore a helmet,NA,Yes,Never smoked a cigarette,0 days,Did not smoke cigarettes,FALSE
189046,1995,Did not ride a bicycle,NA,Yes,Never smoked a cigarette,0 days,Did not smoke cigarettes,NA
268746,1997,Did not ride a bicycle,NA,No,Never smoked a cigarette,0 days,Did not smoke cigarettes,NA
270528,1997,Did not ride a bicycle,NA,No,Never smoked a cigarette,0 days,Did not smoke cigarettes,NA
925446,2009,Never wore a helmet,NA,Yes,15 or 16 years old,1 or 2 days,Less than 1 cigarette,TRUE
325872,1999,Never wore a helmet,NA,Yes,15 or 16 years old,20 to 29 days,2 to 5 cigarettes,NA
264057,1997,Never wore a helmet,NA,No,Never smoked a cigarette,0 days,Did not smoke cigarettes,NA
642186,2005,Most of the time wore a helmet,NA,Yes,15 or 16 years old,3 to 5 days,Less than 1 cigarette,NA
766517,2007,Never wore a helmet,NA,Yes,13 or 14 years old,0 days,Did not smoke cigarettes,NA
1102335,2011,Never wore a helmet,NA,Yes,13 or 14 years old,0 days,Did not smoke cigarettes,FALSE
408323,2001,Did not ride a bicycle,NA,NA,Never smoked a cigarette,0 days,Did not smoke cigarettes,NA
1303855,2013,Did not ride a bicycle,I did not drive the past 30 days,No,Never smoked a cigarette,0 days,Did not smoke cigarettes,FALSE
117473,1993,Never wore a helmet,NA,No,Never smoked a cigarette,0 days,Did not smoke cigarettes,NA
635463,2005,Never wore a helmet,NA,No,Never smoked a cigarette,0 days,Did not smoke cigarettes,NA
1098416,2011,Never wore a helmet,NA,NA,Never smoked a cigarette,0 days,NA,FALSE
110024,1993,Never wore a helmet,NA,NA,NA,0 days,Did not smoke cigarettes,NA
109781,1993,Never wore a helmet,NA,No,Never smoked a cigarette,0 days,Did not smoke cigarettes,NA
404313,2001,Most of the time wore a helmet,NA,No,Never smoked a cigarette,0 days,Did not smoke cigarettes,NA
1311453,2013,Never wore a helmet,I did not drive the past 30 days,No,Never smoked a cigarette,0 days,Did not smoke cigarettes,FALSE
31278,1991,Did not ride a bicycle,NA,Yes,11 or 12 years old,0 days,Did not smoke cigarettes,NA
39296,1991,Never wore a helmet,NA,No,Never smoked a cigarette,0 days,Did not smoke cigarettes,NA
632774,2005,Did not ride a bicycle,NA,No,Never smoked a cigarette,0 days,Did not smoke cigarettes,NA
116267,1993,Did not ride a bicycle,NA,No,Never smoked a cigarette,0 days,Did not smoke cigarettes,NA
1312939,2013,Never wore a helmet,10 to 19 days,No,Never smoked a cigarette,0 days,Did not smoke cigarettes,FALSE
639725,2005,Did not ride a bicycle,NA,Yes,Never smoked a cigarette,0 days,Did not smoke cigarettes,NA
36030,1991,Did not ride a bicycle,NA,Yes,17 years old or older,1 or 2 days,2 to 5 cigarettes,NA
324267,1999,Never wore a helmet,NA,No,Never smoked a cigarette,0 days,Did not smoke cigarettes,NA
1307141,2013,Never wore a helmet,0 days,Yes,Never smoked a cigarette,0 days,Did not smoke cigarettes,FALSE
499653,2003,NA,NA,No,Never smoked a cigarette,0 days,Did not smoke cigarettes,NA
1314739,2013,Did not ride a bicycle,0 days,No,Never smoked a cigarette,0 days,Did not smoke cigarettes,FALSE
763288,2007,NA,NA,Yes,NA,1 or 2 days,NA,NA
499382,2003,Sometimes wore a helmet,NA,Yes,NA,0 days,Did not smoke cigarettes,NA
334232,1999,Most of the time wore a helmet,NA,Yes,15 or 16 years old,0 days,Did not smoke cigarettes,NA
186876,1995,Did not ride a bicycle,NA,No,Never smoked a cigarette,0 days,Did not smoke cigarettes,NA
633025,2005,Sometimes wore a helmet,NA,No,Never smoked a cigarette,0 days,Did not smoke cigarettes,NA
1095817,2011,Never wore a helmet,NA,Yes,15 or 16 years old,1 or 2 days,Less than 1 cigarette,FALSE
767744,2007,Did not ride a bicycle,NA,No,Never smoked a cigarette,0 days,Did not smoke cigarettes,NA
764603,2007,Never wore a helmet,NA,No,Never smoked a cigarette,0 days,Did not smoke cigarettes,NA
513452,2003,Never wore a helmet,NA,Yes,11 or 12 years old,0 days,Did not smoke cigarettes,NA
404837,2001,Did not ride a bicycle,NA,NA,NA,NA,NA,NA
185454,1995,Never wore a helmet,NA,Yes,13 or 14 years old,0 days,Did not smoke cigarettes,NA
925132,2009,Never wore a helmet,NA,No,Never smoked a cigarette,0 days,Did not smoke cigarettes,FALSE
629364,2005,Never wore a helmet,NA,Yes,Never smoked a cigarette,0 days,Did not smoke cigarettes,NA
327751,1999,Never wore a helmet,NA,Yes,15 or 16 years old,0 days,Did not smoke cigarettes,NA
35401,1991,Never wore a helmet,NA,NA,NA,NA,NA,NA
1104438,2011,Did not ride a bicycle,NA,NA,Never smoked a cigarette,0 days,NA,FALSE
933442,2009,Most of the time wore a helmet,NA,No,Never smoked a cigarette,0 days,Did not smoke cigarettes,FALSE
322769,1999,Rarely wore a helmet,NA,Yes,13 or 14 years old,0 days,Did not smoke cigarettes,NA
36661,1991,Never wore a helmet,NA,Yes,13 or 14 years old,NA,NA,NA
513008,2003,Rarely wore a helmet,NA,NA,NA,0 days,NA,NA
1103791,2011,Never wore a helmet,NA,Yes,8 years old or younger,1 or 2 days,Less than 1 cigarette,TRUE
180998,1995,Never wore a helmet,NA,Yes,11 or 12 years old,0 days,Did not smoke cigarettes,NA
398381,2001,Did not ride a bicycle,NA,No,Never smoked a cigarette,0 days,Did not smoke cigarettes,NA
506395,2003,Never wore a helmet,NA,Yes,13 or 14 years old,0 days,Did not smoke cigarettes,NA
256731,1997,Never wore a helmet,NA,Yes,13 or 14 years old,0 days,Did not smoke cigarettes,NA
335603,1999,Did not ride a bicycle,NA,Yes,17 years old or older,6 to 9 days,2 to 5 cigarettes,NA
1313983,2013,Did not ride a bicycle,0 days,No,Never smoked a cigarette,0 days,Did not smoke cigarettes,FALSE
107656,1993,Did not ride a bicycle,NA,Yes,Never smoked a cigarette,0 days,Did not smoke cigarettes,NA
401208,2001,Rarely wore a helmet,NA,Yes,8 years old or younger,0 days,Did not smoke cigarettes,NA
500192,2003,Never wore a helmet,NA,Yes,13 or 14 years old,1 or 2 days,Less than 1 cigarette,NA
636446,2005,Never wore a helmet,NA,No,Never smoked a cigarette,0 days,Did not smoke cigarettes,NA
630148,2005,Rarely wore a helmet,NA,No,Never smoked a cigarette,0 days,Did not smoke cigarettes,NA
122022,1993,Did not ride a bicycle,NA,Yes,17 years old or older,6 to 9 days,1 cigarette,NA
925061,2009,Did not ride a bicycle,NA,Yes,13 or 14 years old,1 or 2 days,2 to 5 cigarettes,TRUE
328038,1999,Never wore a helmet,NA,No,Never smoked a cigarette,0 days,Did not smoke cigarettes,NA
1104545,2011,NA,NA,Yes,Never smoked a cigarette,0 days,Did not smoke cigarettes,NA
1307006,2013,Did not ride a bicycle,0 days,Yes,11 or 12 years old,6 to 9 days,6 to 10 cigarettes,FALSE
1100508,2011,Never wore a helmet,NA,NA,Never smoked a cigarette,0 days,NA,FALSE
39388,1991,Never wore a helmet,NA,Yes,13 or 14 years old,0 days,Did not smoke cigarettes,NA
1107440,2011,Never wore a helmet,NA,Yes,15 or 16 years old,0 days,Did not smoke cigarettes,TRUE
933649,2009,Sometimes wore a helmet,NA,No,Never smoked a cigarette,0 days,Did not smoke cigarettes,FALSE
259352,1997,Sometimes wore a helmet,NA,Yes,9 or 10 years old,0 days,Did not smoke cigarettes,NA
37282,1991,Did not ride a bicycle,NA,Yes,Never smoked a cigarette,0 days,Did not smoke cigarettes,NA
37239,1991,Most of the time wore a helmet,NA,No,Never smoked a cigarette,0 days,Did not smoke cigarettes,NA
509565,2003,Did not ride a bicycle,NA,Yes,11 or 12 years old,All 30 days,6 to 10 cigarettes,NA
266336,1997,Never wore a helmet,NA,Yes,15 or 16 years old,3 to 5 days,Less than 1 cigarette,NA
1097376,2011,Never wore a helmet,NA,No,Never smoked a cigarette,0 days,Did not smoke cigarettes,FALSE
929609,2009,Rarely wore a helmet,NA,Yes,Never smoked a cigarette,0 days,Did not smoke cigarettes,FALSE
333038,1999,Rarely wore a helmet,NA,Yes,13 or 14 years old,3 to 5 days,2 to 5 cigarettes,NA
183403,1995,Did not ride a bicycle,NA,Yes,15 or 16 years old,0 days,Did not smoke cigarettes,NA
111399,1993,Never wore a helmet,NA,Yes,13 or 14 years old,0 days,Did not smoke cigarettes,NA
405529,2001,Did not ride a bicycle,NA,Yes,11 or 12 years old,0 days,Did not smoke cigarettes,NA
765006,2007,Never wore a helmet,NA,Yes,Never smoked a cigarette,0 days,Did not smoke cigarettes,NA
1095466,2011,Never wore a helmet,NA,No,Never smoked a cigarette,0 days,Did not smoke cigarettes,FALSE
1313179,2013,Did not ride a bicycle,I did not drive the past 30 days,No,Never smoked a cigarette,0 days,Did not smoke cigarettes,TRUE
38806,1991,Never wore a helmet,NA,Yes,15 or 16 years old,0 days,Did not smoke cigarettes,NA
31148,1991,Never wore a helmet,NA,Yes,15 or 16 years old,1 or 2 days,Less than 1 cigarette,NA
333697,1999,Never wore a helmet,NA,Yes,15 or 16 years old,3 to 5 days,1 cigarette,NA
112138,1993,Never wore a helmet,NA,Yes,Never smoked a cigarette,0 days,Did not smoke cigarettes,NA
932973,2009,Always wore a helmet,NA,No,Never smoked a cigarette,0 days,Did not smoke cigarettes,FALSE
499402,2003,Never wore a helmet,NA,No,Never smoked a cigarette,0 days,Did not smoke cigarettes,NA
505672,2003,Never wore a helmet,NA,Yes,8 years old or younger,All 30 days,More than 20 cigarettes,NA
639226,2005,Always wore a helmet,NA,No,Never smoked a cigarette,0 days,Did not smoke cigarettes,NA
1099129,2011,Did not ride a bicycle,NA,Yes,17 years old or older,1 or 2 days,NA,FALSE
636191,2005,Never wore a helmet,NA,No,Never smoked a cigarette,0 days,Did not smoke cigarettes,NA
258061,1997,Did not ride a bicycle,NA,Yes,13 or 14 years old,0 days,Did not smoke cigarettes,NA
763008,2007,Never wore a helmet,NA,Yes,15 or 16 years old,10 to 19 days,2 to 5 cigarettes,NA
773544,2007,Never wore a helmet,NA,Yes,15 or 16 years old,0 days,Did not smoke cigarettes,NA
40831,1991,Never wore a helmet,NA,No,Never smoked a cigarette,0 days,Did not smoke cigarettes,NA
640372,2005,Rarely wore a helmet,NA,No,Never smoked a cigarette,0 days,Did not smoke cigarettes,NA
937386,2009,Did not ride a bicycle,NA,No,Never smoked a cigarette,0 days,Did not smoke cigarettes,TRUE
507116,2003,Never wore a helmet,NA,No,Never smoked a cigarette,0 days,Did not smoke cigarettes,NA
36906,1991,Did not ride a bicycle,NA,No,Never smoked a cigarette,0 days,Did not smoke cigarettes,NA
763025,2007,Rarely wore a helmet,NA,No,Never smoked a cigarette,0 days,Did not smoke cigarettes,NA
266451,1997,Did not ride a bicycle,NA,No,Never smoked a cigarette,0 days,Did not smoke cigarettes,NA
629590,2005,Rarely wore a helmet,NA,Yes,Never smoked a cigarette,0 days,Did not smoke cigarettes,NA
271312,1997,Never wore a helmet,NA,No,Never smoked a cigarette,0 days,Did not smoke cigarettes,NA
635693,2005,Never wore a helmet,NA,Yes,13 or 14 years old,1 or 2 days,Less than 1 cigarette,NA
399626,2001,Did not ride a bicycle,NA,No,Never smoked a cigarette,0 days,Did not smoke cigarettes,NA
400269,2001,Never wore a helmet,NA,No,Never smoked a cigarette,0 days,Did not smoke cigarettes,NA
186666,1995,Did not ride a bicycle,NA,Yes,Never smoked a cigarette,0 days,Did not smoke cigarettes,NA
637914,2005,Did not ride a bicycle,NA,No,Never smoked a cigarette,0 days,Did not smoke cigarettes,NA
255704,1997,Never wore a helmet,NA,No,Never smoked a cigarette,0 days,Did not smoke cigarettes,NA
629180,2005,Never wore a helmet,NA,Yes,9 or 10 years old,0 days,Did not smoke cigarettes,NA
117942,1993,Never wore a helmet,NA,No,Never smoked a cigarette,0 days,Did not smoke cigarettes,NA
402963,2001,Never wore a helmet,NA,Yes,Never smoked a cigarette,0 days,Did not smoke cigarettes,NA
923342,2009,Never wore a helmet,NA,Yes,Never smoked a cigarette,0 days,Did not smoke cigarettes,TRUE
122057,1993,Never wore a helmet,NA,Yes,11 or 12 years old,3 to 5 days,Less than 1 cigarette,NA
761811,2007,Did not ride a bicycle,NA,Yes,13 or 14 years old,NA,NA,NA
1304048,2013,Never wore a helmet,I did not drive the past 30 days,NA,NA,0 days,Did not smoke cigarettes,FALSE
1304089,2013,Did not ride a bicycle,I did not drive the past 30 days,No,Never smoked a cigarette,0 days,Did not smoke cigarettes,TRUE
635516,2005,Never wore a helmet,NA,No,Never smoked a cigarette,0 days,Did not smoke cigarettes,NA
636921,2005,Never wore a helmet,NA,Yes,Never smoked a cigarette,0 days,Did not smoke cigarettes,NA
402431,2001,Did not ride a bicycle,NA,No,Never smoked a cigarette,0 days,Did not smoke cigarettes,NA
1308454,2013,Did not ride a bicycle,I did not drive the past 30 days,No,Never smoked a cigarette,0 days,Did not smoke cigarettes,FALSE
115593,1993,NA,NA,Yes,Never smoked a cigarette,0 days,Did not smoke cigarettes,NA
773603,2007,Never wore a helmet,NA,Yes,Never smoked a cigarette,0 days,Did not smoke cigarettes,NA
118005,1993,Did not ride a bicycle,NA,No,Never smoked a cigarette,0 days,Did not smoke cigarettes,NA
264623,1997,Did not ride a bicycle,NA,No,Never smoked a cigarette,0 days,Did not smoke cigarettes,NA
186752,1995,Did not ride a bicycle,NA,No,Never smoked a cigarette,0 days,Did not smoke cigarettes,NA
321905,1999,Rarely wore a helmet,NA,No,Never smoked a cigarette,0 days,Did not smoke cigarettes,NA
1308300,2013,Never wore a helmet,1 or 2 days,Yes,15 or 16 years old,0 days,Did not smoke cigarettes,FALSE
927622,2009,Never wore a helmet,NA,Yes,15 or 16 years old,0 days,Did not smoke cigarettes,TRUE
400867,2001,Never wore a helmet,NA,No,Never smoked a cigarette,0 days,Did not smoke cigarettes,NA
35033,1991,Never wore a helmet,NA,No,Never smoked a cigarette,0 days,Did not smoke cigarettes,NA
762930,2007,Never wore a helmet,NA,No,NA,NA,NA,NA
502232,2003,Never wore a helmet,NA,No,Never smoked a cigarette,0 days,Did not smoke cigarettes,NA
322151,1999,Did not ride a bicycle,NA,Yes,13 or 14 years old,NA,NA,NA
184020,1995,Never wore a helmet,NA,Yes,8 years old or younger,All 30 days,2 to 5 cigarettes,NA
106912,1993,Never wore a helmet,NA,Yes,15 or 16 years old,0 days,Did not smoke cigarettes,NA
107707,1993,Never wore a helmet,NA,No,Never smoked a cigarette,0 days,Did not smoke cigarettes,NA
259304,1997,Did not ride a bicycle,NA,No,Never smoked a cigarette,0 days,Did not smoke cigarettes,NA
929592,2009,Did not ride a bicycle,NA,No,Never smoked a cigarette,0 days,Did not smoke cigarettes,FALSE
266957,1997,Did not ride a bicycle,NA,No,Never smoked a cigarette,0 days,Did not smoke cigarettes,NA
1101928,2011,Rarely wore a helmet,NA,Yes,Never smoked a cigarette,0 days,Did not smoke cigarettes,FALSE
1094952,2011,Rarely wore a helmet,NA,No,Never smoked a cigarette,0 days,Did not smoke cigarettes,FALSE
260469,1997,Never wore a helmet,NA,No,Never smoked a cigarette,0 days,Did not smoke cigarettes,NA
401977,2001,Never wore a helmet,NA,Yes,15 or 16 years old,20 to 29 days,11 to 20 cigarettes,NA
182256,1995,Never wore a helmet,NA,No,Never smoked a cigarette,0 days,Did not smoke cigarettes,NA
259102,1997,Did not ride a bicycle,NA,Yes,13 or 14 years old,10 to 19 days,2 to 5 cigarettes,NA
39881,1991,Did not ride a bicycle,NA,Yes,Never smoked a cigarette,0 days,Did not smoke cigarettes,NA
36188,1991,NA,NA,No,Never smoked a cigarette,0 days,Did not smoke cigarettes,NA
328206,1999,Sometimes wore a helmet,NA,No,Never smoked a cigarette,0 days,Did not smoke cigarettes,NA
37760,1991,Did not ride a bicycle,NA,Yes,13 or 14 years old,10 to 19 days,2 to 5 cigarettes,NA
41873,1991,Did not ride a bicycle,NA,Yes,11 or 12 years old,1 or 2 days,Less than 1 cigarette,NA
639826,2005,Always wore a helmet,NA,Yes,17 years old or older,NA,NA,NA
34469,1991,Never wore a helmet,NA,No,Never smoked a cigarette,0 days,Did not smoke cigarettes,NA
325891,1999,Never wore a helmet,NA,Yes,15 or 16 years old,0 days,Did not smoke cigarettes,NA
118554,1993,Never wore a helmet,NA,No,Never smoked a cigarette,0 days,Did not smoke cigarettes,NA
325889,1999,Rarely wore a helmet,NA,No,NA,0 days,Did not smoke cigarettes,NA
34993,1991,Never wore a helmet,NA,Yes,15 or 16 years old,0 days,Did not smoke cigarettes,NA
766418,2007,Never wore a helmet,NA,Yes,17 years old or older,0 days,Did not smoke cigarettes,NA
40884,1991,Never wore a helmet,NA,Yes,11 or 12 years old,0 days,Did not smoke cigarettes,NA
119819,1993,Did not ride a bicycle,NA,No,Never smoked a cigarette,0 days,Did not smoke cigarettes,NA
262629,1997,Always wore a helmet,NA,Yes,17 years old or older,20 to 29 days,2 to 5 cigarettes,NA
36628,1991,Never wore a helmet,NA,No,Never smoked a cigarette,0 days,Did not smoke cigarettes,NA
765377,2007,Rarely wore a helmet,NA,No,Never smoked a cigarette,0 days,Did not smoke cigarettes,NA
113621,1993,Did not ride a bicycle,NA,Yes,13 or 14 years old,All 30 days,11 to 20 cigarettes,NA
262289,1997,Never wore a helmet,NA,Yes,11 or 12 years old,All 30 days,11 to 20 cigarettes,NA
1306256,2013,Never wore a helmet,I did not drive the past 30 days,No,Never smoked a cigarette,0 days,Did not smoke cigarettes,FALSE
631436,2005,Never wore a helmet,NA,Yes,13 or 14 years old,1 or 2 days,Less than 1 cigarette,NA
505402,2003,Sometimes wore a helmet,NA,Yes,13 or 14 years old,0 days,Did not smoke cigarettes,NA
629458,2005,Most of the time wore a helmet,NA,No,Never smoked a cigarette,0 days,Did not smoke cigarettes,NA
323045,1999,Always wore a helmet,NA,No,Never smoked a cigarette,0 days,Did not smoke cigarettes,NA
499538,2003,Never wore a helmet,NA,Yes,8 years old or younger,0 days,Did not smoke cigarettes,NA
32702,1991,Never wore a helmet,NA,Yes,15 or 16 years old,6 to 9 days,2 to 5 cigarettes,NA
773729,2007,Never wore a helmet,NA,Yes,15 or 16 years old,0 days,Did not smoke cigarettes,NA
188395,1995,Did not ride a bicycle,NA,No,Never smoked a cigarette,0 days,Did not smoke cigarettes,NA
264038,1997,Did not ride a bicycle,NA,Yes,Never smoked a cigarette,0 days,Did not smoke cigarettes,NA
499438,2003,Never wore a helmet,NA,No,NA,0 days,Did not smoke cigarettes,NA
1097794,2011,Did not ride a bicycle,NA,No,Never smoked a cigarette,0 days,Did not smoke cigarettes,FALSE
630860,2005,Never wore a helmet,NA,Yes,8 years old or younger,3 to 5 days,2 to 5 cigarettes,NA
36500,1991,Did not ride a bicycle,NA,Yes,15 or 16 years old,0 days,Did not smoke cigarettes,NA
1100364,2011,NA,NA,No,Never smoked a cigarette,0 days,Did not smoke cigarettes,FALSE
31209,1991,Never wore a helmet,NA,No,Never smoked a cigarette,0 days,Did not smoke cigarettes,NA
1305770,2013,Sometimes wore a helmet,NA,No,Never smoked a cigarette,0 days,Did not smoke cigarettes,FALSE
636081,2005,Never wore a helmet,NA,No,Never smoked a cigarette,0 days,Did not smoke cigarettes,NA
772451,2007,Did not ride a bicycle,NA,Yes,15 or 16 years old,All 30 days,2 to 5 cigarettes,NA
631083,2005,Never wore a helmet,NA,No,Never smoked a cigarette,0 days,Did not smoke cigarettes,NA
269128,1997,Did not ride a bicycle,NA,Yes,15 or 16 years old,1 or 2 days,Less than 1 cigarette,NA
258183,1997,Always wore a helmet,NA,Yes,13 or 14 years old,0 days,Did not smoke cigarettes,NA
770171,2007,Never wore a helmet,NA,Yes,11 or 12 years old,All 30 days,11 to 20 cigarettes,NA
186643,1995,Never wore a helmet,NA,No,Never smoked a cigarette,0 days,Did not smoke cigarettes,NA
938302,2009,NA,NA,Yes,11 or 12 years old,All 30 days,6 to 10 cigarettes,FALSE
1308486,2013,NA,0 days,No,Never smoked a cigarette,0 days,Did not smoke cigarettes,FALSE
119573,1993,Did not ride a bicycle,NA,No,Never smoked a cigarette,0 days,Did not smoke cigarettes,NA
1100944,2011,Never wore a helmet,NA,Yes,15 or 16 years old,3 to 5 days,Less than 1 cigarette,FALSE
508758,2003,NA,NA,No,Never smoked a cigarette,0 days,Did not smoke cigarettes,NA
505741,2003,Did not ride a bicycle,NA,No,Never smoked a cigarette,0 days,Did not smoke cigarettes,NA
268692,1997,Never wore a helmet,NA,Yes,Never smoked a cigarette,0 days,Did not smoke cigarettes,NA
503965,2003,Never wore a helmet,NA,No,Never smoked a cigarette,0 days,Did not smoke cigarettes,NA
1094523,2011,Sometimes wore a helmet,NA,No,Never smoked a cigarette,0 days,Did not smoke cigarettes,TRUE
637006,2005,Did not ride a bicycle,NA,No,Never smoked a cigarette,0 days,Did not smoke cigarettes,NA
397798,2001,Rarely wore a helmet,NA,Yes,15 or 16 years old,0 days,Did not smoke cigarettes,NA
1106641,2011,Never wore a helmet,NA,No,Never smoked a cigarette,0 days,Did not smoke cigarettes,FALSE
1312752,2013,Sometimes wore a helmet,I did not drive the past 30 days,No,Never smoked a cigarette,0 days,Did not smoke cigarettes,FALSE
1310497,2013,Never wore a helmet,I did not drive the past 30 days,Yes,Never smoked a cigarette,0 days,Did not smoke cigarettes,FALSE
322154,1999,Never wore a helmet,NA,No,Never smoked a cigarette,0 days,Did not smoke cigarettes,NA
639896,2005,Did not ride a bicycle,NA,NA,Never smoked a cigarette,0 days,NA,NA
256624,1997,Never wore a helmet,NA,No,Never smoked a cigarette,0 days,Did not smoke cigarettes,NA
114905,1993,Did not ride a bicycle,NA,Yes,13 or 14 years old,0 days,Did not smoke cigarettes,NA
507635,2003,Sometimes wore a helmet,NA,No,Never smoked a cigarette,0 days,Did not smoke cigarettes,NA
511264,2003,NA,NA,Yes,13 or 14 years old,0 days,Did not smoke cigarettes,NA
266329,1997,Did not ride a bicycle,NA,Yes,15 or 16 years old,6 to 9 days,1 cigarette,NA
261556,1997,Sometimes wore a helmet,NA,Yes,15 or 16 years old,0 days,Did not smoke cigarettes,NA
409627,2001,Did not ride a bicycle,NA,No,Never smoked a cigarette,0 days,Did not smoke cigarettes,NA
332145,1999,Never wore a helmet,NA,Yes,11 or 12 years old,0 days,Did not smoke cigarettes,NA
115170,1993,Never wore a helmet,NA,No,Never smoked a cigarette,0 days,Did not smoke cigarettes,NA
769780,2007,Rarely wore a helmet,NA,No,Never smoked a cigarette,0 days,Did not smoke cigarettes,NA
186005,1995,Did not ride a bicycle,NA,No,Never smoked a cigarette,0 days,Did not smoke cigarettes,NA
501823,2003,Never wore a helmet,NA,Yes,8 years old or younger,0 days,Did not smoke cigarettes,NA
505613,2003,Did not ride a bicycle,NA,NA,NA,NA,NA,NA
774510,2007,Did not ride a bicycle,NA,Yes,17 years old or older,0 days,Did not smoke cigarettes,NA
501840,2003,Never wore a helmet,NA,Yes,11 or 12 years old,6 to 9 days,2 to 5 cigarettes,NA
336296,1999,Never wore a helmet,NA,No,Never smoked a cigarette,0 days,Did not smoke cigarettes,NA
270929,1997,Never wore a helmet,NA,No,Never smoked a cigarette,0 days,Did not smoke cigarettes,NA
182476,1995,Did not ride a bicycle,NA,Yes,Never smoked a cigarette,0 days,Did not smoke cigarettes,NA
266460,1997,Did not ride a bicycle,NA,Yes,13 or 14 years old,10 to 19 days,2 to 5 cigarettes,NA
335726,1999,Most of the time wore a helmet,NA,Yes,11 or 12 years old,All 30 days,2 to 5 cigarettes,NA
123062,1993,Did not ride a bicycle,NA,Yes,9 or 10 years old,All 30 days,11 to 20 cigarettes,NA
114035,1993,Did not ride a bicycle,NA,No,Never smoked a cigarette,0 days,Did not smoke cigarettes,NA
632404,2005,Did not ride a bicycle,NA,Yes,13 or 14 years old,0 days,Did not smoke cigarettes,NA
40764,1991,Did not ride a bicycle,NA,Yes,13 or 14 years old,0 days,Did not smoke cigarettes,NA
326309,1999,Always wore a helmet,NA,No,Never smoked a cigarette,0 days,Did not smoke cigarettes,NA
764674,2007,Never wore a helmet,NA,No,Never smoked a cigarette,0 days,Did not smoke cigarettes,NA
505026,2003,Never wore a helmet,NA,No,Never smoked a cigarette,0 days,Did not smoke cigarettes,NA
1312190,2013,Did not ride a bicycle,I did not drive the past 30 days,No,Never smoked a cigarette,0 days,Did not smoke cigarettes,FALSE
33158,1991,Did not ride a bicycle,NA,Yes,Never smoked a cigarette,0 days,Did not smoke cigarettes,NA
1313052,2013,Did not ride a bicycle,0 days,Yes,Never smoked a cigarette,0 days,Did not smoke cigarettes,FALSE
256081,1997,Never wore a helmet,NA,No,Never smoked a cigarette,0 days,Did not smoke cigarettes,NA
509867,2003,Never wore a helmet,NA,Yes,8 years old or younger,6 to 9 days,1 cigarette,NA
41162,1991,Did not ride a bicycle,NA,No,Never smoked a cigarette,0 days,Did not smoke cigarettes,NA
641877,2005,Did not ride a bicycle,NA,Yes,Never smoked a cigarette,0 days,Did not smoke cigarettes,NA
112458,1993,NA,NA,Yes,15 or 16 years old,NA,NA,NA
772729,2007,Never wore a helmet,NA,Yes,8 years old or younger,1 or 2 days,1 cigarette,NA
641672,2005,Did not ride a bicycle,NA,No,Never smoked a cigarette,0 days,Did not smoke cigarettes,NA
1105013,2011,Did not ride a bicycle,NA,No,Never smoked a cigarette,0 days,Did not smoke cigarettes,FALSE
1306078,2013,Never wore a helmet,0 days,No,Never smoked a cigarette,0 days,Did not smoke cigarettes,FALSE
40350,1991,Never wore a helmet,NA,Yes,13 or 14 years old,0 days,Did not smoke cigarettes,NA
324167,1999,Did not ride a bicycle,NA,Yes,8 years old or younger,0 days,Did not smoke cigarettes,NA
113472,1993,Never wore a helmet,NA,Yes,8 years old or younger,All 30 days,More than 20 cigarettes,NA
120331,1993,Did not ride a bicycle,NA,Yes,13 or 14 years old,0 days,Did not smoke cigarettes,NA
34804,1991,Never wore a helmet,NA,No,Never smoked a cigarette,0 days,Did not smoke cigarettes,NA
325830,1999,Never wore a helmet,NA,Yes,15 or 16 years old,3 to 5 days,Less than 1 cigarette,NA
322269,1999,Always wore a helmet,NA,No,Never smoked a cigarette,0 days,Did not smoke cigarettes,NA
398090,2001,Never wore a helmet,NA,Yes,11 or 12 years old,0 days,Did not smoke cigarettes,NA
181590,1995,Did not ride a bicycle,NA,Yes,13 or 14 years old,1 or 2 days,Less than 1 cigarette,NA
32467,1991,Never wore a helmet,NA,Yes,11 or 12 years old,6 to 9 days,2 to 5 cigarettes,NA
332371,1999,Did not ride a bicycle,NA,No,Never smoked a cigarette,0 days,Did not smoke cigarettes,NA
639085,2005,NA,NA,Yes,15 or 16 years old,0 days,Did not smoke cigarettes,NA
761174,2007,Never wore a helmet,NA,No,Never smoked a cigarette,0 days,Did not smoke cigarettes,NA
506888,2003,Did not ride a bicycle,NA,Yes,9 or 10 years old,0 days,Did not smoke cigarettes,NA
107075,1993,Did not ride a bicycle,NA,No,Never smoked a cigarette,0 days,Did not smoke cigarettes,NA
1104851,2011,Never wore a helmet,NA,Yes,13 or 14 years old,0 days,Did not smoke cigarettes,FALSE
260678,1997,Did not ride a bicycle,NA,No,Never smoked a cigarette,0 days,Did not smoke cigarettes,NA
181900,1995,Did not ride a bicycle,NA,Yes,9 or 10 years old,All 30 days,6 to 10 cigarettes,NA
762851,2007,Sometimes wore a helmet,NA,No,Never smoked a cigarette,0 days,Did not smoke cigarettes,NA
629471,2005,Sometimes wore a helmet,NA,No,Never smoked a cigarette,0 days,Did not smoke cigarettes,NA
768657,2007,Most of the time wore a helmet,NA,No,Never smoked a cigarette,0 days,Did not smoke cigarettes,NA
396759,2001,Did not ride a bicycle,NA,No,Never smoked a cigarette,0 days,Did not smoke cigarettes,NA
1312655,2013,Did not ride a bicycle,0 days,No,NA,0 days,NA,FALSE
1315884,2013,Did not ride a bicycle,I did not drive the past 30 days,Yes,NA,20 to 29 days,NA,TRUE
1097683,2011,Did not ride a bicycle,NA,No,Never smoked a cigarette,0 days,Did not smoke cigarettes,FALSE
1096568,2011,Did not ride a bicycle,NA,NA,Never smoked a cigarette,0 days,NA,FALSE
1097717,2011,Did not ride a bicycle,NA,Yes,Never smoked a cigarette,0 days,Did not smoke cigarettes,FALSE
513304,2003,Never wore a helmet,NA,No,Never smoked a cigarette,0 days,Did not smoke cigarettes,NA
114576,1993,Never wore a helmet,NA,No,Never smoked a cigarette,0 days,Did not smoke cigarettes,NA
107577,1993,Did not ride a bicycle,NA,Yes,9 or 10 years old,1 or 2 days,Less than 1 cigarette,NA
1316081,2013,Did not ride a bicycle,I did not drive the past 30 days,NA,NA,0 days,Did not smoke cigarettes,TRUE
181164,1995,Never wore a helmet,NA,No,Never smoked a cigarette,0 days,Did not smoke cigarettes,NA
328168,1999,Sometimes wore a helmet,NA,Yes,15 or 16 years old,0 days,Did not smoke cigarettes,NA
329255,1999,Never wore a helmet,NA,No,Never smoked a cigarette,0 days,Did not smoke cigarettes,NA
1309951,2013,Rarely wore a helmet,20 to 29 days,Yes,11 or 12 years old,NA,NA,FALSE
118045,1993,Never wore a helmet,NA,No,Never smoked a cigarette,0 days,Did not smoke cigarettes,NA
321968,1999,Rarely wore a helmet,NA,Yes,11 or 12 years old,NA,NA,NA
122038,1993,Never wore a helmet,NA,No,Never smoked a cigarette,0 days,Did not smoke cigarettes,NA
1313691,2013,Did not ride a bicycle,0 days,No,Never smoked a cigarette,0 days,Did not smoke cigarettes,FALSE
512341,2003,Never wore a helmet,NA,Yes,15 or 16 years old,1 or 2 days,Less than 1 cigarette,NA
110754,1993,Did not ride a bicycle,NA,Yes,13 or 14 years old,NA,2 to 5 cigarettes,NA
1313946,2013,Did not ride a bicycle,I did not drive the past 30 days,No,Never smoked a cigarette,0 days,Did not smoke cigarettes,FALSE
321818,1999,Never wore a helmet,NA,NA,NA,NA,NA,NA
189615,1995,Did not ride a bicycle,NA,Yes,13 or 14 years old,0 days,Did not smoke cigarettes,NA
265096,1997,Did not ride a bicycle,NA,Yes,13 or 14 years old,0 days,Did not smoke cigarettes,NA
505283,2003,Always wore a helmet,NA,Yes,Never smoked a cigarette,0 days,NA,NA
922748,2009,Sometimes wore a helmet,NA,No,Never smoked a cigarette,0 days,Did not smoke cigarettes,FALSE
31060,1991,Never wore a helmet,NA,Yes,15 or 16 years old,6 to 9 days,2 to 5 cigarettes,NA
935465,2009,Did not ride a bicycle,NA,No,Never smoked a cigarette,0 days,Did not smoke cigarettes,FALSE
114743,1993,Never wore a helmet,NA,No,Never smoked a cigarette,0 days,NA,NA
1311304,2013,Never wore a helmet,0 days,Yes,9 or 10 years old,0 days,Did not smoke cigarettes,TRUE
324599,1999,Always wore a helmet,NA,Yes,15 or 16 years old,NA,NA,NA
183519,1995,Never wore a helmet,NA,Yes,8 years old or younger,0 days,Did not smoke cigarettes,NA
632565,2005,Never wore a helmet,NA,Yes,13 or 14 years old,0 days,Did not smoke cigarettes,NA
189698,1995,Never wore a helmet,NA,No,Never smoked a cigarette,0 days,Did not smoke cigarettes,NA
1096560,2011,Never wore a helmet,NA,No,Never smoked a cigarette,0 days,Did not smoke cigarettes,TRUE
928092,2009,Never wore a helmet,NA,No,Never smoked a cigarette,0 days,Did not smoke cigarettes,TRUE
1098667,2011,NA,NA,NA,13 or 14 years old,0 days,Did not smoke cigarettes,NA
499341,2003,Did not ride a bicycle,NA,Yes,NA,0 days,Did not smoke cigarettes,NA
403080,2001,Never wore a helmet,NA,Yes,11 or 12 years old,6 to 9 days,2 to 5 cigarettes,NA
1099406,2011,Never wore a helmet,NA,No,Never smoked a cigarette,0 days,Did not smoke cigarettes,FALSE
631293,2005,Never wore a helmet,NA,No,Never smoked a cigarette,0 days,Did not smoke cigarettes,NA
634429,2005,Always wore a helmet,NA,No,Never smoked a cigarette,0 days,Did not smoke cigarettes,NA
333804,1999,Never wore a helmet,NA,Yes,11 or 12 years old,0 days,Did not smoke cigarettes,NA
262231,1997,Never wore a helmet,NA,Yes,11 or 12 years old,All 30 days,More than 20 cigarettes,NA
122071,1993,Did not ride a bicycle,NA,No,Never smoked a cigarette,0 days,Did not smoke cigarettes,NA
184270,1995,NA,NA,Yes,15 or 16 years old,6 to 9 days,2 to 5 cigarettes,NA
186490,1995,NA,NA,Yes,13 or 14 years old,20 to 29 days,2 to 5 cigarettes,NA
632174,2005,Did not ride a bicycle,NA,Yes,13 or 14 years old,0 days,Did not smoke cigarettes,NA
324327,1999,Never wore a helmet,NA,No,Never smoked a cigarette,0 days,Did not smoke cigarettes,NA
1313634,2013,Never wore a helmet,I did not drive the past 30 days,Yes,8 years old or younger,1 or 2 days,Less than 1 cigarette,TRUE
118737,1993,Never wore a helmet,NA,No,Never smoked a cigarette,0 days,Did not smoke cigarettes,NA
633584,2005,Most of the time wore a helmet,NA,Yes,Never smoked a cigarette,0 days,Did not smoke cigarettes,NA
258736,1997,Did not ride a bicycle,NA,No,Never smoked a cigarette,0 days,Did not smoke cigarettes,NA
397593,2001,Did not ride a bicycle,NA,Yes,11 or 12 years old,0 days,Did not smoke cigarettes,NA
1316624,2013,Never wore a helmet,3 to 5 days,No,Never smoked a cigarette,0 days,Did not smoke cigarettes,FALSE
1104599,2011,Sometimes wore a helmet,NA,No,Never smoked a cigarette,0 days,Did not smoke cigarettes,FALSE
936084,2009,Never wore a helmet,NA,Yes,Never smoked a cigarette,0 days,Did not smoke cigarettes,TRUE
38706,1991,Never wore a helmet,NA,Yes,13 or 14 years old,3 to 5 days,Less than 1 cigarette,NA
761384,2007,Sometimes wore a helmet,NA,No,Never smoked a cigarette,0 days,Did not smoke cigarettes,NA
1095636,2011,Did not ride a bicycle,NA,Yes,11 or 12 years old,1 or 2 days,Less than 1 cigarette,FALSE
926287,2009,Never wore a helmet,NA,No,Never smoked a cigarette,0 days,Did not smoke cigarettes,TRUE
35817,1991,NA,NA,Yes,17 years old or older,0 days,Did not smoke cigarettes,NA
770152,2007,Never wore a helmet,NA,No,Never smoked a cigarette,0 days,Did not smoke cigarettes,NA
636317,2005,Did not ride a bicycle,NA,Yes,Never smoked a cigarette,0 days,Did not smoke cigarettes,NA
184149,1995,Did not ride a bicycle,NA,Yes,13 or 14 years old,0 days,Did not smoke cigarettes,NA
510990,2003,Did not ride a bicycle,NA,Yes,13 or 14 years old,1 or 2 days,Less than 1 cigarette,NA
930660,2009,Never wore a helmet,NA,Yes,13 or 14 years old,1 or 2 days,2 to 5 cigarettes,FALSE
120515,1993,Never wore a helmet,NA,Yes,8 years old or younger,All 30 days,1 cigarette,NA
119988,1993,Never wore a helmet,NA,Yes,15 or 16 years old,3 to 5 days,Less than 1 cigarette,NA
1306136,2013,Never wore a helmet,0 days,Yes,13 or 14 years old,NA,NA,FALSE
765206,2007,Always wore a helmet,NA,No,Never smoked a cigarette,0 days,Did not smoke cigarettes,NA
403416,2001,Never wore a helmet,NA,Yes,11 or 12 years old,0 days,Did not smoke cigarettes,NA
39134,1991,Did not ride a bicycle,NA,Yes,Never smoked a cigarette,0 days,Did not smoke cigarettes,NA
925284,2009,Did not ride a bicycle,NA,Yes,11 or 12 years old,0 days,Did not smoke cigarettes,FALSE
1310535,2013,Did not ride a bicycle,I did not drive the past 30 days,Yes,13 or 14 years old,NA,NA,TRUE
188192,1995,Never wore a helmet,NA,Yes,9 or 10 years old,0 days,Did not smoke cigarettes,NA
263804,1997,Never wore a helmet,NA,Yes,13 or 14 years old,NA,NA,NA
186575,1995,Never wore a helmet,NA,Yes,Never smoked a cigarette,0 days,Did not smoke cigarettes,NA
513156,2003,Always wore a helmet,NA,No,Never smoked a cigarette,0 days,Did not smoke cigarettes,NA
1316203,2013,Did not ride a bicycle,3 to 5 days,Yes,15 or 16 years old,0 days,Did not smoke cigarettes,FALSE
931712,2009,Never wore a helmet,NA,No,Never smoked a cigarette,0 days,Did not smoke cigarettes,TRUE
32548,1991,NA,NA,Yes,Never smoked a cigarette,0 days,Did not smoke cigarettes,NA
118669,1993,NA,NA,No,Never smoked a cigarette,0 days,Did not smoke cigarettes,NA
1309208,2013,Always wore a helmet,0 days,No,Never smoked a cigarette,0 days,Did not smoke cigarettes,FALSE
399567,2001,Rarely wore a helmet,NA,No,Never smoked a cigarette,0 days,Did not smoke cigarettes,NA
333808,1999,Never wore a helmet,NA,Yes,11 or 12 years old,0 days,Did not smoke cigarettes,NA
1314256,2013,NA,I did not drive the past 30 days,No,Never smoked a cigarette,0 days,Did not smoke cigarettes,FALSE
265700,1997,Did not ride a bicycle,NA,Yes,Never smoked a cigarette,0 days,Did not smoke cigarettes,NA
185235,1995,Never wore a helmet,NA,Yes,17 years old or older,20 to 29 days,2 to 5 cigarettes,NA
1308051,2013,Never wore a helmet,I did not drive the past 30 days,No,Never smoked a cigarette,0 days,Did not smoke cigarettes,FALSE
409235,2001,Did not ride a bicycle,NA,No,Never smoked a cigarette,0 days,Did not smoke cigarettes,NA
396633,2001,Sometimes wore a helmet,NA,Yes,13 or 14 years old,0 days,Did not smoke cigarettes,NA
189432,1995,NA,NA,No,Never smoked a cigarette,0 days,Did not smoke cigarettes,NA
640092,2005,Never wore a helmet,NA,NA,NA,0 days,Did not smoke cigarettes,NA
398643,2001,Never wore a helmet,NA,No,Never smoked a cigarette,0 days,Did not smoke cigarettes,NA
323761,1999,Never wore a helmet,NA,No,Never smoked a cigarette,0 days,Did not smoke cigarettes,NA
933403,2009,Did not ride a bicycle,NA,Yes,9 or 10 years old,0 days,Did not smoke cigarettes,FALSE
1095829,2011,Never wore a helmet,NA,Yes,13 or 14 years old,All 30 days,6 to 10 cigarettes,FALSE
937716,2009,Never wore a helmet,NA,No,Never smoked a cigarette,0 days,Did not smoke cigarettes,TRUE
335826,1999,Never wore a helmet,NA,Yes,13 or 14 years old,1 or 2 days,1 cigarette,NA
400318,2001,Always wore a helmet,NA,Yes,15 or 16 years old,0 days,Did not smoke cigarettes,NA
33721,1991,Did not ride a bicycle,NA,No,Never smoked a cigarette,0 days,Did not smoke cigarettes,NA
330295,1999,Did not ride a bicycle,NA,Yes,11 or 12 years old,0 days,Did not smoke cigarettes,NA
258387,1997,Never wore a helmet,NA,No,Never smoked a cigarette,0 days,Did not smoke cigarettes,NA
771879,2007,NA,NA,Yes,NA,NA,NA,NA
323247,1999,Did not ride a bicycle,NA,Yes,9 or 10 years old,20 to 29 days,11 to 20 cigarettes,NA
188250,1995,Did not ride a bicycle,NA,Yes,13 or 14 years old,0 days,Did not smoke cigarettes,NA
189571,1995,NA,NA,Yes,15 or 16 years old,1 or 2 days,1 cigarette,NA
500171,2003,Never wore a helmet,NA,Yes,13 or 14 years old,10 to 19 days,2 to 5 cigarettes,NA
184958,1995,Never wore a helmet,NA,No,Never smoked a cigarette,0 days,Did not smoke cigarettes,NA
771876,2007,NA,NA,NA,Never smoked a cigarette,NA,NA,NA
1102649,2011,Never wore a helmet,NA,Yes,13 or 14 years old,0 days,Did not smoke cigarettes,TRUE
256615,1997,NA,NA,Yes,11 or 12 years old,20 to 29 days,2 to 5 cigarettes,NA
1313272,2013,Never wore a helmet,I did not drive the past 30 days,Yes,13 or 14 years old,0 days,Did not smoke cigarettes,FALSE
187762,1995,Did not ride a bicycle,NA,No,Never smoked a cigarette,0 days,Did not smoke cigarettes,NA
1312476,2013,Never wore a helmet,I did not drive the past 30 days,No,Never smoked a cigarette,0 days,Did not smoke cigarettes,FALSE
396481,2001,Never wore a helmet,NA,No,Never smoked a cigarette,0 days,Did not smoke cigarettes,NA
1096927,2011,Sometimes wore a helmet,NA,No,Never smoked a cigarette,0 days,Did not smoke cigarettes,TRUE
932937,2009,NA,NA,Yes,Never smoked a cigarette,0 days,Did not smoke cigarettes,NA
329686,1999,Never wore a helmet,NA,No,Never smoked a cigarette,0 days,Did not smoke cigarettes,NA
111924,1993,Never wore a helmet,NA,No,Never smoked a cigarette,0 days,Did not smoke cigarettes,NA
1305045,2013,Always wore a helmet,0 days,No,Never smoked a cigarette,0 days,Did not smoke cigarettes,TRUE
406319,2001,Never wore a helmet,NA,No,Never smoked a cigarette,0 days,Did not smoke cigarettes,NA
116224,1993,Never wore a helmet,NA,No,Never smoked a cigarette,0 days,Did not smoke cigarettes,NA
189252,1995,Did not ride a bicycle,NA,Yes,17 years old or older,1 or 2 days,1 cigarette,NA
191147,1995,NA,NA,No,Never smoked a cigarette,0 days,Did not smoke cigarettes,NA
637732,2005,Did not ride a bicycle,NA,Yes,9 or 10 years old,All 30 days,2 to 5 cigarettes,NA
1309802,2013,Never wore a helmet,3 to 5 days,Yes,Never smoked a cigarette,0 days,Did not smoke cigarettes,FALSE
1304287,2013,Never wore a helmet,I did not drive the past 30 days,Yes,13 or 14 years old,0 days,Did not smoke cigarettes,FALSE
332150,1999,Never wore a helmet,NA,No,Never smoked a cigarette,0 days,Did not smoke cigarettes,NA
635619,2005,Did not ride a bicycle,NA,Yes,9 or 10 years old,0 days,NA,NA
326916,1999,Never wore a helmet,NA,No,Never smoked a cigarette,0 days,Did not smoke cigarettes,NA
183931,1995,Did not ride a bicycle,NA,Yes,15 or 16 years old,NA,NA,NA
768613,2007,Never wore a helmet,NA,No,Never smoked a cigarette,0 days,Did not smoke cigarettes,NA
932615,2009,Never wore a helmet,NA,Yes,11 or 12 years old,6 to 9 days,1 cigarette,TRUE
506195,2003,Never wore a helmet,NA,Yes,8 years old or younger,6 to 9 days,11 to 20 cigarettes,NA
926411,2009,Rarely wore a helmet,NA,No,Never smoked a cigarette,0 days,Did not smoke cigarettes,FALSE
769742,2007,Never wore a helmet,NA,Yes,8 years old or younger,0 days,Did not smoke cigarettes,NA
326141,1999,Never wore a helmet,NA,No,Never smoked a cigarette,0 days,Did not smoke cigarettes,NA
763320,2007,Never wore a helmet,NA,Yes,8 years old or younger,1 or 2 days,Less than 1 cigarette,NA
1096286,2011,Sometimes wore a helmet,NA,Yes,Never smoked a cigarette,0 days,Did not smoke cigarettes,FALSE
322729,1999,Never wore a helmet,NA,No,Never smoked a cigarette,0 days,Did not smoke cigarettes,NA
505686,2003,Did not ride a bicycle,NA,Yes,13 or 14 years old,All 30 days,6 to 10 cigarettes,NA
935359,2009,Rarely wore a helmet,NA,No,Never smoked a cigarette,0 days,Did not smoke cigarettes,FALSE
762509,2007,NA,NA,Yes,11 or 12 years old,NA,Did not smoke cigarettes,NA
121641,1993,Always wore a helmet,NA,No,Never smoked a cigarette,0 days,Did not smoke cigarettes,NA
1102428,2011,Never wore a helmet,NA,Yes,13 or 14 years old,0 days,Did not smoke cigarettes,FALSE
770099,2007,Did not ride a bicycle,NA,No,Never smoked a cigarette,0 days,Did not smoke cigarettes,NA
113912,1993,Did not ride a bicycle,NA,No,Never smoked a cigarette,0 days,Did not smoke cigarettes,NA
183457,1995,Did not ride a bicycle,NA,Yes,11 or 12 years old,0 days,Did not smoke cigarettes,NA
1314239,2013,Never wore a helmet,0 days,No,Never smoked a cigarette,0 days,Did not smoke cigarettes,TRUE
930151,2009,NA,NA,No,Never smoked a cigarette,0 days,Did not smoke cigarettes,NA
114356,1993,Never wore a helmet,NA,No,Never smoked a cigarette,0 days,Did not smoke cigarettes,NA
401959,2001,Never wore a helmet,NA,No,Never smoked a cigarette,0 days,Did not smoke cigarettes,NA
334513,1999,Never wore a helmet,NA,Yes,NA,0 days,Did not smoke cigarettes,NA
1103101,2011,Never wore a helmet,NA,No,Never smoked a cigarette,0 days,Did not smoke cigarettes,TRUE
1108581,2011,Did not ride a bicycle,NA,Yes,Never smoked a cigarette,0 days,Did not smoke cigarettes,FALSE
502143,2003,Never wore a helmet,NA,Yes,11 or 12 years old,3 to 5 days,1 cigarette,NA
1104100,2011,Never wore a helmet,NA,No,Never smoked a cigarette,0 days,Did not smoke cigarettes,FALSE
771303,2007,Did not ride a bicycle,NA,No,Never smoked a cigarette,0 days,Did not smoke cigarettes,NA
1317002,2013,Never wore a helmet,I did not drive the past 30 days,No,Never smoked a cigarette,0 days,Did not smoke cigarettes,FALSE
40315,1991,Did not ride a bicycle,NA,No,Never smoked a cigarette,0 days,Did not smoke cigarettes,NA
120468,1993,Never wore a helmet,NA,Yes,11 or 12 years old,0 days,Did not smoke cigarettes,NA
32486,1991,NA,NA,No,NA,0 days,Did not smoke cigarettes,NA
400050,2001,Rarely wore a helmet,NA,NA,NA,NA,NA,NA
766212,2007,Did not ride a bicycle,NA,No,Never smoked a cigarette,0 days,Did not smoke cigarettes,NA
396376,2001,Most of the time wore a helmet,NA,Yes,Never smoked a cigarette,0 days,Did not smoke cigarettes,NA
36344,1991,Sometimes wore a helmet,NA,Yes,13 or 14 years old,0 days,Did not smoke cigarettes,NA
403023,2001,Did not ride a bicycle,NA,Yes,13 or 14 years old,1 or 2 days,Less than 1 cigarette,NA
631594,2005,Did not ride a bicycle,NA,No,Never smoked a cigarette,0 days,Did not smoke cigarettes,NA
325118,1999,Never wore a helmet,NA,Yes,13 or 14 years old,All 30 days,6 to 10 cigarettes,NA
933538,2009,Never wore a helmet,NA,Yes,9 or 10 years old,All 30 days,6 to 10 cigarettes,FALSE
331626,1999,Never wore a helmet,NA,Yes,11 or 12 years old,10 to 19 days,2 to 5 cigarettes,NA
1313963,2013,Never wore a helmet,I did not drive the past 30 days,Yes,NA,1 or 2 days,Less than 1 cigarette,TRUE
322162,1999,Never wore a helmet,NA,No,Never smoked a cigarette,0 days,Did not smoke cigarettes,NA
1304921,2013,Never wore a helmet,0 days,Yes,Never smoked a cigarette,0 days,Did not smoke cigarettes,FALSE
634088,2005,Did not ride a bicycle,NA,No,Never smoked a cigarette,0 days,Did not smoke cigarettes,NA
258472,1997,Did not ride a bicycle,NA,Yes,13 or 14 years old,All 30 days,More than 20 cigarettes,NA
264693,1997,Most of the time wore a helmet,NA,Yes,13 or 14 years old,0 days,Did not smoke cigarettes,NA
925268,2009,Never wore a helmet,NA,Yes,15 or 16 years old,0 days,Did not smoke cigarettes,FALSE
1316634,2013,Never wore a helmet,0 days,No,Never smoked a cigarette,0 days,NA,FALSE
633412,2005,Did not ride a bicycle,NA,Yes,15 or 16 years old,0 days,Did not smoke cigarettes,NA
1311902,2013,Did not ride a bicycle,0 days,No,Never smoked a cigarette,0 days,Did not smoke cigarettes,FALSE
268660,1997,Never wore a helmet,NA,Yes,Never smoked a cigarette,0 days,Did not smoke cigarettes,NA
1307327,2013,Never wore a helmet,All 30 days,Yes,8 years old or younger,All 30 days,6 to 10 cigarettes,FALSE
1310359,2013,Never wore a helmet,NA,Yes,Never smoked a cigarette,0 days,Did not smoke cigarettes,FALSE
403695,2001,Did not ride a bicycle,NA,Yes,13 or 14 years old,6 to 9 days,2 to 5 cigarettes,NA
180974,1995,Never wore a helmet,NA,Yes,8 years old or younger,3 to 5 days,1 cigarette,NA
183295,1995,Did not ride a bicycle,NA,Yes,9 or 10 years old,0 days,Did not smoke cigarettes,NA
771260,2007,Never wore a helmet,NA,Yes,9 or 10 years old,0 days,Did not smoke cigarettes,NA
931374,2009,Never wore a helmet,NA,No,Never smoked a cigarette,0 days,Did not smoke cigarettes,FALSE
1108851,2011,Never wore a helmet,NA,Yes,8 years old or younger,0 days,Did not smoke cigarettes,FALSE
259636,1997,Did not ride a bicycle,NA,No,Never smoked a cigarette,0 days,Did not smoke cigarettes,NA
929051,2009,Always wore a helmet,NA,Yes,17 years old or older,NA,NA,TRUE
1105095,2011,Never wore a helmet,NA,Yes,11 or 12 years old,0 days,Did not smoke cigarettes,FALSE
1101133,2011,Never wore a helmet,NA,Yes,Never smoked a cigarette,0 days,Did not smoke cigarettes,FALSE
264714,1997,Did not ride a bicycle,NA,Yes,15 or 16 years old,1 or 2 days,1 cigarette,NA
1101252,2011,Never wore a helmet,NA,No,Never smoked a cigarette,0 days,Did not smoke cigarettes,FALSE
189270,1995,Never wore a helmet,NA,No,Never smoked a cigarette,0 days,Did not smoke cigarettes,NA
937670,2009,Never wore a helmet,NA,Yes,17 years old or older,3 to 5 days,2 to 5 cigarettes,FALSE
268314,1997,Rarely wore a helmet,NA,Yes,11 or 12 years old,6 to 9 days,2 to 5 cigarettes,NA
1104255,2011,NA,NA,NA,Never smoked a cigarette,0 days,Did not smoke cigarettes,FALSE
37390,1991,Never wore a helmet,NA,Yes,13 or 14 years old,0 days,Did not smoke cigarettes,NA
333422,1999,Never wore a helmet,NA,NA,NA,0 days,Did not smoke cigarettes,NA
1101910,2011,Did not ride a bicycle,NA,NA,Never smoked a cigarette,0 days,NA,FALSE
190519,1995,Never wore a helmet,NA,Yes,13 or 14 years old,All 30 days,11 to 20 cigarettes,NA
408835,2001,Never wore a helmet,NA,No,Never smoked a cigarette,0 days,Did not smoke cigarettes,NA
37447,1991,Did not ride a bicycle,NA,Yes,Never smoked a cigarette,NA,Did not smoke cigarettes,NA
403032,2001,Rarely wore a helmet,NA,Yes,9 or 10 years old,All 30 days,11 to 20 cigarettes,NA
641945,2005,Never wore a helmet,NA,Yes,17 years old or older,1 or 2 days,Less than 1 cigarette,NA
1315879,2013,Did not ride a bicycle,All 30 days,Yes,15 or 16 years old,All 30 days,6 to 10 cigarettes,TRUE
265395,1997,Did not ride a bicycle,NA,Yes,11 or 12 years old,1 or 2 days,1 cigarette,NA
937006,2009,Did not ride a bicycle,NA,Yes,Never smoked a cigarette,0 days,Did not smoke cigarettes,NA
630212,2005,Did not ride a bicycle,NA,No,Never smoked a cigarette,0 days,Did not smoke cigarettes,NA
398362,2001,Never wore a helmet,NA,Yes,Never smoked a cigarette,0 days,Did not smoke cigarettes,NA
398820,2001,Rarely wore a helmet,NA,No,Never smoked a cigarette,0 days,Did not smoke cigarettes,NA
409182,2001,Did not ride a bicycle,NA,Yes,Never smoked a cigarette,0 days,Did not smoke cigarettes,NA
258562,1997,NA,NA,Yes,NA,NA,Less than 1 cigarette,NA
41788,1991,Did not ride a bicycle,NA,Yes,13 or 14 years old,3 to 5 days,Less than 1 cigarette,NA
1308213,2013,Never wore a helmet,NA,No,Never smoked a cigarette,0 days,Did not smoke cigarettes,FALSE
407231,2001,Did not ride a bicycle,NA,Yes,13 or 14 years old,0 days,Did not smoke cigarettes,NA
510136,2003,Never wore a helmet,NA,Yes,13 or 14 years old,0 days,Did not smoke cigarettes,NA
35720,1991,Never wore a helmet,NA,No,Never smoked a cigarette,0 days,Did not smoke cigarettes,NA
634240,2005,Never wore a helmet,NA,Yes,Never smoked a cigarette,0 days,Did not smoke cigarettes,NA
121914,1993,Did not ride a bicycle,NA,Yes,17 years old or older,0 days,Did not smoke cigarettes,NA
407370,2001,Did not ride a bicycle,NA,No,Never smoked a cigarette,0 days,Did not smoke cigarettes,NA
325558,1999,Did not ride a bicycle,NA,Yes,13 or 14 years old,3 to 5 days,Less than 1 cigarette,NA
1106864,2011,Never wore a helmet,NA,Yes,8 years old or younger,0 days,Did not smoke cigarettes,FALSE
401913,2001,Never wore a helmet,NA,NA,NA,NA,More than 20 cigarettes,NA
635495,2005,Never wore a helmet,NA,No,Never smoked a cigarette,0 days,Did not smoke cigarettes,NA
401881,2001,Always wore a helmet,NA,Yes,Never smoked a cigarette,0 days,Did not smoke cigarettes,NA
404337,2001,Never wore a helmet,NA,No,Never smoked a cigarette,0 days,Did not smoke cigarettes,NA
255723,1997,Never wore a helmet,NA,No,Never smoked a cigarette,0 days,Did not smoke cigarettes,NA
1105211,2011,Did not ride a bicycle,NA,No,Never smoked a cigarette,0 days,Did not smoke cigarettes,FALSE
1096498,2011,Rarely wore a helmet,NA,NA,NA,0 days,Did not smoke cigarettes,FALSE
1309730,2013,Never wore a helmet,I did not drive the past 30 days,No,Never smoked a cigarette,0 days,Did not smoke cigarettes,FALSE
37256,1991,Did not ride a bicycle,NA,Yes,9 or 10 years old,0 days,Did not smoke cigarettes,NA
187583,1995,Sometimes wore a helmet,NA,Yes,15 or 16 years old,1 or 2 days,Less than 1 cigarette,NA
401286,2001,NA,NA,Yes,13 or 14 years old,20 to 29 days,2 to 5 cigarettes,NA
406318,2001,Rarely wore a helmet,NA,No,Never smoked a cigarette,0 days,Did not smoke cigarettes,NA
932726,2009,Did not ride a bicycle,NA,NA,NA,0 days,NA,NA
636749,2005,Did not ride a bicycle,NA,No,Never smoked a cigarette,0 days,Did not smoke cigarettes,NA
1105228,2011,Always wore a helmet,NA,No,Never smoked a cigarette,0 days,Did not smoke cigarettes,TRUE
931825,2009,Did not ride a bicycle,NA,No,Never smoked a cigarette,0 days,Did not smoke cigarettes,FALSE
930933,2009,Never wore a helmet,NA,No,Never smoked a cigarette,0 days,Did not smoke cigarettes,TRUE
1304619,2013,Never wore a helmet,0 days,No,Never smoked a cigarette,0 days,Did not smoke cigarettes,FALSE
500477,2003,Did not ride a bicycle,NA,No,Never smoked a cigarette,0 days,Did not smoke cigarettes,NA
508136,2003,Did not ride a bicycle,NA,Yes,Never smoked a cigarette,0 days,Did not smoke cigarettes,NA
1314373,2013,Did not ride a bicycle,I did not drive the past 30 days,Yes,15 or 16 years old,All 30 days,2 to 5 cigarettes,FALSE
926566,2009,NA,NA,No,Never smoked a cigarette,0 days,Did not smoke cigarettes,NA
769695,2007,NA,NA,Yes,Never smoked a cigarette,0 days,Did not smoke cigarettes,NA
120159,1993,Did not ride a bicycle,NA,Yes,15 or 16 years old,0 days,Did not smoke cigarettes,NA
768714,2007,Sometimes wore a helmet,NA,No,Never smoked a cigarette,0 days,Did not smoke cigarettes,NA
1102712,2011,NA,NA,NA,Never smoked a cigarette,0 days,Did not smoke cigarettes,FALSE
190246,1995,NA,NA,Yes,13 or 14 years old,1 or 2 days,1 cigarette,NA
36552,1991,Did not ride a bicycle,NA,Yes,17 years old or older,0 days,Did not smoke cigarettes,NA
120553,1993,Never wore a helmet,NA,No,Never smoked a cigarette,0 days,Did not smoke cigarettes,NA
335569,1999,Did not ride a bicycle,NA,Yes,11 or 12 years old,0 days,Did not smoke cigarettes,NA
336422,1999,Never wore a helmet,NA,No,Never smoked a cigarette,0 days,Did not smoke cigarettes,NA
37246,1991,Did not ride a bicycle,NA,No,Never smoked a cigarette,0 days,Did not smoke cigarettes,NA
328077,1999,Rarely wore a helmet,NA,Yes,17 years old or older,NA,NA,NA
397106,2001,Never wore a helmet,NA,NA,NA,0 days,Did not smoke cigarettes,NA
32064,1991,Never wore a helmet,NA,Yes,11 or 12 years old,NA,NA,NA
927215,2009,Never wore a helmet,NA,No,Never smoked a cigarette,0 days,Did not smoke cigarettes,FALSE
1311037,2013,Rarely wore a helmet,0 days,Yes,13 or 14 years old,1 or 2 days,Less than 1 cigarette,FALSE
763050,2007,Never wore a helmet,NA,Yes,11 or 12 years old,20 to 29 days,2 to 5 cigarettes,NA
511832,2003,Never wore a helmet,NA,No,Never smoked a cigarette,0 days,Did not smoke cigarettes,NA
259274,1997,Always wore a helmet,NA,Yes,15 or 16 years old,0 days,Did not smoke cigarettes,NA
401882,2001,Never wore a helmet,NA,No,Never smoked a cigarette,0 days,Did not smoke cigarettes,NA
335487,1999,Never wore a helmet,NA,No,Never smoked a cigarette,0 days,Did not smoke cigarettes,NA
1306681,2013,Never wore a helmet,3 to 5 days,No,Never smoked a cigarette,0 days,Did not smoke cigarettes,FALSE
761328,2007,Never wore a helmet,NA,Yes,Never smoked a cigarette,0 days,Did not smoke cigarettes,NA
635160,2005,Did not ride a bicycle,NA,Yes,17 years old or older,3 to 5 days,Less than 1 cigarette,NA
761193,2007,Never wore a helmet,NA,Yes,8 years old or younger,NA,NA,NA
768399,2007,Never wore a helmet,NA,No,Never smoked a cigarette,0 days,Did not smoke cigarettes,NA
403576,2001,Always wore a helmet,NA,No,Never smoked a cigarette,0 days,Did not smoke cigarettes,NA
39803,1991,Rarely wore a helmet,NA,Yes,11 or 12 years old,0 days,Did not smoke cigarettes,NA
923865,2009,Never wore a helmet,NA,Yes,15 or 16 years old,0 days,Did not smoke cigarettes,FALSE
120074,1993,Never wore a helmet,NA,No,Never smoked a cigarette,0 days,Did not smoke cigarettes,NA
1104769,2011,Never wore a helmet,NA,No,Never smoked a cigarette,0 days,Did not smoke cigarettes,FALSE
33674,1991,Did not ride a bicycle,NA,Yes,Never smoked a cigarette,0 days,Did not smoke cigarettes,NA
768915,2007,Always wore a helmet,NA,No,Never smoked a cigarette,0 days,Did not smoke cigarettes,NA
507100,2003,Did not ride a bicycle,NA,Yes,Never smoked a cigarette,0 days,Did not smoke cigarettes,NA
1310177,2013,Did not ride a bicycle,0 days,No,Never smoked a cigarette,0 days,Did not smoke cigarettes,FALSE
41309,1991,Sometimes wore a helmet,NA,Yes,Never smoked a cigarette,0 days,Did not smoke cigarettes,NA
502089,2003,Never wore a helmet,NA,Yes,9 or 10 years old,0 days,Did not smoke cigarettes,NA
36025,1991,Never wore a helmet,NA,Yes,11 or 12 years old,1 or 2 days,2 to 5 cigarettes,NA
511852,2003,Never wore a helmet,NA,No,Never smoked a cigarette,0 days,Did not smoke cigarettes,NA
1100160,2011,Did not ride a bicycle,NA,Yes,15 or 16 years old,0 days,Did not smoke cigarettes,FALSE
326170,1999,Never wore a helmet,NA,Yes,11 or 12 years old,All 30 days,6 to 10 cigarettes,NA
1101122,2011,Rarely wore a helmet,NA,No,Never smoked a cigarette,0 days,Did not smoke cigarettes,FALSE
1307885,2013,Did not ride a bicycle,NA,No,Never smoked a cigarette,0 days,Did not smoke cigarettes,FALSE
765160,2007,Did not ride a bicycle,NA,Yes,15 or 16 years old,0 days,Did not smoke cigarettes,NA
323936,1999,Did not ride a bicycle,NA,Yes,Never smoked a cigarette,1 or 2 days,Less than 1 cigarette,NA
184222,1995,Did not ride a bicycle,NA,Yes,15 or 16 years old,10 to 19 days,2 to 5 cigarettes,NA
407260,2001,Never wore a helmet,NA,No,Never smoked a cigarette,0 days,Did not smoke cigarettes,NA
329742,1999,Did not ride a bicycle,NA,No,Never smoked a cigarette,0 days,Did not smoke cigarettes,NA
405868,2001,Always wore a helmet,NA,Yes,15 or 16 years old,0 days,Did not smoke cigarettes,NA
1106222,2011,NA,NA,NA,Never smoked a cigarette,0 days,Did not smoke cigarettes,FALSE
180952,1995,NA,NA,Yes,11 or 12 years old,All 30 days,More than 20 cigarettes,NA
108157,1993,Always wore a helmet,NA,Yes,13 or 14 years old,1 or 2 days,2 to 5 cigarettes,NA
32355,1991,Never wore a helmet,NA,Yes,13 or 14 years old,0 days,Did not smoke cigarettes,NA
270859,1997,Did not ride a bicycle,NA,No,Never smoked a cigarette,0 days,Did not smoke cigarettes,NA
506951,2003,Did not ride a bicycle,NA,No,Never smoked a cigarette,0 days,Did not smoke cigarettes,NA
1307923,2013,Did not ride a bicycle,I did not drive the past 30 days,Yes,Never smoked a cigarette,0 days,Did not smoke cigarettes,FALSE
31070,1991,Never wore a helmet,NA,Yes,Never smoked a cigarette,0 days,Did not smoke cigarettes,NA
641593,2005,Did not ride a bicycle,NA,Yes,15 or 16 years old,1 or 2 days,Less than 1 cigarette,NA
1310752,2013,Did not ride a bicycle,I did not drive the past 30 days,No,Never smoked a cigarette,0 days,Did not smoke cigarettes,FALSE
926160,2009,Never wore a helmet,NA,No,Never smoked a cigarette,0 days,Did not smoke cigarettes,FALSE
637506,2005,Always wore a helmet,NA,No,Never smoked a cigarette,0 days,Did not smoke cigarettes,NA
265672,1997,Did not ride a bicycle,NA,Yes,11 or 12 years old,0 days,Did not smoke cigarettes,NA
506026,2003,Never wore a helmet,NA,Yes,8 years old or younger,0 days,Did not smoke cigarettes,NA
633317,2005,Never wore a helmet,NA,No,NA,0 days,NA,NA
514348,2003,NA,NA,Yes,11 or 12 years old,All 30 days,2 to 5 cigarettes,NA
32445,1991,Did not ride a bicycle,NA,No,Never smoked a cigarette,0 days,Did not smoke cigarettes,NA
189760,1995,Never wore a helmet,NA,Yes,17 years old or older,0 days,Did not smoke cigarettes,NA
934028,2009,Never wore a helmet,NA,No,Never smoked a cigarette,0 days,Did not smoke cigarettes,FALSE
269016,1997,Did not ride a bicycle,NA,No,Never smoked a cigarette,0 days,Did not smoke cigarettes,NA
336217,1999,Never wore a helmet,NA,No,Never smoked a cigarette,0 days,Did not smoke cigarettes,NA
332743,1999,Did not ride a bicycle,NA,No,Never smoked a cigarette,0 days,Did not smoke cigarettes,NA
260492,1997,Did not ride a bicycle,NA,No,Never smoked a cigarette,0 days,Did not smoke cigarettes,NA
111347,1993,Never wore a helmet,NA,Yes,15 or 16 years old,20 to 29 days,2 to 5 cigarettes,NA
636982,2005,Did not ride a bicycle,NA,NA,Never smoked a cigarette,0 days,NA,NA
765494,2007,Sometimes wore a helmet,NA,Yes,11 or 12 years old,0 days,Did not smoke cigarettes,NA
268693,1997,Did not ride a bicycle,NA,No,Never smoked a cigarette,0 days,Did not smoke cigarettes,NA
503957,2003,Did not ride a bicycle,NA,Yes,15 or 16 years old,0 days,Did not smoke cigarettes,NA
1307004,2013,Did not ride a bicycle,I did not drive the past 30 days,Yes,Never smoked a cigarette,0 days,Did not smoke cigarettes,FALSE
42560,1991,Did not ride a bicycle,NA,Yes,Never smoked a cigarette,0 days,Did not smoke cigarettes,NA
121242,1993,Never wore a helmet,NA,Yes,15 or 16 years old,6 to 9 days,1 cigarette,NA
631352,2005,Never wore a helmet,NA,No,Never smoked a cigarette,0 days,Did not smoke cigarettes,NA
761946,2007,Did not ride a bicycle,NA,No,Never smoked a cigarette,0 days,Did not smoke cigarettes,NA
1097895,2011,NA,NA,No,Never smoked a cigarette,0 days,Did not smoke cigarettes,FALSE
38819,1991,Never wore a helmet,NA,Yes,15 or 16 years old,0 days,Did not smoke cigarettes,NA
1098222,2011,Did not ride a bicycle,NA,No,Never smoked a cigarette,0 days,Did not smoke cigarettes,TRUE
407712,2001,Rarely wore a helmet,NA,No,Never smoked a cigarette,0 days,Did not smoke cigarettes,NA
405559,2001,Did not ride a bicycle,NA,Yes,Never smoked a cigarette,0 days,Did not smoke cigarettes,NA
930945,2009,Did not ride a bicycle,NA,Yes,13 or 14 years old,1 or 2 days,Less than 1 cigarette,FALSE
38079,1991,Did not ride a bicycle,NA,Yes,Never smoked a cigarette,0 days,Did not smoke cigarettes,NA
1305301,2013,Never wore a helmet,0 days,No,Never smoked a cigarette,0 days,Did not smoke cigarettes,TRUE
31071,1991,Never wore a helmet,NA,Yes,Never smoked a cigarette,0 days,Did not smoke cigarettes,NA
256029,1997,Never wore a helmet,NA,No,Never smoked a cigarette,0 days,Did not smoke cigarettes,NA
183607,1995,Did not ride a bicycle,NA,No,Never smoked a cigarette,0 days,Did not smoke cigarettes,NA
186469,1995,Never wore a helmet,NA,Yes,9 or 10 years old,0 days,Did not smoke cigarettes,NA
1097988,2011,Most of the time wore a helmet,NA,No,Never smoked a cigarette,0 days,Did not smoke cigarettes,FALSE
1310724,2013,Never wore a helmet,0 days,Yes,9 or 10 years old,0 days,Did not smoke cigarettes,FALSE
257622,1997,Never wore a helmet,NA,Yes,11 or 12 years old,6 to 9 days,Less than 1 cigarette,NA
330350,1999,Sometimes wore a helmet,NA,No,Never smoked a cigarette,0 days,Did not smoke cigarettes,NA
1108934,2011,NA,NA,Yes,13 or 14 years old,20 to 29 days,2 to 5 cigarettes,TRUE
188620,1995,Did not ride a bicycle,NA,No,Never smoked a cigarette,0 days,Did not smoke cigarettes,NA
1103337,2011,Never wore a helmet,NA,No,Never smoked a cigarette,0 days,Did not smoke cigarettes,FALSE
933215,2009,Did not ride a bicycle,NA,No,Never smoked a cigarette,0 days,Did not smoke cigarettes,FALSE
768890,2007,Never wore a helmet,NA,No,Never smoked a cigarette,0 days,Did not smoke cigarettes,NA
268154,1997,Did not ride a bicycle,NA,No,Never smoked a cigarette,0 days,Did not smoke cigarettes,NA
934651,2009,Never wore a helmet,NA,Yes,15 or 16 years old,1 or 2 days,1 cigarette,FALSE
108788,1993,Never wore a helmet,NA,No,Never smoked a cigarette,0 days,Did not smoke cigarettes,NA
504216,2003,Never wore a helmet,NA,No,Never smoked a cigarette,0 days,Did not smoke cigarettes,NA
334144,1999,Always wore a helmet,NA,No,Never smoked a cigarette,0 days,Did not smoke cigarettes,NA
767261,2007,Never wore a helmet,NA,Yes,Never smoked a cigarette,0 days,Did not smoke cigarettes,NA
187640,1995,Never wore a helmet,NA,No,Never smoked a cigarette,0 days,Did not smoke cigarettes,NA
1105176,2011,Did not ride a bicycle,NA,No,Never smoked a cigarette,0 days,Did not smoke cigarettes,FALSE
402790,2001,Never wore a helmet,NA,Yes,15 or 16 years old,20 to 29 days,6 to 10 cigarettes,NA
402835,2001,Never wore a helmet,NA,Yes,13 or 14 years old,0 days,Did not smoke cigarettes,NA
401310,2001,Did not ride a bicycle,NA,NA,Never smoked a cigarette,0 days,Did not smoke cigarettes,NA
329982,1999,Rarely wore a helmet,NA,Yes,13 or 14 years old,0 days,Did not smoke cigarettes,NA
1105107,2011,Never wore a helmet,NA,No,Never smoked a cigarette,0 days,Did not smoke cigarettes,FALSE
107173,1993,Never wore a helmet,NA,Yes,13 or 14 years old,NA,NA,NA
265713,1997,Did not ride a bicycle,NA,No,Never smoked a cigarette,0 days,Did not smoke cigarettes,NA
116146,1993,Always wore a helmet,NA,No,Never smoked a cigarette,0 days,Did not smoke cigarettes,NA
925142,2009,Rarely wore a helmet,NA,No,Never smoked a cigarette,0 days,Did not smoke cigarettes,FALSE
1106259,2011,NA,NA,NA,Never smoked a cigarette,0 days,Did not smoke cigarettes,NA
396760,2001,Never wore a helmet,NA,No,Never smoked a cigarette,0 days,Did not smoke cigarettes,NA
118614,1993,Rarely wore a helmet,NA,No,Never smoked a cigarette,0 days,Did not smoke cigarettes,NA
1096527,2011,Did not ride a bicycle,NA,Yes,Never smoked a cigarette,0 days,Did not smoke cigarettes,TRUE
180626,1995,Sometimes wore a helmet,NA,No,Never smoked a cigarette,0 days,Did not smoke cigarettes,NA
766347,2007,Never wore a helmet,NA,Yes,8 years old or younger,All 30 days,More than 20 cigarettes,NA
1309584,2013,Never wore a helmet,20 to 29 days,Yes,13 or 14 years old,20 to 29 days,2 to 5 cigarettes,FALSE
930664,2009,Did not ride a bicycle,NA,No,Never smoked a cigarette,0 days,Did not smoke cigarettes,FALSE
503658,2003,Never wore a helmet,NA,No,Never smoked a cigarette,0 days,Did not smoke cigarettes,NA
636646,2005,Never wore a helmet,NA,No,Never smoked a cigarette,0 days,Did not smoke cigarettes,NA
333909,1999,Rarely wore a helmet,NA,Yes,13 or 14 years old,0 days,Did not smoke cigarettes,NA
1316435,2013,Did not ride a bicycle,0 days,No,Never smoked a cigarette,0 days,Did not smoke cigarettes,FALSE
507115,2003,Did not ride a bicycle,NA,Yes,13 or 14 years old,0 days,Did not smoke cigarettes,NA
405464,2001,Never wore a helmet,NA,No,Never smoked a cigarette,0 days,Did not smoke cigarettes,NA
1307963,2013,Never wore a helmet,0 days,Yes,9 or 10 years old,0 days,Did not smoke cigarettes,FALSE
638143,2005,Sometimes wore a helmet,NA,No,Never smoked a cigarette,0 days,Did not smoke cigarettes,NA
180499,1995,Never wore a helmet,NA,No,Never smoked a cigarette,0 days,Did not smoke cigarettes,NA
770260,2007,Did not ride a bicycle,NA,No,Never smoked a cigarette,0 days,Did not smoke cigarettes,NA
184936,1995,Never wore a helmet,NA,Yes,15 or 16 years old,NA,NA,NA
34784,1991,Most of the time wore a helmet,NA,Yes,13 or 14 years old,0 days,Did not smoke cigarettes,NA
1304792,2013,Never wore a helmet,0 days,No,Never smoked a cigarette,0 days,Did not smoke cigarettes,FALSE
328366,1999,Did not ride a bicycle,NA,NA,NA,0 days,Did not smoke cigarettes,NA
405881,2001,Did not ride a bicycle,NA,No,Never smoked a cigarette,0 days,Did not smoke cigarettes,NA
766441,2007,Rarely wore a helmet,NA,Yes,13 or 14 years old,0 days,Did not smoke cigarettes,NA
930994,2009,Sometimes wore a helmet,NA,No,Never smoked a cigarette,0 days,Did not smoke cigarettes,FALSE
499359,2003,Never wore a helmet,NA,Yes,11 or 12 years old,0 days,Did not smoke cigarettes,NA
256515,1997,Never wore a helmet,NA,No,Never smoked a cigarette,0 days,Did not smoke cigarettes,NA
770510,2007,Did not ride a bicycle,NA,Yes,15 or 16 years old,1 or 2 days,Less than 1 cigarette,NA
641929,2005,Never wore a helmet,NA,Yes,Never smoked a cigarette,0 days,Did not smoke cigarettes,NA
640547,2005,Rarely wore a helmet,NA,No,Never smoked a cigarette,0 days,Did not smoke cigarettes,NA
328993,1999,Did not ride a bicycle,NA,No,Never smoked a cigarette,0 days,Did not smoke cigarettes,NA
330220,1999,Sometimes wore a helmet,NA,Yes,11 or 12 years old,0 days,Did not smoke cigarettes,NA
504934,2003,Did not ride a bicycle,NA,No,Never smoked a cigarette,0 days,Did not smoke cigarettes,NA
773583,2007,Did not ride a bicycle,NA,No,Never smoked a cigarette,0 days,Did not smoke cigarettes,NA
638664,2005,Most of the time wore a helmet,NA,No,Never smoked a cigarette,0 days,Did not smoke cigarettes,NA
502800,2003,Did not ride a bicycle,NA,Yes,13 or 14 years old,0 days,Did not smoke cigarettes,NA
332894,1999,Never wore a helmet,NA,Yes,9 or 10 years old,20 to 29 days,2 to 5 cigarettes,NA
760581,2007,Rarely wore a helmet,NA,No,Never smoked a cigarette,0 days,Did not smoke cigarettes,NA
336614,1999,Always wore a helmet,NA,No,Never smoked a cigarette,0 days,Did not smoke cigarettes,NA
932319,2009,Never wore a helmet,NA,Yes,13 or 14 years old,3 to 5 days,2 to 5 cigarettes,TRUE
117854,1993,Never wore a helmet,NA,Yes,13 or 14 years old,0 days,Did not smoke cigarettes,NA
396200,2001,Did not ride a bicycle,NA,Yes,13 or 14 years old,0 days,Did not smoke cigarettes,NA
324037,1999,Never wore a helmet,NA,Yes,Never smoked a cigarette,3 to 5 days,Less than 1 cigarette,NA
501939,2003,Never wore a helmet,NA,No,Never smoked a cigarette,0 days,Did not smoke cigarettes,NA
116800,1993,Sometimes wore a helmet,NA,Yes,Never smoked a cigarette,0 days,Did not smoke cigarettes,NA
262551,1997,NA,NA,Yes,Never smoked a cigarette,0 days,Did not smoke cigarettes,NA
400161,2001,Did not ride a bicycle,NA,No,Never smoked a cigarette,0 days,Did not smoke cigarettes,NA
41795,1991,Never wore a helmet,NA,No,Never smoked a cigarette,0 days,Did not smoke cigarettes,NA
260345,1997,Did not ride a bicycle,NA,No,Never smoked a cigarette,0 days,Did not smoke cigarettes,NA
766648,2007,Did not ride a bicycle,NA,No,Never smoked a cigarette,0 days,Did not smoke cigarettes,NA
331835,1999,Always wore a helmet,NA,No,Never smoked a cigarette,0 days,Did not smoke cigarettes,NA
183695,1995,Never wore a helmet,NA,No,Never smoked a cigarette,0 days,Did not smoke cigarettes,NA
636019,2005,Never wore a helmet,NA,Yes,11 or 12 years old,NA,NA,NA
1306430,2013,Never wore a helmet,0 days,No,Never smoked a cigarette,0 days,Did not smoke cigarettes,FALSE
189470,1995,Did not ride a bicycle,NA,Yes,Never smoked a cigarette,0 days,Did not smoke cigarettes,NA
399947,2001,Did not ride a bicycle,NA,Yes,15 or 16 years old,1 or 2 days,1 cigarette,NA
1304066,2013,Always wore a helmet,0 days,No,Never smoked a cigarette,0 days,Did not smoke cigarettes,FALSE
638693,2005,Most of the time wore a helmet,NA,Yes,Never smoked a cigarette,0 days,Did not smoke cigarettes,NA
109553,1993,Never wore a helmet,NA,Yes,11 or 12 years old,All 30 days,11 to 20 cigarettes,NA
270699,1997,Never wore a helmet,NA,No,Never smoked a cigarette,0 days,Did not smoke cigarettes,NA
268424,1997,NA,NA,No,Never smoked a cigarette,0 days,Did not smoke cigarettes,NA
1305179,2013,Never wore a helmet,0 days,No,Never smoked a cigarette,0 days,Did not smoke cigarettes,TRUE
1303493,2013,Did not ride a bicycle,0 days,No,Never smoked a cigarette,0 days,Did not smoke cigarettes,FALSE
1106942,2011,Never wore a helmet,NA,No,Never smoked a cigarette,0 days,Did not smoke cigarettes,TRUE
1312553,2013,Never wore a helmet,0 days,No,Never smoked a cigarette,0 days,Did not smoke cigarettes,FALSE
937658,2009,Never wore a helmet,NA,Yes,Never smoked a cigarette,0 days,Did not smoke cigarettes,TRUE
641347,2005,Did not ride a bicycle,NA,No,Never smoked a cigarette,0 days,Did not smoke cigarettes,NA
111694,1993,Never wore a helmet,NA,Yes,9 or 10 years old,3 to 5 days,1 cigarette,NA
506896,2003,Never wore a helmet,NA,No,Never smoked a cigarette,0 days,Did not smoke cigarettes,NA
186480,1995,Never wore a helmet,NA,No,Never smoked a cigarette,0 days,Did not smoke cigarettes,NA
504107,2003,Sometimes wore a helmet,NA,Yes,Never smoked a cigarette,0 days,Did not smoke cigarettes,NA
322076,1999,Never wore a helmet,NA,Yes,15 or 16 years old,1 or 2 days,Less than 1 cigarette,NA
116113,1993,Never wore a helmet,NA,No,Never smoked a cigarette,0 days,Did not smoke cigarettes,NA
1097391,2011,Never wore a helmet,NA,Yes,Never smoked a cigarette,0 days,Did not smoke cigarettes,FALSE
938502,2009,Did not ride a bicycle,NA,Yes,13 or 14 years old,1 or 2 days,2 to 5 cigarettes,TRUE
36187,1991,NA,NA,Yes,13 or 14 years old,20 to 29 days,2 to 5 cigarettes,NA
770478,2007,Never wore a helmet,NA,No,Never smoked a cigarette,0 days,Did not smoke cigarettes,NA
115116,1993,Never wore a helmet,NA,Yes,11 or 12 years old,0 days,Did not smoke cigarettes,NA
760577,2007,Never wore a helmet,NA,No,Never smoked a cigarette,0 days,Did not smoke cigarettes,NA
256633,1997,Never wore a helmet,NA,No,Never smoked a cigarette,0 days,Did not smoke cigarettes,NA
506191,2003,Sometimes wore a helmet,NA,Yes,13 or 14 years old,6 to 9 days,6 to 10 cigarettes,NA
764023,2007,Most of the time wore a helmet,NA,No,Never smoked a cigarette,0 days,Did not smoke cigarettes,NA
508515,2003,Sometimes wore a helmet,NA,Yes,13 or 14 years old,1 or 2 days,1 cigarette,NA
629530,2005,Never wore a helmet,NA,Yes,13 or 14 years old,0 days,Did not smoke cigarettes,NA
631064,2005,Did not ride a bicycle,NA,Yes,9 or 10 years old,1 or 2 days,2 to 5 cigarettes,NA
268672,1997,Did not ride a bicycle,NA,Yes,15 or 16 years old,3 to 5 days,1 cigarette,NA
398213,2001,Did not ride a bicycle,NA,Yes,13 or 14 years old,10 to 19 days,2 to 5 cigarettes,NA
760547,2007,Never wore a helmet,NA,No,Never smoked a cigarette,0 days,Did not smoke cigarettes,NA
1102844,2011,Did not ride a bicycle,NA,NA,13 or 14 years old,NA,NA,TRUE
923311,2009,Never wore a helmet,NA,Yes,15 or 16 years old,3 to 5 days,1 cigarette,FALSE
638504,2005,Never wore a helmet,NA,Yes,Never smoked a cigarette,0 days,Did not smoke cigarettes,NA
405357,2001,Did not ride a bicycle,NA,No,Never smoked a cigarette,0 days,Did not smoke cigarettes,NA
121987,1993,Did not ride a bicycle,NA,Yes,13 or 14 years old,0 days,Did not smoke cigarettes,NA
634030,2005,Never wore a helmet,NA,No,Never smoked a cigarette,0 days,Did not smoke cigarettes,NA
259145,1997,Never wore a helmet,NA,No,Never smoked a cigarette,0 days,Did not smoke cigarettes,NA
1095680,2011,Never wore a helmet,NA,No,Never smoked a cigarette,0 days,Did not smoke cigarettes,TRUE
190086,1995,Sometimes wore a helmet,NA,No,Never smoked a cigarette,0 days,Did not smoke cigarettes,NA
760591,2007,Never wore a helmet,NA,No,Never smoked a cigarette,0 days,Did not smoke cigarettes,NA
38797,1991,Never wore a helmet,NA,No,Never smoked a cigarette,0 days,Did not smoke cigarettes,NA
264571,1997,Never wore a helmet,NA,No,Never smoked a cigarette,0 days,Did not smoke cigarettes,NA
111328,1993,Never wore a helmet,NA,No,Never smoked a cigarette,0 days,Did not smoke cigarettes,NA
323947,1999,Did not ride a bicycle,NA,Yes,9 or 10 years old,1 or 2 days,2 to 5 cigarettes,NA
325646,1999,Always wore a helmet,NA,No,Never smoked a cigarette,0 days,Did not smoke cigarettes,NA
929299,2009,Always wore a helmet,NA,Yes,17 years old or older,0 days,Did not smoke cigarettes,FALSE
501677,2003,Never wore a helmet,NA,Yes,15 or 16 years old,0 days,Did not smoke cigarettes,NA
634507,2005,Did not ride a bicycle,NA,Yes,13 or 14 years old,All 30 days,2 to 5 cigarettes,NA
629584,2005,Never wore a helmet,NA,No,Never smoked a cigarette,0 days,Did not smoke cigarettes,NA
260532,1997,Did not ride a bicycle,NA,No,Never smoked a cigarette,0 days,Did not smoke cigarettes,NA
111719,1993,Never wore a helmet,NA,Yes,13 or 14 years old,0 days,Did not smoke cigarettes,NA
761957,2007,Sometimes wore a helmet,NA,No,Never smoked a cigarette,0 days,Did not smoke cigarettes,NA
1104407,2011,Never wore a helmet,NA,NA,Never smoked a cigarette,0 days,NA,TRUE
633589,2005,Sometimes wore a helmet,NA,Yes,Never smoked a cigarette,1 or 2 days,Less than 1 cigarette,NA
270889,1997,Did not ride a bicycle,NA,Yes,15 or 16 years old,0 days,Did not smoke cigarettes,NA
512493,2003,Never wore a helmet,NA,No,Never smoked a cigarette,0 days,Did not smoke cigarettes,NA
182490,1995,Never wore a helmet,NA,No,Never smoked a cigarette,0 days,Did not smoke cigarettes,NA
636199,2005,Did not ride a bicycle,NA,No,Never smoked a cigarette,0 days,Did not smoke cigarettes,NA
269172,1997,Did not ride a bicycle,NA,Yes,15 or 16 years old,0 days,Did not smoke cigarettes,NA
1314527,2013,Never wore a helmet,All 30 days,Yes,15 or 16 years old,All 30 days,2 to 5 cigarettes,FALSE
41245,1991,Did not ride a bicycle,NA,Yes,15 or 16 years old,0 days,Did not smoke cigarettes,NA
41457,1991,NA,NA,No,Never smoked a cigarette,0 days,Did not smoke cigarettes,NA
262400,1997,Did not ride a bicycle,NA,Yes,11 or 12 years old,0 days,Did not smoke cigarettes,NA
763681,2007,Always wore a helmet,NA,No,Never smoked a cigarette,0 days,Did not smoke cigarettes,NA
118189,1993,Did not ride a bicycle,NA,Yes,15 or 16 years old,All 30 days,11 to 20 cigarettes,NA
1315398,2013,Rarely wore a helmet,1 or 2 days,No,Never smoked a cigarette,0 days,Did not smoke cigarettes,FALSE
114082,1993,NA,NA,Yes,11 or 12 years old,6 to 9 days,2 to 5 cigarettes,NA
501688,2003,Never wore a helmet,NA,Yes,13 or 14 years old,All 30 days,More than 20 cigarettes,NA
768945,2007,Sometimes wore a helmet,NA,No,Never smoked a cigarette,0 days,Did not smoke cigarettes,NA
333846,1999,Never wore a helmet,NA,Yes,15 or 16 years old,0 days,Did not smoke cigarettes,NA
323181,1999,Did not ride a bicycle,NA,Yes,9 or 10 years old,1 or 2 days,1 cigarette,NA
632493,2005,Never wore a helmet,NA,Yes,Never smoked a cigarette,0 days,Did not smoke cigarettes,NA
507952,2003,Never wore a helmet,NA,No,Never smoked a cigarette,0 days,Did not smoke cigarettes,NA
328116,1999,Never wore a helmet,NA,NA,NA,0 days,Did not smoke cigarettes,NA
396876,2001,Never wore a helmet,NA,Yes,8 years old or younger,0 days,Did not smoke cigarettes,NA
505970,2003,Never wore a helmet,NA,Yes,9 or 10 years old,NA,NA,NA
630916,2005,Never wore a helmet,NA,No,Never smoked a cigarette,0 days,Did not smoke cigarettes,NA
500274,2003,Did not ride a bicycle,NA,No,Never smoked a cigarette,0 days,Did not smoke cigarettes,NA
189039,1995,Never wore a helmet,NA,Yes,11 or 12 years old,All 30 days,2 to 5 cigarettes,NA
183973,1995,Did not ride a bicycle,NA,Yes,13 or 14 years old,0 days,Did not smoke cigarettes,NA
328580,1999,Never wore a helmet,NA,Yes,NA,0 days,Did not smoke cigarettes,NA
183488,1995,Did not ride a bicycle,NA,No,Never smoked a cigarette,0 days,Did not smoke cigarettes,NA
186272,1995,Did not ride a bicycle,NA,No,Never smoked a cigarette,0 days,Did not smoke cigarettes,NA
630217,2005,Always wore a helmet,NA,No,Never smoked a cigarette,0 days,Did not smoke cigarettes,NA
1308417,2013,Never wore a helmet,20 to 29 days,Yes,13 or 14 years old,1 or 2 days,Less than 1 cigarette,FALSE
114461,1993,Never wore a helmet,NA,No,Never smoked a cigarette,0 days,Did not smoke cigarettes,NA
1311182,2013,Never wore a helmet,0 days,No,Never smoked a cigarette,0 days,Did not smoke cigarettes,FALSE
499258,2003,NA,NA,Yes,11 or 12 years old,0 days,Did not smoke cigarettes,NA
503737,2003,Rarely wore a helmet,NA,No,Never smoked a cigarette,0 days,Did not smoke cigarettes,NA
408347,2001,Did not ride a bicycle,NA,No,Never smoked a cigarette,0 days,Did not smoke cigarettes,NA
270577,1997,Did not ride a bicycle,NA,No,Never smoked a cigarette,0 days,Did not smoke cigarettes,NA
332536,1999,Did not ride a bicycle,NA,No,Never smoked a cigarette,0 days,Did not smoke cigarettes,NA
933484,2009,Never wore a helmet,NA,No,Never smoked a cigarette,0 days,Did not smoke cigarettes,TRUE
765088,2007,Did not ride a bicycle,NA,No,Never smoked a cigarette,0 days,NA,NA
120139,1993,Did not ride a bicycle,NA,Yes,15 or 16 years old,0 days,Did not smoke cigarettes,NA
107349,1993,Did not ride a bicycle,NA,Yes,8 years old or younger,0 days,Did not smoke cigarettes,NA
33902,1991,Did not ride a bicycle,NA,Yes,8 years old or younger,0 days,Did not smoke cigarettes,NA
271129,1997,Did not ride a bicycle,NA,Yes,15 or 16 years old,All 30 days,2 to 5 cigarettes,NA
183052,1995,Did not ride a bicycle,NA,NA,Never smoked a cigarette,0 days,Did not smoke cigarettes,NA
396619,2001,Never wore a helmet,NA,No,Never smoked a cigarette,0 days,Did not smoke cigarettes,NA
107628,1993,Sometimes wore a helmet,NA,Yes,11 or 12 years old,0 days,Did not smoke cigarettes,NA
922964,2009,Always wore a helmet,NA,No,Never smoked a cigarette,0 days,Did not smoke cigarettes,TRUE
1312176,2013,Sometimes wore a helmet,3 to 5 days,NA,NA,NA,NA,FALSE
398548,2001,Never wore a helmet,NA,Yes,11 or 12 years old,6 to 9 days,Less than 1 cigarette,NA
38741,1991,Never wore a helmet,NA,Yes,15 or 16 years old,0 days,Did not smoke cigarettes,NA
1096045,2011,Never wore a helmet,NA,Yes,13 or 14 years old,1 or 2 days,1 cigarette,FALSE
760575,2007,Never wore a helmet,NA,Yes,9 or 10 years old,1 or 2 days,1 cigarette,NA
638381,2005,Did not ride a bicycle,NA,No,Never smoked a cigarette,0 days,Did not smoke cigarettes,NA
37746,1991,Never wore a helmet,NA,No,Never smoked a cigarette,0 days,Did not smoke cigarettes,NA
34034,1991,Never wore a helmet,NA,Yes,11 or 12 years old,20 to 29 days,2 to 5 cigarettes,NA
110143,1993,Did not ride a bicycle,NA,Yes,15 or 16 years old,10 to 19 days,2 to 5 cigarettes,NA
106992,1993,Never wore a helmet,NA,Yes,11 or 12 years old,6 to 9 days,Less than 1 cigarette,NA
191262,1995,Never wore a helmet,NA,Yes,17 years old or older,NA,NA,NA
121951,1993,Did not ride a bicycle,NA,No,Never smoked a cigarette,0 days,Did not smoke cigarettes,NA
513567,2003,Did not ride a bicycle,NA,No,Never smoked a cigarette,0 days,Did not smoke cigarettes,NA
256434,1997,Never wore a helmet,NA,Yes,13 or 14 years old,20 to 29 days,6 to 10 cigarettes,NA
505266,2003,Did not ride a bicycle,NA,NA,Never smoked a cigarette,0 days,NA,NA
1103352,2011,Never wore a helmet,NA,Yes,11 or 12 years old,All 30 days,6 to 10 cigarettes,TRUE
270869,1997,Did not ride a bicycle,NA,No,Never smoked a cigarette,0 days,Did not smoke cigarettes,NA
635049,2005,Did not ride a bicycle,NA,No,Never smoked a cigarette,0 days,Did not smoke cigarettes,NA
113986,1993,Never wore a helmet,NA,Yes,15 or 16 years old,0 days,Did not smoke cigarettes,NA
190698,1995,Never wore a helmet,NA,Yes,11 or 12 years old,All 30 days,11 to 20 cigarettes,NA
1099164,2011,Most of the time wore a helmet,NA,Yes,Never smoked a cigarette,0 days,Did not smoke cigarettes,FALSE
923601,2009,Never wore a helmet,NA,No,Never smoked a cigarette,0 days,Did not smoke cigarettes,TRUE
1306903,2013,Never wore a helmet,3 to 5 days,No,Never smoked a cigarette,0 days,Did not smoke cigarettes,FALSE
923836,2009,Did not ride a bicycle,NA,No,Never smoked a cigarette,0 days,Did not smoke cigarettes,FALSE
106940,1993,NA,NA,Yes,8 years old or younger,All 30 days,More than 20 cigarettes,NA
631424,2005,Never wore a helmet,NA,No,Never smoked a cigarette,0 days,Did not smoke cigarettes,NA
764395,2007,Did not ride a bicycle,NA,NA,NA,0 days,Did not smoke cigarettes,NA
335784,1999,Did not ride a bicycle,NA,Yes,15 or 16 years old,0 days,Did not smoke cigarettes,NA
323773,1999,Never wore a helmet,NA,No,Never smoked a cigarette,0 days,Did not smoke cigarettes,NA
111915,1993,Did not ride a bicycle,NA,Yes,13 or 14 years old,10 to 19 days,2 to 5 cigarettes,NA
632573,2005,Always wore a helmet,NA,No,Never smoked a cigarette,0 days,Did not smoke cigarettes,NA
39214,1991,Never wore a helmet,NA,No,Never smoked a cigarette,0 days,Did not smoke cigarettes,NA
182492,1995,Did not ride a bicycle,NA,No,Never smoked a cigarette,0 days,Did not smoke cigarettes,NA
930615,2009,Never wore a helmet,NA,No,Never smoked a cigarette,0 days,Did not smoke cigarettes,FALSE
403541,2001,Did not ride a bicycle,NA,No,Never smoked a cigarette,0 days,Did not smoke cigarettes,NA
266334,1997,Did not ride a bicycle,NA,Yes,15 or 16 years old,0 days,Did not smoke cigarettes,NA
37264,1991,Never wore a helmet,NA,Yes,13 or 14 years old,3 to 5 days,Less than 1 cigarette,NA
400813,2001,Rarely wore a helmet,NA,Yes,13 or 14 years old,0 days,Did not smoke cigarettes,NA
120618,1993,Did not ride a bicycle,NA,Yes,13 or 14 years old,1 or 2 days,Less than 1 cigarette,NA
265726,1997,Did not ride a bicycle,NA,No,Never smoked a cigarette,0 days,Did not smoke cigarettes,NA
267873,1997,Did not ride a bicycle,NA,NA,Never smoked a cigarette,0 days,Did not smoke cigarettes,NA
632558,2005,Did not ride a bicycle,NA,Yes,Never smoked a cigarette,0 days,Did not smoke cigarettes,NA
109386,1993,NA,NA,No,Never smoked a cigarette,0 days,Did not smoke cigarettes,NA
1103610,2011,Did not ride a bicycle,NA,Yes,9 or 10 years old,All 30 days,2 to 5 cigarettes,TRUE
769709,2007,Sometimes wore a helmet,NA,Yes,11 or 12 years old,All 30 days,More than 20 cigarettes,NA
500638,2003,Rarely wore a helmet,NA,Yes,Never smoked a cigarette,0 days,Did not smoke cigarettes,NA
115182,1993,Never wore a helmet,NA,No,Never smoked a cigarette,0 days,Did not smoke cigarettes,NA
324367,1999,Never wore a helmet,NA,No,Never smoked a cigarette,0 days,Did not smoke cigarettes,NA
120058,1993,Never wore a helmet,NA,Yes,Never smoked a cigarette,0 days,Did not smoke cigarettes,NA
38935,1991,Never wore a helmet,NA,No,NA,0 days,Did not smoke cigarettes,NA
264935,1997,Never wore a helmet,NA,No,Never smoked a cigarette,0 days,Did not smoke cigarettes,NA
329454,1999,Did not ride a bicycle,NA,No,Never smoked a cigarette,0 days,Did not smoke cigarettes,NA
1312848,2013,Never wore a helmet,0 days,Yes,13 or 14 years old,0 days,Did not smoke cigarettes,FALSE
502017,2003,Never wore a helmet,NA,No,Never smoked a cigarette,0 days,Did not smoke cigarettes,NA
185546,1995,Never wore a helmet,NA,Yes,13 or 14 years old,0 days,Did not smoke cigarettes,NA
405696,2001,Never wore a helmet,NA,No,Never smoked a cigarette,0 days,Did not smoke cigarettes,NA
260979,1997,NA,NA,Yes,Never smoked a cigarette,0 days,Did not smoke cigarettes,NA
31113,1991,Never wore a helmet,NA,No,Never smoked a cigarette,0 days,Did not smoke cigarettes,NA
399995,2001,Never wore a helmet,NA,Yes,13 or 14 years old,10 to 19 days,2 to 5 cigarettes,NA
180469,1995,NA,NA,Yes,13 or 14 years old,1 or 2 days,2 to 5 cigarettes,NA
935703,2009,Did not ride a bicycle,NA,No,Never smoked a cigarette,0 days,Did not smoke cigarettes,TRUE
768586,2007,Never wore a helmet,NA,No,Never smoked a cigarette,0 days,Did not smoke cigarettes,NA
118263,1993,Never wore a helmet,NA,Yes,11 or 12 years old,All 30 days,2 to 5 cigarettes,NA
1305217,2013,Did not ride a bicycle,I did not drive the past 30 days,No,Never smoked a cigarette,0 days,Did not smoke cigarettes,TRUE
256226,1997,Most of the time wore a helmet,NA,No,Never smoked a cigarette,0 days,Did not smoke cigarettes,NA
1306261,2013,Never wore a helmet,I did not drive the past 30 days,No,Never smoked a cigarette,0 days,Did not smoke cigarettes,FALSE
1308073,2013,Never wore a helmet,I did not drive the past 30 days,Yes,17 years old or older,6 to 9 days,6 to 10 cigarettes,FALSE
1314308,2013,Rarely wore a helmet,10 to 19 days,No,Never smoked a cigarette,0 days,Did not smoke cigarettes,FALSE
30883,1991,Never wore a helmet,NA,Yes,13 or 14 years old,All 30 days,2 to 5 cigarettes,NA
631132,2005,Never wore a helmet,NA,No,Never smoked a cigarette,0 days,Did not smoke cigarettes,NA
41145,1991,NA,NA,No,Never smoked a cigarette,0 days,Did not smoke cigarettes,NA
405410,2001,Did not ride a bicycle,NA,Yes,13 or 14 years old,0 days,Did not smoke cigarettes,NA
1107699,2011,Never wore a helmet,NA,No,Never smoked a cigarette,0 days,Did not smoke cigarettes,FALSE
38535,1991,Always wore a helmet,NA,Yes,8 years old or younger,0 days,Did not smoke cigarettes,NA
188949,1995,Did not ride a bicycle,NA,Yes,11 or 12 years old,20 to 29 days,6 to 10 cigarettes,NA
628853,2005,Never wore a helmet,NA,No,Never smoked a cigarette,0 days,Did not smoke cigarettes,NA
327461,1999,Rarely wore a helmet,NA,NA,NA,0 days,Did not smoke cigarettes,NA
188387,1995,Never wore a helmet,NA,No,Never smoked a cigarette,0 days,Did not smoke cigarettes,NA
39842,1991,Never wore a helmet,NA,Yes,15 or 16 years old,NA,NA,NA
501447,2003,Never wore a helmet,NA,Yes,13 or 14 years old,6 to 9 days,1 cigarette,NA
258438,1997,Never wore a helmet,NA,Yes,11 or 12 years old,NA,NA,NA
1306512,2013,Never wore a helmet,0 days,No,Never smoked a cigarette,0 days,Did not smoke cigarettes,FALSE
117876,1993,Did not ride a bicycle,NA,Yes,15 or 16 years old,6 to 9 days,2 to 5 cigarettes,NA
189166,1995,Never wore a helmet,NA,Yes,9 or 10 years old,NA,NA,NA
332831,1999,NA,NA,No,Never smoked a cigarette,0 days,Did not smoke cigarettes,NA
119759,1993,Never wore a helmet,NA,Yes,13 or 14 years old,All 30 days,2 to 5 cigarettes,NA
331820,1999,Always wore a helmet,NA,No,Never smoked a cigarette,0 days,Did not smoke cigarettes,NA
116696,1993,NA,NA,No,Never smoked a cigarette,0 days,Did not smoke cigarettes,NA
768466,2007,Never wore a helmet,NA,Yes,Never smoked a cigarette,0 days,Did not smoke cigarettes,NA
501989,2003,Did not ride a bicycle,NA,No,Never smoked a cigarette,0 days,Did not smoke cigarettes,NA
334032,1999,Never wore a helmet,NA,Yes,15 or 16 years old,NA,NA,NA
638053,2005,Did not ride a bicycle,NA,Yes,8 years old or younger,0 days,Did not smoke cigarettes,NA
112270,1993,Did not ride a bicycle,NA,Yes,13 or 14 years old,10 to 19 days,2 to 5 cigarettes,NA
499530,2003,Most of the time wore a helmet,NA,No,Never smoked a cigarette,0 days,Did not smoke cigarettes,NA
772900,2007,Rarely wore a helmet,NA,No,Never smoked a cigarette,0 days,Did not smoke cigarettes,NA
760962,2007,Sometimes wore a helmet,NA,Yes,11 or 12 years old,0 days,Did not smoke cigarettes,NA
1312824,2013,Never wore a helmet,0 days,No,Never smoked a cigarette,0 days,Did not smoke cigarettes,FALSE
1307346,2013,Sometimes wore a helmet,I did not drive the past 30 days,No,Never smoked a cigarette,0 days,Did not smoke cigarettes,FALSE
510960,2003,Always wore a helmet,NA,Yes,15 or 16 years old,3 to 5 days,2 to 5 cigarettes,NA
397838,2001,Did not ride a bicycle,NA,No,Never smoked a cigarette,0 days,Did not smoke cigarettes,NA
935590,2009,Did not ride a bicycle,NA,No,Never smoked a cigarette,0 days,Did not smoke cigarettes,FALSE
1097863,2011,Did not ride a bicycle,NA,No,Never smoked a cigarette,0 days,Did not smoke cigarettes,FALSE
767569,2007,Never wore a helmet,NA,No,Never smoked a cigarette,0 days,Did not smoke cigarettes,NA
500416,2003,Did not ride a bicycle,NA,Yes,Never smoked a cigarette,0 days,Did not smoke cigarettes,NA
1094550,2011,Never wore a helmet,NA,NA,Never smoked a cigarette,0 days,NA,FALSE
767516,2007,Did not ride a bicycle,NA,Yes,NA,NA,NA,NA
40464,1991,Did not ride a bicycle,NA,Yes,11 or 12 years old,All 30 days,11 to 20 cigarettes,NA
397908,2001,NA,NA,No,Never smoked a cigarette,0 days,Did not smoke cigarettes,NA
258419,1997,NA,NA,No,Never smoked a cigarette,0 days,Did not smoke cigarettes,NA
638027,2005,Did not ride a bicycle,NA,Yes,9 or 10 years old,0 days,Did not smoke cigarettes,NA
42017,1991,Never wore a helmet,NA,Yes,11 or 12 years old,1 or 2 days,Less than 1 cigarette,NA
268305,1997,NA,NA,No,Never smoked a cigarette,0 days,Did not smoke cigarettes,NA
404603,2001,Did not ride a bicycle,NA,Yes,Never smoked a cigarette,0 days,Did not smoke cigarettes,NA
924409,2009,Rarely wore a helmet,NA,Yes,Never smoked a cigarette,0 days,Did not smoke cigarettes,FALSE
260812,1997,Always wore a helmet,NA,No,Never smoked a cigarette,0 days,Did not smoke cigarettes,NA
629348,2005,Never wore a helmet,NA,No,Never smoked a cigarette,0 days,Did not smoke cigarettes,NA
266593,1997,Never wore a helmet,NA,Yes,15 or 16 years old,6 to 9 days,2 to 5 cigarettes,NA
937644,2009,Rarely wore a helmet,NA,No,Never smoked a cigarette,0 days,Did not smoke cigarettes,FALSE
323010,1999,Did not ride a bicycle,NA,Yes,11 or 12 years old,0 days,Did not smoke cigarettes,NA
267292,1997,Rarely wore a helmet,NA,Yes,13 or 14 years old,0 days,Did not smoke cigarettes,NA
329287,1999,Never wore a helmet,NA,No,Never smoked a cigarette,0 days,Did not smoke cigarettes,NA
762314,2007,Did not ride a bicycle,NA,No,Never smoked a cigarette,0 days,Did not smoke cigarettes,NA
409267,2001,Never wore a helmet,NA,No,Never smoked a cigarette,0 days,Did not smoke cigarettes,NA
764079,2007,Did not ride a bicycle,NA,No,Never smoked a cigarette,0 days,Did not smoke cigarettes,NA
397358,2001,Never wore a helmet,NA,Yes,11 or 12 years old,6 to 9 days,1 cigarette,NA
262899,1997,Never wore a helmet,NA,Yes,13 or 14 years old,All 30 days,2 to 5 cigarettes,NA
638848,2005,Never wore a helmet,NA,Yes,9 or 10 years old,NA,NA,NA
1107285,2011,Never wore a helmet,NA,Yes,15 or 16 years old,NA,NA,TRUE
182585,1995,Always wore a helmet,NA,Yes,11 or 12 years old,0 days,Did not smoke cigarettes,NA
928810,2009,Always wore a helmet,NA,Yes,15 or 16 years old,0 days,Did not smoke cigarettes,FALSE
631118,2005,Did not ride a bicycle,NA,Yes,15 or 16 years old,0 days,Did not smoke cigarettes,NA
499589,2003,Rarely wore a helmet,NA,Yes,13 or 14 years old,1 or 2 days,Less than 1 cigarette,NA
257069,1997,NA,NA,Yes,NA,NA,Less than 1 cigarette,NA
40708,1991,Did not ride a bicycle,NA,No,Never smoked a cigarette,0 days,Did not smoke cigarettes,NA
509851,2003,Did not ride a bicycle,NA,Yes,15 or 16 years old,0 days,Did not smoke cigarettes,NA
30638,1991,NA,NA,No,Never smoked a cigarette,0 days,Did not smoke cigarettes,NA
760525,2007,Most of the time wore a helmet,NA,NA,NA,NA,NA,NA
398891,2001,Sometimes wore a helmet,NA,Yes,13 or 14 years old,20 to 29 days,2 to 5 cigarettes,NA
120624,1993,Did not ride a bicycle,NA,No,Never smoked a cigarette,0 days,Did not smoke cigarettes,NA
927090,2009,Never wore a helmet,NA,Yes,8 years old or younger,6 to 9 days,6 to 10 cigarettes,FALSE
1097989,2011,Sometimes wore a helmet,NA,No,Never smoked a cigarette,0 days,Did not smoke cigarettes,FALSE
763053,2007,Never wore a helmet,NA,Yes,NA,0 days,Did not smoke cigarettes,NA
936642,2009,Always wore a helmet,NA,No,Never smoked a cigarette,0 days,Did not smoke cigarettes,FALSE
1109278,2011,Always wore a helmet,NA,No,Never smoked a cigarette,0 days,Did not smoke cigarettes,FALSE
189561,1995,Never wore a helmet,NA,NA,NA,1 or 2 days,1 cigarette,NA
114807,1993,Never wore a helmet,NA,Yes,15 or 16 years old,10 to 19 days,Less than 1 cigarette,NA
114683,1993,Never wore a helmet,NA,No,Never smoked a cigarette,0 days,Did not smoke cigarettes,NA
923612,2009,Never wore a helmet,NA,Yes,13 or 14 years old,0 days,Did not smoke cigarettes,TRUE
1104921,2011,Did not ride a bicycle,NA,No,Never smoked a cigarette,0 days,Did not smoke cigarettes,FALSE
768785,2007,Did not ride a bicycle,NA,Yes,11 or 12 years old,1 or 2 days,Less than 1 cigarette,NA
928596,2009,NA,NA,No,Never smoked a cigarette,0 days,Did not smoke cigarettes,NA
407796,2001,Sometimes wore a helmet,NA,No,Never smoked a cigarette,0 days,Did not smoke cigarettes,NA
262415,1997,Never wore a helmet,NA,No,Never smoked a cigarette,0 days,Did not smoke cigarettes,NA
42502,1991,Did not ride a bicycle,NA,Yes,17 years old or older,20 to 29 days,1 cigarette,NA
190569,1995,NA,NA,Yes,9 or 10 years old,0 days,Did not smoke cigarettes,NA
399303,2001,Rarely wore a helmet,NA,No,Never smoked a cigarette,0 days,Did not smoke cigarettes,NA
407698,2001,Did not ride a bicycle,NA,No,Never smoked a cigarette,0 days,Did not smoke cigarettes,NA
41724,1991,Did not ride a bicycle,NA,No,Never smoked a cigarette,0 days,Did not smoke cigarettes,NA
635941,2005,Did not ride a bicycle,NA,Yes,11 or 12 years old,0 days,Did not smoke cigarettes,NA
772014,2007,Did not ride a bicycle,NA,No,Never smoked a cigarette,0 days,Did not smoke cigarettes,NA
396703,2001,Never wore a helmet,NA,No,Never smoked a cigarette,0 days,Did not smoke cigarettes,NA
930138,2009,NA,NA,Yes,17 years old or older,0 days,Did not smoke cigarettes,NA
931071,2009,Never wore a helmet,NA,Yes,13 or 14 years old,0 days,Did not smoke cigarettes,TRUE
633176,2005,Did not ride a bicycle,NA,No,Never smoked a cigarette,0 days,Did not smoke cigarettes,NA
115710,1993,Did not ride a bicycle,NA,Yes,11 or 12 years old,0 days,Did not smoke cigarettes,NA
110147,1993,Did not ride a bicycle,NA,Yes,8 years old or younger,All 30 days,More than 20 cigarettes,NA
330572,1999,Did not ride a bicycle,NA,No,Never smoked a cigarette,0 days,Did not smoke cigarettes,NA
41534,1991,Did not ride a bicycle,NA,Yes,Never smoked a cigarette,0 days,Did not smoke cigarettes,NA
504007,2003,Did not ride a bicycle,NA,No,Never smoked a cigarette,0 days,Did not smoke cigarettes,NA
761588,2007,Never wore a helmet,NA,No,Never smoked a cigarette,0 days,Did not smoke cigarettes,NA
634570,2005,Never wore a helmet,NA,No,Never smoked a cigarette,0 days,Did not smoke cigarettes,NA
122195,1993,Did not ride a bicycle,NA,Yes,9 or 10 years old,0 days,Did not smoke cigarettes,NA
930645,2009,Never wore a helmet,NA,No,Never smoked a cigarette,0 days,Did not smoke cigarettes,TRUE
42551,1991,Never wore a helmet,NA,Yes,Never smoked a cigarette,0 days,Did not smoke cigarettes,NA
639975,2005,Never wore a helmet,NA,No,Never smoked a cigarette,0 days,Did not smoke cigarettes,NA
188444,1995,Did not ride a bicycle,NA,Yes,Never smoked a cigarette,0 days,Did not smoke cigarettes,NA
635809,2005,Did not ride a bicycle,NA,NA,NA,0 days,Did not smoke cigarettes,NA
932832,2009,NA,NA,No,Never smoked a cigarette,0 days,Did not smoke cigarettes,NA
117073,1993,Most of the time wore a helmet,NA,Yes,9 or 10 years old,0 days,Did not smoke cigarettes,NA
502703,2003,Did not ride a bicycle,NA,No,Never smoked a cigarette,0 days,Did not smoke cigarettes,NA
934625,2009,Sometimes wore a helmet,NA,No,Never smoked a cigarette,0 days,Did not smoke cigarettes,TRUE
499329,2003,Never wore a helmet,NA,Yes,11 or 12 years old,0 days,Did not smoke cigarettes,NA
326125,1999,Did not ride a bicycle,NA,Yes,8 years old or younger,0 days,Did not smoke cigarettes,NA
256471,1997,Never wore a helmet,NA,Yes,15 or 16 years old,3 to 5 days,2 to 5 cigarettes,NA
321995,1999,NA,NA,No,Never smoked a cigarette,0 days,Did not smoke cigarettes,NA
109750,1993,Rarely wore a helmet,NA,No,Never smoked a cigarette,0 days,Did not smoke cigarettes,NA
1107282,2011,Never wore a helmet,NA,No,Never smoked a cigarette,0 days,Did not smoke cigarettes,FALSE
188256,1995,Did not ride a bicycle,NA,Yes,13 or 14 years old,All 30 days,11 to 20 cigarettes,NA
187179,1995,Rarely wore a helmet,NA,No,Never smoked a cigarette,0 days,Did not smoke cigarettes,NA
189556,1995,Did not ride a bicycle,NA,Yes,Never smoked a cigarette,0 days,Did not smoke cigarettes,NA
186951,1995,Never wore a helmet,NA,No,Never smoked a cigarette,0 days,Did not smoke cigarettes,NA
636173,2005,Never wore a helmet,NA,No,Never smoked a cigarette,0 days,Did not smoke cigarettes,NA
1104026,2011,Did not ride a bicycle,NA,No,Never smoked a cigarette,0 days,Did not smoke cigarettes,TRUE
1308037,2013,Never wore a helmet,NA,Yes,15 or 16 years old,All 30 days,2 to 5 cigarettes,TRUE
186007,1995,Most of the time wore a helmet,NA,Yes,11 or 12 years old,10 to 19 days,2 to 5 cigarettes,NA
922663,2009,Did not ride a bicycle,NA,No,Never smoked a cigarette,0 days,Did not smoke cigarettes,TRUE
32680,1991,Never wore a helmet,NA,Yes,Never smoked a cigarette,0 days,Did not smoke cigarettes,NA
268812,1997,Rarely wore a helmet,NA,No,Never smoked a cigarette,0 days,Did not smoke cigarettes,NA
1310935,2013,Never wore a helmet,I did not drive the past 30 days,Yes,13 or 14 years old,0 days,Did not smoke cigarettes,FALSE
639881,2005,Never wore a helmet,NA,No,Never smoked a cigarette,0 days,Did not smoke cigarettes,NA
1106760,2011,Did not ride a bicycle,NA,NA,15 or 16 years old,NA,NA,FALSE
767957,2007,Never wore a helmet,NA,Yes,11 or 12 years old,0 days,Did not smoke cigarettes,NA
34602,1991,Never wore a helmet,NA,Yes,13 or 14 years old,All 30 days,11 to 20 cigarettes,NA
40650,1991,Never wore a helmet,NA,No,Never smoked a cigarette,0 days,Did not smoke cigarettes,NA
1099190,2011,Never wore a helmet,NA,No,Never smoked a cigarette,0 days,Did not smoke cigarettes,FALSE
1305382,2013,Did not ride a bicycle,I did not drive the past 30 days,No,Never smoked a cigarette,0 days,Did not smoke cigarettes,FALSE
189663,1995,Did not ride a bicycle,NA,Yes,13 or 14 years old,0 days,Did not smoke cigarettes,NA
187421,1995,Did not ride a bicycle,NA,NA,Never smoked a cigarette,0 days,Did not smoke cigarettes,NA
32451,1991,Never wore a helmet,NA,Yes,Never smoked a cigarette,0 days,Did not smoke cigarettes,NA
502375,2003,Did not ride a bicycle,NA,No,Never smoked a cigarette,0 days,Did not smoke cigarettes,NA
640357,2005,Did not ride a bicycle,NA,NA,15 or 16 years old,10 to 19 days,2 to 5 cigarettes,NA
184217,1995,Did not ride a bicycle,NA,Yes,Never smoked a cigarette,0 days,Did not smoke cigarettes,NA
1310518,2013,Never wore a helmet,0 days,No,Never smoked a cigarette,0 days,Did not smoke cigarettes,FALSE
185907,1995,Never wore a helmet,NA,Yes,11 or 12 years old,0 days,Did not smoke cigarettes,NA
1310010,2013,Never wore a helmet,1 or 2 days,Yes,11 or 12 years old,0 days,Did not smoke cigarettes,FALSE
34824,1991,Never wore a helmet,NA,Yes,13 or 14 years old,0 days,Did not smoke cigarettes,NA
332796,1999,Did not ride a bicycle,NA,Yes,11 or 12 years old,0 days,Did not smoke cigarettes,NA
189438,1995,Did not ride a bicycle,NA,NA,Never smoked a cigarette,0 days,Did not smoke cigarettes,NA
261915,1997,Never wore a helmet,NA,Yes,15 or 16 years old,0 days,Did not smoke cigarettes,NA
408237,2001,Sometimes wore a helmet,NA,No,Never smoked a cigarette,0 days,Did not smoke cigarettes,NA
773912,2007,Never wore a helmet,NA,Yes,Never smoked a cigarette,0 days,Did not smoke cigarettes,NA
186393,1995,Never wore a helmet,NA,Yes,13 or 14 years old,All 30 days,2 to 5 cigarettes,NA
631951,2005,Sometimes wore a helmet,NA,NA,Never smoked a cigarette,0 days,Did not smoke cigarettes,NA
113932,1993,Never wore a helmet,NA,No,Never smoked a cigarette,0 days,Did not smoke cigarettes,NA
34250,1991,Never wore a helmet,NA,Yes,15 or 16 years old,0 days,Did not smoke cigarettes,NA
1103208,2011,Did not ride a bicycle,NA,No,Never smoked a cigarette,0 days,Did not smoke cigarettes,FALSE
767291,2007,Did not ride a bicycle,NA,Yes,17 years old or older,0 days,Did not smoke cigarettes,NA
115981,1993,Did not ride a bicycle,NA,Yes,13 or 14 years old,0 days,Did not smoke cigarettes,NA
773476,2007,Most of the time wore a helmet,NA,No,Never smoked a cigarette,0 days,Did not smoke cigarettes,NA
637219,2005,Always wore a helmet,NA,No,Never smoked a cigarette,0 days,Did not smoke cigarettes,NA
41848,1991,Did not ride a bicycle,NA,Yes,13 or 14 years old,20 to 29 days,2 to 5 cigarettes,NA
117853,1993,Never wore a helmet,NA,No,Never smoked a cigarette,0 days,Did not smoke cigarettes,NA
926913,2009,Never wore a helmet,NA,No,Never smoked a cigarette,0 days,Did not smoke cigarettes,FALSE
630729,2005,Never wore a helmet,NA,No,Never smoked a cigarette,0 days,Did not smoke cigarettes,NA
639234,2005,Rarely wore a helmet,NA,No,Never smoked a cigarette,0 days,Did not smoke cigarettes,NA
922545,2009,Sometimes wore a helmet,NA,Yes,11 or 12 years old,NA,NA,TRUE
403919,2001,Did not ride a bicycle,NA,Yes,13 or 14 years old,0 days,Did not smoke cigarettes,NA
324985,1999,Did not ride a bicycle,NA,Yes,11 or 12 years old,0 days,Did not smoke cigarettes,NA
507761,2003,Did not ride a bicycle,NA,Yes,13 or 14 years old,0 days,Did not smoke cigarettes,NA
762108,2007,Most of the time wore a helmet,NA,Yes,Never smoked a cigarette,0 days,Did not smoke cigarettes,NA
770517,2007,Did not ride a bicycle,NA,No,Never smoked a cigarette,0 days,Did not smoke cigarettes,NA
760975,2007,Did not ride a bicycle,NA,Yes,13 or 14 years old,0 days,Did not smoke cigarettes,NA
635696,2005,Most of the time wore a helmet,NA,No,Never smoked a cigarette,0 days,Did not smoke cigarettes,NA
407589,2001,Did not ride a bicycle,NA,Yes,11 or 12 years old,0 days,Did not smoke cigarettes,NA
37032,1991,Did not ride a bicycle,NA,No,Never smoked a cigarette,0 days,Did not smoke cigarettes,NA
1315359,2013,Always wore a helmet,I did not drive the past 30 days,No,Never smoked a cigarette,0 days,Did not smoke cigarettes,FALSE
499594,2003,Rarely wore a helmet,NA,No,Never smoked a cigarette,0 days,Did not smoke cigarettes,NA
935105,2009,Never wore a helmet,NA,No,Never smoked a cigarette,0 days,Did not smoke cigarettes,FALSE
328459,1999,Did not ride a bicycle,NA,Yes,17 years old or older,0 days,Did not smoke cigarettes,NA
1098391,2011,Never wore a helmet,NA,No,Never smoked a cigarette,0 days,Did not smoke cigarettes,FALSE
935453,2009,Did not ride a bicycle,NA,Yes,15 or 16 years old,20 to 29 days,2 to 5 cigarettes,FALSE
180650,1995,Never wore a helmet,NA,Yes,Never smoked a cigarette,0 days,Did not smoke cigarettes,NA
186599,1995,Did not ride a bicycle,NA,No,Never smoked a cigarette,0 days,Did not smoke cigarettes,NA
402860,2001,Did not ride a bicycle,NA,Yes,11 or 12 years old,NA,NA,NA
1316821,2013,Never wore a helmet,20 to 29 days,Yes,15 or 16 years old,1 or 2 days,1 cigarette,FALSE
769976,2007,Did not ride a bicycle,NA,Yes,13 or 14 years old,0 days,Did not smoke cigarettes,NA
32422,1991,Never wore a helmet,NA,Yes,13 or 14 years old,10 to 19 days,2 to 5 cigarettes,NA
333936,1999,Did not ride a bicycle,NA,Yes,13 or 14 years old,All 30 days,2 to 5 cigarettes,NA
256888,1997,Never wore a helmet,NA,Yes,8 years old or younger,6 to 9 days,Less than 1 cigarette,NA
333544,1999,Did not ride a bicycle,NA,Yes,17 years old or older,0 days,Did not smoke cigarettes,NA
184947,1995,Never wore a helmet,NA,Yes,15 or 16 years old,All 30 days,6 to 10 cigarettes,NA
397255,2001,Never wore a helmet,NA,No,Never smoked a cigarette,0 days,Did not smoke cigarettes,NA
1103176,2011,Never wore a helmet,NA,No,NA,0 days,Did not smoke cigarettes,FALSE
323807,1999,Never wore a helmet,NA,Yes,15 or 16 years old,All 30 days,2 to 5 cigarettes,NA
928594,2009,NA,NA,Yes,13 or 14 years old,20 to 29 days,2 to 5 cigarettes,NA
183361,1995,Never wore a helmet,NA,No,Never smoked a cigarette,0 days,Did not smoke cigarettes,NA
189592,1995,Did not ride a bicycle,NA,Yes,15 or 16 years old,All 30 days,6 to 10 cigarettes,NA
924457,2009,Always wore a helmet,NA,No,Never smoked a cigarette,0 days,Did not smoke cigarettes,FALSE
508351,2003,Never wore a helmet,NA,No,Never smoked a cigarette,0 days,Did not smoke cigarettes,NA
500734,2003,Did not ride a bicycle,NA,No,Never smoked a cigarette,0 days,Did not smoke cigarettes,NA
774367,2007,Always wore a helmet,NA,No,Never smoked a cigarette,0 days,Did not smoke cigarettes,NA
409105,2001,Never wore a helmet,NA,No,Never smoked a cigarette,0 days,Did not smoke cigarettes,NA
924287,2009,Rarely wore a helmet,NA,Yes,8 years old or younger,0 days,Did not smoke cigarettes,TRUE
765810,2007,Sometimes wore a helmet,NA,No,Never smoked a cigarette,0 days,Did not smoke cigarettes,NA
768834,2007,Sometimes wore a helmet,NA,No,Never smoked a cigarette,0 days,Did not smoke cigarettes,NA
1106019,2011,Did not ride a bicycle,NA,No,Never smoked a cigarette,0 days,Did not smoke cigarettes,TRUE
930865,2009,Rarely wore a helmet,NA,Yes,13 or 14 years old,6 to 9 days,1 cigarette,TRUE
507061,2003,Did not ride a bicycle,NA,Yes,13 or 14 years old,0 days,Did not smoke cigarettes,NA
504101,2003,Never wore a helmet,NA,Yes,Never smoked a cigarette,0 days,Did not smoke cigarettes,NA
36458,1991,Did not ride a bicycle,NA,Yes,13 or 14 years old,0 days,Did not smoke cigarettes,NA
399958,2001,Never wore a helmet,NA,Yes,Never smoked a cigarette,0 days,Did not smoke cigarettes,NA
332823,1999,Did not ride a bicycle,NA,No,Never smoked a cigarette,0 days,Did not smoke cigarettes,NA
637284,2005,Did not ride a bicycle,NA,Yes,Never smoked a cigarette,0 days,Did not smoke cigarettes,NA
324949,1999,Never wore a helmet,NA,Yes,8 years old or younger,20 to 29 days,6 to 10 cigarettes,NA
928983,2009,Rarely wore a helmet,NA,No,Never smoked a cigarette,0 days,Did not smoke cigarettes,FALSE
322725,1999,Always wore a helmet,NA,No,Never smoked a cigarette,0 days,Did not smoke cigarettes,NA
1310280,2013,Did not ride a bicycle,1 or 2 days,No,Never smoked a cigarette,0 days,Did not smoke cigarettes,FALSE
121266,1993,Never wore a helmet,NA,No,Never smoked a cigarette,0 days,Did not smoke cigarettes,NA
268678,1997,Never wore a helmet,NA,No,Never smoked a cigarette,0 days,Did not smoke cigarettes,NA
503701,2003,Did not ride a bicycle,NA,No,Never smoked a cigarette,0 days,Did not smoke cigarettes,NA
398317,2001,Sometimes wore a helmet,NA,Yes,Never smoked a cigarette,0 days,Did not smoke cigarettes,NA
271056,1997,Never wore a helmet,NA,No,Never smoked a cigarette,0 days,Did not smoke cigarettes,NA
501020,2003,Never wore a helmet,NA,No,Never smoked a cigarette,0 days,Did not smoke cigarettes,NA
262624,1997,Never wore a helmet,NA,Yes,9 or 10 years old,3 to 5 days,Less than 1 cigarette,NA
1103183,2011,Never wore a helmet,NA,No,Never smoked a cigarette,0 days,Did not smoke cigarettes,FALSE
187654,1995,Did not ride a bicycle,NA,Yes,13 or 14 years old,0 days,Did not smoke cigarettes,NA
502577,2003,Did not ride a bicycle,NA,No,Never smoked a cigarette,0 days,Did not smoke cigarettes,NA
113609,1993,Never wore a helmet,NA,Yes,9 or 10 years old,20 to 29 days,2 to 5 cigarettes,NA
187767,1995,Never wore a helmet,NA,No,Never smoked a cigarette,0 days,Did not smoke cigarettes,NA
257793,1997,NA,NA,No,Never smoked a cigarette,0 days,Did not smoke cigarettes,NA
260275,1997,Never wore a helmet,NA,Yes,9 or 10 years old,All 30 days,2 to 5 cigarettes,NA
329841,1999,Did not ride a bicycle,NA,Yes,11 or 12 years old,3 to 5 days,2 to 5 cigarettes,NA
936977,2009,Did not ride a bicycle,NA,NA,NA,0 days,NA,NA
258217,1997,Did not ride a bicycle,NA,No,Never smoked a cigarette,0 days,Did not smoke cigarettes,NA
40302,1991,Never wore a helmet,NA,No,Never smoked a cigarette,0 days,Did not smoke cigarettes,NA
1316522,2013,Never wore a helmet,1 or 2 days,Yes,Never smoked a cigarette,0 days,Did not smoke cigarettes,FALSE
270773,1997,Did not ride a bicycle,NA,Yes,17 years old or older,0 days,Did not smoke cigarettes,NA
1106376,2011,Did not ride a bicycle,NA,NA,Never smoked a cigarette,0 days,NA,FALSE
325880,1999,Never wore a helmet,NA,Yes,13 or 14 years old,1 or 2 days,Less than 1 cigarette,NA
402520,2001,Always wore a helmet,NA,No,Never smoked a cigarette,0 days,Did not smoke cigarettes,NA
405520,2001,Did not ride a bicycle,NA,No,Never smoked a cigarette,0 days,Did not smoke cigarettes,NA
1314799,2013,Did not ride a bicycle,I did not drive the past 30 days,No,Never smoked a cigarette,0 days,Did not smoke cigarettes,FALSE
182853,1995,Did not ride a bicycle,NA,No,Never smoked a cigarette,0 days,Did not smoke cigarettes,NA
499534,2003,Never wore a helmet,NA,Yes,Never smoked a cigarette,0 days,Did not smoke cigarettes,NA
1315284,2013,Did not ride a bicycle,0 days,Yes,Never smoked a cigarette,0 days,Did not smoke cigarettes,FALSE
1306258,2013,Most of the time wore a helmet,0 days,Yes,Never smoked a cigarette,0 days,Did not smoke cigarettes,FALSE
116567,1993,Never wore a helmet,NA,No,Never smoked a cigarette,0 days,Did not smoke cigarettes,NA
932639,2009,Did not ride a bicycle,NA,No,Never smoked a cigarette,0 days,Did not smoke cigarettes,FALSE
121972,1993,Never wore a helmet,NA,Yes,11 or 12 years old,0 days,Did not smoke cigarettes,NA
1306248,2013,Never wore a helmet,10 to 19 days,No,Never smoked a cigarette,0 days,Did not smoke cigarettes,FALSE
33681,1991,Did not ride a bicycle,NA,Yes,11 or 12 years old,6 to 9 days,2 to 5 cigarettes,NA
256545,1997,Never wore a helmet,NA,No,Never smoked a cigarette,0 days,Did not smoke cigarettes,NA
108003,1993,Rarely wore a helmet,NA,Yes,9 or 10 years old,0 days,Did not smoke cigarettes,NA
503914,2003,Did not ride a bicycle,NA,No,Never smoked a cigarette,0 days,Did not smoke cigarettes,NA
1109214,2011,Did not ride a bicycle,NA,NA,NA,NA,NA,TRUE
335903,1999,Did not ride a bicycle,NA,Yes,NA,0 days,Did not smoke cigarettes,NA
632789,2005,Never wore a helmet,NA,No,Never smoked a cigarette,0 days,Did not smoke cigarettes,NA
328086,1999,Did not ride a bicycle,NA,Yes,17 years old or older,1 or 2 days,1 cigarette,NA
1308052,2013,Never wore a helmet,20 to 29 days,Yes,15 or 16 years old,1 or 2 days,Less than 1 cigarette,TRUE
405829,2001,Did not ride a bicycle,NA,Yes,13 or 14 years old,6 to 9 days,6 to 10 cigarettes,NA
632674,2005,Did not ride a bicycle,NA,Yes,Never smoked a cigarette,NA,NA,NA
1306624,2013,Never wore a helmet,10 to 19 days,Yes,15 or 16 years old,0 days,Did not smoke cigarettes,FALSE
512070,2003,Always wore a helmet,NA,No,Never smoked a cigarette,0 days,Did not smoke cigarettes,NA
924661,2009,Did not ride a bicycle,NA,NA,NA,0 days,Did not smoke cigarettes,FALSE
408871,2001,Never wore a helmet,NA,No,Never smoked a cigarette,0 days,Did not smoke cigarettes,NA
500138,2003,Never wore a helmet,NA,No,Never smoked a cigarette,0 days,Did not smoke cigarettes,NA
335941,1999,Did not ride a bicycle,NA,Yes,17 years old or older,All 30 days,6 to 10 cigarettes,NA
115539,1993,Did not ride a bicycle,NA,Yes,11 or 12 years old,NA,NA,NA
109908,1993,Never wore a helmet,NA,No,Never smoked a cigarette,0 days,Did not smoke cigarettes,NA
187084,1995,Never wore a helmet,NA,NA,Never smoked a cigarette,0 days,Did not smoke cigarettes,NA
500145,2003,Sometimes wore a helmet,NA,No,Never smoked a cigarette,0 days,Did not smoke cigarettes,NA
1102706,2011,Never wore a helmet,NA,Yes,11 or 12 years old,1 or 2 days,Less than 1 cigarette,TRUE
1313727,2013,Did not ride a bicycle,1 or 2 days,No,Never smoked a cigarette,0 days,Did not smoke cigarettes,FALSE
504129,2003,Did not ride a bicycle,NA,Yes,Never smoked a cigarette,0 days,Did not smoke cigarettes,NA
182341,1995,Never wore a helmet,NA,Yes,15 or 16 years old,NA,NA,NA
324161,1999,Sometimes wore a helmet,NA,NA,NA,0 days,Did not smoke cigarettes,NA
31375,1991,Most of the time wore a helmet,NA,No,Never smoked a cigarette,0 days,Did not smoke cigarettes,NA
326066,1999,Never wore a helmet,NA,Yes,Never smoked a cigarette,0 days,Did not smoke cigarettes,NA
511626,2003,Did not ride a bicycle,NA,Yes,Never smoked a cigarette,0 days,Did not smoke cigarettes,NA
1106652,2011,Sometimes wore a helmet,NA,Yes,NA,0 days,Did not smoke cigarettes,FALSE
182452,1995,NA,NA,Yes,11 or 12 years old,0 days,Did not smoke cigarettes,NA
927598,2009,Did not ride a bicycle,NA,No,Never smoked a cigarette,0 days,Did not smoke cigarettes,FALSE
42627,1991,NA,NA,Yes,11 or 12 years old,NA,NA,NA
509757,2003,Never wore a helmet,NA,Yes,11 or 12 years old,0 days,Did not smoke cigarettes,NA
511814,2003,Rarely wore a helmet,NA,No,Never smoked a cigarette,0 days,Did not smoke cigarettes,NA
1109056,2011,Rarely wore a helmet,NA,Yes,Never smoked a cigarette,0 days,Did not smoke cigarettes,FALSE
763480,2007,Never wore a helmet,NA,No,Never smoked a cigarette,0 days,Did not smoke cigarettes,NA
258222,1997,Did not ride a bicycle,NA,No,Never smoked a cigarette,0 days,Did not smoke cigarettes,NA
766376,2007,Never wore a helmet,NA,No,Never smoked a cigarette,0 days,Did not smoke cigarettes,NA
506629,2003,Never wore a helmet,NA,Yes,8 years old or younger,10 to 19 days,2 to 5 cigarettes,NA
183731,1995,Did not ride a bicycle,NA,Yes,8 years old or younger,0 days,Did not smoke cigarettes,NA
760678,2007,Never wore a helmet,NA,No,Never smoked a cigarette,0 days,Did not smoke cigarettes,NA
1310492,2013,Did not ride a bicycle,I did not drive the past 30 days,No,Never smoked a cigarette,0 days,Did not smoke cigarettes,TRUE
633434,2005,Did not ride a bicycle,NA,No,Never smoked a cigarette,0 days,Did not smoke cigarettes,NA
270472,1997,Never wore a helmet,NA,No,Never smoked a cigarette,0 days,Did not smoke cigarettes,NA
122274,1993,NA,NA,No,Never smoked a cigarette,0 days,Did not smoke cigarettes,NA
263739,1997,Rarely wore a helmet,NA,Yes,13 or 14 years old,0 days,Did not smoke cigarettes,NA
266388,1997,Never wore a helmet,NA,Yes,15 or 16 years old,0 days,Did not smoke cigarettes,NA
1308979,2013,Never wore a helmet,0 days,Yes,15 or 16 years old,All 30 days,2 to 5 cigarettes,FALSE
1108946,2011,Did not ride a bicycle,NA,No,Never smoked a cigarette,0 days,Did not smoke cigarettes,FALSE
1097314,2011,Did not ride a bicycle,NA,Yes,13 or 14 years old,1 or 2 days,1 cigarette,FALSE
500547,2003,Always wore a helmet,NA,Yes,Never smoked a cigarette,0 days,Did not smoke cigarettes,NA
119958,1993,Never wore a helmet,NA,Yes,15 or 16 years old,0 days,Did not smoke cigarettes,NA
258493,1997,Never wore a helmet,NA,Yes,Never smoked a cigarette,0 days,Did not smoke cigarettes,NA
642326,2005,Did not ride a bicycle,NA,No,Never smoked a cigarette,0 days,Did not smoke cigarettes,NA
630094,2005,Did not ride a bicycle,NA,No,Never smoked a cigarette,0 days,Did not smoke cigarettes,NA
1313551,2013,Never wore a helmet,All 30 days,Yes,15 or 16 years old,3 to 5 days,2 to 5 cigarettes,FALSE
1313825,2013,Did not ride a bicycle,10 to 19 days,No,Never smoked a cigarette,0 days,Did not smoke cigarettes,FALSE
506263,2003,Did not ride a bicycle,NA,No,Never smoked a cigarette,0 days,Did not smoke cigarettes,NA
503816,2003,Never wore a helmet,NA,Yes,13 or 14 years old,0 days,Did not smoke cigarettes,NA
113261,1993,Most of the time wore a helmet,NA,Yes,15 or 16 years old,3 to 5 days,2 to 5 cigarettes,NA
636903,2005,Never wore a helmet,NA,Yes,Never smoked a cigarette,0 days,Did not smoke cigarettes,NA
928438,2009,Never wore a helmet,NA,Yes,17 years old or older,0 days,Did not smoke cigarettes,TRUE
1310219,2013,Did not ride a bicycle,3 to 5 days,No,Never smoked a cigarette,0 days,Did not smoke cigarettes,FALSE
771759,2007,Never wore a helmet,NA,Yes,Never smoked a cigarette,0 days,Did not smoke cigarettes,NA
505725,2003,Never wore a helmet,NA,No,Never smoked a cigarette,0 days,Did not smoke cigarettes,NA
262890,1997,NA,NA,Yes,17 years old or older,1 or 2 days,1 cigarette,NA
1095411,2011,Did not ride a bicycle,NA,Yes,9 or 10 years old,1 or 2 days,Less than 1 cigarette,TRUE
122140,1993,Never wore a helmet,NA,Yes,Never smoked a cigarette,0 days,Did not smoke cigarettes,NA
42476,1991,Did not ride a bicycle,NA,Yes,17 years old or older,0 days,Did not smoke cigarettes,NA
328667,1999,Never wore a helmet,NA,No,Never smoked a cigarette,0 days,Did not smoke cigarettes,NA
111905,1993,Did not ride a bicycle,NA,Yes,Never smoked a cigarette,0 days,Did not smoke cigarettes,NA
115013,1993,Always wore a helmet,NA,No,Never smoked a cigarette,0 days,Did not smoke cigarettes,NA
112192,1993,Did not ride a bicycle,NA,No,Never smoked a cigarette,0 days,Did not smoke cigarettes,NA
1108361,2011,Did not ride a bicycle,NA,NA,Never smoked a cigarette,0 days,NA,FALSE
929473,2009,Rarely wore a helmet,NA,Yes,11 or 12 years old,All 30 days,More than 20 cigarettes,FALSE
111346,1993,Always wore a helmet,NA,Yes,8 years old or younger,20 to 29 days,2 to 5 cigarettes,NA
323117,1999,Never wore a helmet,NA,Yes,Never smoked a cigarette,0 days,Did not smoke cigarettes,NA
635080,2005,Most of the time wore a helmet,NA,No,Never smoked a cigarette,0 days,Did not smoke cigarettes,NA
769634,2007,Rarely wore a helmet,NA,No,Never smoked a cigarette,0 days,Did not smoke cigarettes,NA
504994,2003,Did not ride a bicycle,NA,Yes,11 or 12 years old,All 30 days,6 to 10 cigarettes,NA
1307362,2013,Rarely wore a helmet,0 days,No,Never smoked a cigarette,0 days,Did not smoke cigarettes,FALSE
766446,2007,Did not ride a bicycle,NA,Yes,Never smoked a cigarette,0 days,Did not smoke cigarettes,NA
39092,1991,Never wore a helmet,NA,Yes,Never smoked a cigarette,0 days,Did not smoke cigarettes,NA
926475,2009,Did not ride a bicycle,NA,No,Never smoked a cigarette,0 days,Did not smoke cigarettes,FALSE
